road_length,num_vehicles,density,requested_av_share,realised_av_share,seed,step,mean_speed,stopped_fraction,speed_std,disturbance_active,disturbed_vehicle_speed,traffic_flow
200,40,0.2,0.0,0.0,1,1,2.9,0.25,2.009975124224178,False,4,0.58
200,40,0.2,0.0,0.0,1,2,2.75,0.275,1.984313483298443,False,4,0.55
200,40,0.2,0.0,0.0,1,3,2.775,0.275,2.0431287282009425,False,5,0.555
200,40,0.2,0.0,0.0,1,4,2.625,0.25,1.945347012746055,False,5,0.525
200,40,0.2,0.0,0.0,1,5,2.4,0.3,1.9209372712298547,False,5,0.48
200,40,0.2,0.0,0.0,1,6,2.45,0.275,1.9868316486305526,False,4,0.49000000000000005
200,40,0.2,0.0,0.0,1,7,2.35,0.3,1.9817921182606413,False,4,0.47000000000000003
200,40,0.2,0.0,0.0,1,8,2.35,0.25,1.9176808910765106,False,5,0.47000000000000003
200,40,0.2,0.0,0.0,1,9,2.275,0.25,1.8572493101358256,False,4,0.455
200,40,0.2,0.0,0.0,1,10,2.45,0.3,2.0242282479997162,False,5,0.49000000000000005
200,40,0.2,0.0,0.0,1,11,2.5,0.25,1.91049731745428,False,4,0.5
200,40,0.2,0.0,0.0,1,12,2.575,0.25,2.035773808653604,False,4,0.515
200,40,0.2,0.0,0.0,1,13,2.625,0.275,2.129407194502733,False,1,0.525
200,40,0.2,0.0,0.0,1,14,2.425,0.325,2.072287383545053,False,0,0.485
200,40,0.2,0.0,0.0,1,15,2.475,0.25,1.9491985532520795,False,0,0.49500000000000005
200,40,0.2,0.0,0.0,1,16,2.625,0.25,1.945347012746055,False,0,0.525
200,40,0.2,0.0,0.0,1,17,2.675,0.25,1.9285681216902866,False,0,0.535
200,40,0.2,0.0,0.0,1,18,2.7,0.3,2.0639767440550294,False,0,0.54
200,40,0.2,0.0,0.0,1,19,2.775,0.275,2.0431287282009425,False,0,0.555
200,40,0.2,0.0,0.0,1,20,2.925,0.25,2.0662465970933868,False,1,0.585
200,40,0.2,0.0,0.0,1,21,2.875,0.25,2.027159342528357,False,1,0.5750000000000001
200,40,0.2,0.0,0.0,1,22,2.825,0.25,2.0110631516687882,False,2,0.5650000000000001
200,40,0.2,0.0,0.0,1,23,2.95,0.25,2.0609463845524947,False,3,0.5900000000000001
200,40,0.2,0.0,0.0,1,24,3.05,0.225,2.0850659461993044,False,4,0.61
200,40,0.2,0.0,0.0,1,25,2.9,0.225,2.0223748416156684,False,4,0.58
200,40,0.2,0.0,0.0,1,26,2.95,0.175,1.8967076738390658,False,5,0.5900000000000001
200,40,0.2,0.0,0.0,1,27,2.825,0.25,1.9860450649469161,False,5,0.5650000000000001
200,40,0.2,0.0,0.0,1,28,2.825,0.25,2.084316434709471,False,5,0.5650000000000001
200,40,0.2,0.0,0.0,1,29,2.65,0.25,2.056088519495209,False,5,0.53
200,40,0.2,0.0,0.0,1,30,2.725,0.2,1.8839785030620706,False,5,0.545
200,40,0.2,0.0,0.0,1,31,2.75,0.2,1.9332614929181204,False,5,0.55
200,40,0.2,0.0,0.0,1,32,2.65,0.225,1.904599695474091,False,5,0.53
200,40,0.2,0.0,0.0,1,33,2.725,0.25,1.9746835189467704,False,4,0.545
200,40,0.2,0.0,0.0,1,34,2.525,0.25,1.9103337404757317,False,4,0.505
200,40,0.2,0.0,0.0,1,35,2.45,0.275,2.0242282479997162,False,5,0.49000000000000005
200,40,0.2,0.0,0.0,1,36,2.5,0.25,1.9364916731037085,False,4,0.5
200,40,0.2,0.0,0.0,1,37,2.4,0.275,1.9849433241279208,False,1,0.48
200,40,0.2,0.0,0.0,1,38,2.425,0.325,2.060188098208511,False,0,0.485
200,40,0.2,0.0,0.0,1,39,2.525,0.275,2.0246913345001505,False,0,0.505
200,40,0.2,0.0,0.0,1,40,2.425,0.325,2.0480173339110195,False,0,0.485
200,40,0.2,0.0,0.0,1,41,2.525,0.275,1.9619824158233428,False,1,0.505
200,40,0.2,0.0,0.0,1,42,2.425,0.25,1.869324744393012,False,0,0.485
200,40,0.2,0.0,0.0,1,43,2.55,0.2,1.8296174463531987,False,0,0.51
200,40,0.2,0.0,0.0,1,44,2.7,0.225,1.9519221295943134,False,0,0.54
200,40,0.2,0.0,0.0,1,45,2.825,0.225,1.9734170871865886,False,0,0.5650000000000001
200,40,0.2,0.0,0.0,1,46,2.7,0.225,1.98997487421324,False,1,0.54
200,40,0.2,0.0,0.0,1,47,2.7,0.225,2.0149441679609885,False,1,0.54
200,40,0.2,0.0,0.0,1,48,2.7,0.25,2.1118712081942874,False,2,0.54
200,40,0.2,0.0,0.0,1,49,2.675,0.225,2.0783106120115926,False,1,0.535
200,40,0.2,0.0,0.0,1,50,2.6,0.2,1.8814887722226779,False,2,0.52
200,40,0.2,0.0,0.0,1,51,2.65,0.2,1.9306734576307822,False,3,0.53
200,40,0.2,0.0,0.0,1,52,2.65,0.2,2.019282050630867,False,4,0.53
200,40,0.2,0.0,0.0,1,53,2.6,0.225,1.997498435543818,False,5,0.52
200,40,0.2,0.0,0.0,1,54,2.675,0.2,1.967072698199027,False,5,0.535
200,40,0.2,0.0,0.0,1,55,2.6,0.2,1.8814887722226779,False,4,0.52
200,40,0.2,0.0,0.0,1,56,2.625,0.2,1.9324531042175384,False,5,0.525
200,40,0.2,0.0,0.0,1,57,2.575,0.275,1.9985932552673142,False,3,0.515
200,40,0.2,0.0,0.0,1,58,2.425,0.3,2.0480173339110195,False,0,0.485
200,40,0.2,0.0,0.0,1,59,2.5,0.25,1.9748417658131499,False,0,0.5
200,40,0.2,0.0,0.0,1,60,2.475,0.2,1.9998437438960075,False,0,0.49500000000000005
200,40,0.2,0.0,0.0,1,61,2.475,0.2,1.8706616476530435,False,0,0.49500000000000005
200,40,0.2,0.0,0.0,1,62,2.5,0.2,1.8708286933869707,False,1,0.5
200,40,0.2,0.0,0.0,1,63,2.5,0.175,1.8708286933869707,False,1,0.5
200,40,0.2,0.0,0.0,1,64,2.525,0.2,1.9103337404757317,False,1,0.505
200,40,0.2,0.0,0.0,1,65,2.3,0.225,1.833030277982336,False,2,0.45999999999999996
200,40,0.2,0.0,0.0,1,66,2.475,0.15,1.788679680658334,False,3,0.49500000000000005
200,40,0.2,0.0,0.0,1,67,2.325,0.15,1.7086178624841777,False,4,0.4650000000000001
200,40,0.2,0.0,0.0,1,68,2.5,0.2,1.91049731745428,False,5,0.5
200,40,0.2,0.0,0.0,1,69,2.425,0.25,1.9350387593017355,False,5,0.485
200,40,0.2,0.0,0.0,1,70,2.525,0.2,1.8572493101358256,False,4,0.505
200,40,0.2,0.0,0.0,1,71,2.45,0.2,1.8296174463531987,False,5,0.49000000000000005
200,40,0.2,0.0,0.0,1,72,2.4,0.2,1.841195263952197,False,4,0.48
200,40,0.2,0.0,0.0,1,73,2.575,0.225,1.8958836989646808,False,4,0.515
200,40,0.2,0.0,0.0,1,74,2.7,0.225,1.9,False,5,0.54
200,40,0.2,0.0,0.0,1,75,2.575,0.225,1.869324744393012,False,5,0.515
200,40,0.2,0.0,0.0,1,76,2.8,0.175,1.913112646970899,False,4,0.5599999999999999
200,40,0.2,0.0,0.0,1,77,2.875,0.175,1.8866305944725905,False,5,0.5750000000000001
200,40,0.2,0.0,0.0,1,78,2.75,0.2,1.8674849396983098,False,3,0.55
200,40,0.2,0.0,0.0,1,79,2.825,0.175,1.8958836989646808,False,0,0.5650000000000001
200,40,0.2,0.0,0.0,1,80,2.725,0.125,1.7605041891458253,False,1,0.545
200,40,0.2,0.0,0.0,1,81,2.85,0.1,1.7684739183827394,False,1,0.5700000000000001
200,40,0.2,0.0,0.0,1,82,2.825,0.125,1.8012148678045048,False,2,0.5650000000000001
200,40,0.2,0.0,0.0,1,83,2.7,0.175,1.8734993995195195,False,1,0.54
200,40,0.2,0.0,0.0,1,84,2.6,0.175,1.841195263952197,False,1,0.52
200,40,0.2,0.0,0.0,1,85,2.625,0.175,1.8532066803246745,False,1,0.525
200,40,0.2,0.0,0.0,1,86,2.8,0.15,1.913112646970899,False,2,0.5599999999999999
200,40,0.2,0.0,0.0,1,87,2.8,0.15,1.9390719429665315,False,3,0.5599999999999999
200,40,0.2,0.0,0.0,1,88,2.7,0.175,1.9390719429665315,False,4,0.54
200,40,0.2,0.0,0.0,1,89,2.75,0.15,1.840516231930596,False,5,0.55
200,40,0.2,0.0,0.0,1,90,2.7,0.15,1.8734993995195195,False,4,0.54
200,40,0.2,0.0,0.0,1,91,2.825,0.075,1.7732385626305334,False,5,0.5650000000000001
200,40,0.2,0.0,0.0,1,92,2.95,0.1,1.7313289693180784,False,4,0.5900000000000001
200,40,0.2,0.0,0.0,1,93,2.95,0.1,1.745709025009609,False,4,0.5900000000000001
200,40,0.2,0.0,0.0,1,94,3.0,0.075,1.6278820596099706,False,5,0.6000000000000001
200,40,0.2,0.0,0.0,1,95,2.95,0.075,1.6116761461286198,False,5,0.5900000000000001
200,40,0.2,0.0,0.0,1,96,3.125,0.1,1.7347550259330566,False,5,0.625
200,40,0.2,0.0,0.0,1,97,3.075,0.1,1.7661752461180062,False,4,0.6150000000000001
200,40,0.2,0.0,0.0,1,98,3.025,0.15,1.7816775802596831,False,5,0.605
200,40,0.2,0.0,0.0,1,99,3.0,0.15,1.8708286933869707,False,2,0.6000000000000001
200,40,0.2,0.0,0.0,1,100,3.0,0.15,1.816590212458495,True,0,0.6000000000000001
200,40,0.2,0.0,0.0,1,101,2.875,0.125,1.791472857734663,True,0,0.5750000000000001
200,40,0.2,0.0,0.0,1,102,2.8,0.15,1.7916472867168918,True,0,0.5599999999999999
200,40,0.2,0.0,0.0,1,103,2.775,0.15,1.7533895745098977,True,0,0.555
200,40,0.2,0.0,0.0,1,104,2.75,0.2,1.8131464364468746,True,0,0.55
200,40,0.2,0.0,0.0,1,105,2.6,0.25,1.8275666882497066,True,0,0.52
200,40,0.2,0.0,0.0,1,106,2.725,0.25,1.9746835189467704,True,0,0.545
200,40,0.2,0.0,0.0,1,107,2.675,0.2,1.889278962990908,True,0,0.535
200,40,0.2,0.0,0.0,1,108,2.65,0.2,1.8377975949489105,False,1,0.53
200,40,0.2,0.0,0.0,1,109,2.65,0.225,1.904599695474091,False,2,0.53
200,40,0.2,0.0,0.0,1,110,2.675,0.175,1.889278962990908,False,3,0.535
200,40,0.2,0.0,0.0,1,111,2.525,0.2,1.8437394067492292,False,4,0.505
200,40,0.2,0.0,0.0,1,112,2.625,0.175,1.839667089448523,False,5,0.525
200,40,0.2,0.0,0.0,1,113,2.575,0.175,1.8012148678045048,False,5,0.515
200,40,0.2,0.0,0.0,1,114,2.575,0.175,1.715918121589722,False,5,0.515
200,40,0.2,0.0,0.0,1,115,2.725,0.175,1.7605041891458253,False,5,0.545
200,40,0.2,0.0,0.0,1,116,2.75,0.15,1.7853571071357126,False,5,0.55
200,40,0.2,0.0,0.0,1,117,2.775,0.15,1.7675901674313534,False,3,0.555
200,40,0.2,0.0,0.0,1,118,2.625,0.15,1.6230757838129433,False,0,0.525
200,40,0.2,0.0,0.0,1,119,2.85,0.125,1.6209565077447328,False,1,0.5700000000000001
200,40,0.2,0.0,0.0,1,120,2.9,0.125,1.6552945357246849,False,2,0.58
200,40,0.2,0.0,0.0,1,121,2.9,0.15,1.6852299546352718,False,2,0.58
200,40,0.2,0.0,0.0,1,122,3.075,0.15,1.7802738553379927,False,3,0.6150000000000001
200,40,0.2,0.0,0.0,1,123,3.05,0.125,1.6725728683677732,False,4,0.61
200,40,0.2,0.0,0.0,1,124,2.975,0.125,1.604485898972004,False,5,0.5950000000000001
200,40,0.2,0.0,0.0,1,125,2.975,0.125,1.5081031131855673,False,3,0.5950000000000001
200,40,0.2,0.0,0.0,1,126,2.975,0.125,1.5570404619020022,False,3,0.5950000000000001
200,40,0.2,0.0,0.0,1,127,3.05,0.15,1.6725728683677732,False,2,0.61
200,40,0.2,0.0,0.0,1,128,3.1,0.125,1.7146428199482247,False,2,0.6200000000000001
200,40,0.2,0.0,0.0,1,129,3.05,0.125,1.745709025009609,False,1,0.61
200,40,0.2,0.0,0.0,1,130,2.95,0.15,1.7881554742247667,False,2,0.5900000000000001
200,40,0.2,0.0,0.0,1,131,2.95,0.125,1.8020821290940099,False,3,0.5900000000000001
200,40,0.2,0.0,0.0,1,132,2.925,0.125,1.7661752461180062,False,4,0.585
200,40,0.2,0.0,0.0,1,133,3.0,0.125,1.746424919657298,False,5,0.6000000000000001
200,40,0.2,0.0,0.0,1,134,2.975,0.15,1.8906017560554629,False,5,0.5950000000000001
200,40,0.2,0.0,0.0,1,135,2.925,0.2,1.9414878315353923,False,5,0.585
200,40,0.2,0.0,0.0,1,136,2.95,0.175,1.909842925478428,False,4,0.5900000000000001
200,40,0.2,0.0,0.0,1,137,2.875,0.15,1.8053739224880812,False,5,0.5750000000000001
200,40,0.2,0.0,0.0,1,138,2.825,0.15,1.686527497552293,False,5,0.5650000000000001
200,40,0.2,0.0,0.0,1,139,2.875,0.15,1.7202834068838775,False,5,0.5750000000000001
200,40,0.2,0.0,0.0,1,140,2.85,0.175,1.7825543469975886,False,5,0.5700000000000001
200,40,0.2,0.0,0.0,1,141,2.75,0.15,1.7428425057933377,False,5,0.55
200,40,0.2,0.0,0.0,1,142,2.975,0.2,1.9298639848445278,False,5,0.5950000000000001
200,40,0.2,0.0,0.0,1,143,2.95,0.225,1.9868316486305526,False,5,0.5900000000000001
200,40,0.2,0.0,0.0,1,144,2.925,0.225,1.967072698199027,False,4,0.585
200,40,0.2,0.0,0.0,1,145,2.825,0.225,1.9985932552673142,False,4,0.5650000000000001
200,40,0.2,0.0,0.0,1,146,2.7,0.225,1.96468827043885,False,5,0.54
200,40,0.2,0.0,0.0,1,147,2.675,0.25,1.967072698199027,False,4,0.535
200,40,0.2,0.0,0.0,1,148,2.625,0.225,1.996089927833914,False,5,0.525
200,40,0.2,0.0,0.0,1,149,2.625,0.2,1.9581560203415866,False,5,0.525
200,40,0.2,0.0,0.0,1,150,2.4,0.275,1.972308292331602,False,4,0.48
200,40,0.2,0.0,0.0,1,151,2.375,0.3,2.0938899206978383,False,0,0.47500000000000003
200,40,0.2,0.0,0.0,1,152,2.4,0.25,1.9595917942265424,False,0,0.48
200,40,0.2,0.0,0.0,1,153,2.45,0.25,1.9487175269905077,False,0,0.49000000000000005
200,40,0.2,0.0,0.0,1,154,2.4,0.25,1.8547236990991407,False,0,0.48
200,40,0.2,0.0,0.0,1,155,2.525,0.25,1.8839785030620706,False,0,0.505
200,40,0.2,0.0,0.0,1,156,2.475,0.275,1.9746835189467704,False,0,0.49500000000000005
200,40,0.2,0.0,0.0,1,157,2.55,0.275,1.9868316486305526,False,0,0.51
200,40,0.2,0.0,0.0,1,158,2.425,0.25,1.8559027452967465,False,0,0.485
200,40,0.2,0.0,0.0,1,159,2.475,0.25,1.9363302920731267,False,0,0.49500000000000005
200,40,0.2,0.0,0.0,1,160,2.65,0.275,1.9563997546513852,False,0,0.53
200,40,0.2,0.0,0.0,1,161,2.825,0.225,1.9985932552673142,False,0,0.5650000000000001
200,40,0.2,0.0,0.0,1,162,2.875,0.25,2.0023423783159564,False,0,0.5750000000000001
200,40,0.2,0.0,0.0,1,163,2.9,0.25,2.046948949045872,False,0,0.58
200,40,0.2,0.0,0.0,1,164,2.825,0.275,2.0962764607751527,False,1,0.5650000000000001
200,40,0.2,0.0,0.0,1,165,2.875,0.25,2.0516761440344333,False,0,0.5750000000000001
200,40,0.2,0.0,0.0,1,166,2.775,0.3,2.091500657422799,False,0,0.555
200,40,0.2,0.0,0.0,1,167,2.775,0.275,2.0674561664035345,False,0,0.555
200,40,0.2,0.0,0.0,1,168,2.75,0.3,2.130140840414079,False,1,0.55
200,40,0.2,0.0,0.0,1,169,2.625,0.3,2.020983671383814,False,2,0.525
200,40,0.2,0.0,0.0,1,170,2.775,0.275,2.091500657422799,False,1,0.555
200,40,0.2,0.0,0.0,1,171,2.725,0.3,2.109354166563785,False,0,0.545
200,40,0.2,0.0,0.0,1,172,2.6,0.3,2.046948949045872,False,0,0.52
200,40,0.2,0.0,0.0,1,173,2.7,0.25,2.1,False,1,0.54
200,40,0.2,0.0,0.0,1,174,2.7,0.275,2.0639767440550294,False,1,0.54
200,40,0.2,0.0,0.0,1,175,2.7,0.25,2.0024984394500787,False,2,0.54
200,40,0.2,0.0,0.0,1,176,2.725,0.225,1.9998437438960075,False,3,0.545
200,40,0.2,0.0,0.0,1,177,2.8,0.25,2.0518284528683193,False,4,0.5599999999999999
200,40,0.2,0.0,0.0,1,178,2.725,0.3,2.1678041885742356,False,5,0.545
200,40,0.2,0.0,0.0,1,179,2.775,0.275,2.1387788571986586,False,5,0.555
200,40,0.2,0.0,0.0,1,180,2.55,0.325,2.0850659461993044,False,5,0.51
200,40,0.2,0.0,0.0,1,181,2.625,0.25,2.033316256758894,False,3,0.525
200,40,0.2,0.0,0.0,1,182,2.675,0.25,2.114089638591514,False,4,0.535
200,40,0.2,0.0,0.0,1,183,2.7,0.225,2.039607805437114,False,4,0.54
200,40,0.2,0.0,0.0,1,184,2.75,0.275,2.118372016431486,False,4,0.55
200,40,0.2,0.0,0.0,1,185,2.7,0.3,2.1354156504062622,False,5,0.54
200,40,0.2,0.0,0.0,1,186,2.675,0.25,2.1022309578160057,False,5,0.535
200,40,0.2,0.0,0.0,1,187,2.65,0.25,2.1041625412500813,False,5,0.53
200,40,0.2,0.0,0.0,1,188,2.65,0.25,2.0316249653910043,False,5,0.53
200,40,0.2,0.0,0.0,1,189,2.775,0.25,2.030855730966629,False,4,0.555
200,40,0.2,0.0,0.0,1,190,2.85,0.325,2.2422087324778666,False,5,0.5700000000000001
200,40,0.2,0.0,0.0,1,191,2.75,0.35,2.2555487137279924,False,4,0.55
200,40,0.2,0.0,0.0,1,192,2.75,0.3,2.2444375687463443,False,5,0.55
200,40,0.2,0.0,0.0,1,193,2.65,0.275,2.2085062825357777,False,5,0.53
200,40,0.2,0.0,0.0,1,194,2.55,0.275,2.108909670896314,False,4,0.51
200,40,0.2,0.0,0.0,1,195,2.575,0.25,2.072287383545053,False,4,0.515
200,40,0.2,0.0,0.0,1,196,2.55,0.275,2.1324868112136124,False,5,0.51
200,40,0.2,0.0,0.0,1,197,2.55,0.3,2.1788758569500923,False,4,0.51
200,40,0.2,0.0,0.0,1,198,2.4,0.3,2.071231517720798,False,5,0.48
200,40,0.2,0.0,0.0,1,199,2.5,0.3,2.1330729007701543,False,5,0.5
200,40,0.2,0.0,0.0,1,200,2.475,0.325,2.15624094200996,False,4,0.49500000000000005
200,40,0.2,0.0,0.0,1,201,2.425,0.325,2.1317539726713304,False,5,0.485
200,40,0.2,0.0,0.0,1,202,2.375,0.4,2.198721219254501,False,5,0.47500000000000003
200,40,0.2,0.0,0.0,1,203,2.35,0.4,2.1857492994394394,False,5,0.47000000000000003
200,40,0.2,0.0,0.0,1,204,2.4,0.35,2.142428528562855,False,5,0.48
200,40,0.2,0.0,0.0,1,205,2.375,0.35,2.1758618981911515,False,4,0.47500000000000003
200,40,0.2,0.0,0.0,1,206,2.425,0.3,2.155081204966532,False,5,0.485
200,40,0.2,0.0,0.0,1,207,2.3,0.35,2.12367605815953,False,5,0.45999999999999996
200,40,0.2,0.0,0.0,1,208,2.375,0.35,2.198721219254501,False,5,0.47500000000000003
200,40,0.2,0.0,0.0,1,209,2.45,0.275,2.1324868112136124,False,1,0.49000000000000005
200,40,0.2,0.0,0.0,1,210,2.325,0.3,2.0048378986840807,False,0,0.4650000000000001
200,40,0.2,0.0,0.0,1,211,2.325,0.275,1.9923290390896782,False,1,0.4650000000000001
200,40,0.2,0.0,0.0,1,212,2.4,0.3,2.142428528562855,False,0,0.48
200,40,0.2,0.0,0.0,1,213,2.35,0.275,2.0922475952907678,False,0,0.47000000000000003
200,40,0.2,0.0,0.0,1,214,2.3,0.275,2.0273134932713295,False,0,0.45999999999999996
200,40,0.2,0.0,0.0,1,215,2.375,0.25,2.020983671383814,False,0,0.47500000000000003
200,40,0.2,0.0,0.0,1,216,2.4,0.225,2.0223748416156684,False,0,0.48
200,40,0.2,0.0,0.0,1,217,2.35,0.225,1.8648056198971517,False,0,0.47000000000000003
200,40,0.2,0.0,0.0,1,218,2.35,0.275,1.9817921182606413,False,0,0.47000000000000003
200,40,0.2,0.0,0.0,1,219,2.35,0.275,2.006863224038948,False,1,0.47000000000000003
200,40,0.2,0.0,0.0,1,220,2.4,0.325,2.118962010041709,False,0,0.48
200,40,0.2,0.0,0.0,1,221,2.425,0.3,2.072287383545053,False,0,0.485
200,40,0.2,0.0,0.0,1,222,2.4,0.275,2.009975124224178,False,1,0.48
200,40,0.2,0.0,0.0,1,223,2.35,0.325,2.0438933435969697,False,2,0.47000000000000003
200,40,0.2,0.0,0.0,1,224,2.5,0.3,2.1213203435596424,False,1,0.5
200,40,0.2,0.0,0.0,1,225,2.475,0.325,2.109354166563785,False,0,0.49500000000000005
200,40,0.2,0.0,0.0,1,226,2.5,0.275,2.04939015319192,False,0,0.5
200,40,0.2,0.0,0.0,1,227,2.625,0.225,2.0085753657754544,False,0,0.525
200,40,0.2,0.0,0.0,1,228,2.7,0.2,2.039607805437114,False,1,0.54
200,40,0.2,0.0,0.0,1,229,2.575,0.175,1.9350387593017355,False,1,0.515
200,40,0.2,0.0,0.0,1,230,2.575,0.25,2.072287383545053,False,2,0.515
200,40,0.2,0.0,0.0,1,231,2.725,0.175,1.9998437438960075,False,0,0.545
200,40,0.2,0.0,0.0,1,232,2.725,0.225,2.0614012224698035,False,0,0.545
200,40,0.2,0.0,0.0,1,233,2.55,0.25,2.011839953873071,False,0,0.51
200,40,0.2,0.0,0.0,1,234,2.525,0.325,2.144615350126917,False,0,0.505
200,40,0.2,0.0,0.0,1,235,2.475,0.275,2.0370014727535177,False,1,0.49500000000000005
200,40,0.2,0.0,0.0,1,236,2.5,0.25,1.91049731745428,False,2,0.5
200,40,0.2,0.0,0.0,1,237,2.45,0.3,2.0487801248547877,False,2,0.49000000000000005
200,40,0.2,0.0,0.0,1,238,2.55,0.225,1.8834808201837363,False,3,0.51
200,40,0.2,0.0,0.0,1,239,2.575,0.225,1.8958836989646808,False,4,0.515
200,40,0.2,0.0,0.0,1,240,2.525,0.25,1.9619824158233428,False,5,0.505
200,40,0.2,0.0,0.0,1,241,2.575,0.25,1.9350387593017355,False,4,0.515
200,40,0.2,0.0,0.0,1,242,2.525,0.3,2.0614012224698035,False,5,0.505
200,40,0.2,0.0,0.0,1,243,2.675,0.2,1.9414878315353923,False,5,0.535
200,40,0.2,0.0,0.0,1,244,2.675,0.2,2.0048378986840807,False,5,0.535
200,40,0.2,0.0,0.0,1,245,2.65,0.25,2.0438933435969697,False,5,0.53
200,40,0.2,0.0,0.0,1,246,2.575,0.275,2.084316434709471,False,2,0.515
200,40,0.2,0.0,0.0,1,247,2.625,0.225,2.0455744914326637,False,1,0.525
200,40,0.2,0.0,0.0,1,248,2.575,0.25,1.9985932552673142,False,1,0.515
200,40,0.2,0.0,0.0,1,249,2.575,0.25,1.9607077803691197,False,2,0.515
200,40,0.2,0.0,0.0,1,250,2.675,0.225,1.9923290390896782,False,2,0.535
200,40,0.2,0.0,0.0,1,251,2.65,0.2,1.9691368667515217,False,2,0.53
200,40,0.2,0.0,0.0,1,252,2.7,0.2,1.833030277982336,False,2,0.54
200,40,0.2,0.0,0.0,1,253,2.5,0.225,1.8303005217723127,False,2,0.5
200,40,0.2,0.0,0.0,1,254,2.525,0.225,1.8164181787242717,False,2,0.505
200,40,0.2,0.0,0.0,1,255,2.4,0.25,1.8,False,3,0.48
200,40,0.2,0.0,0.0,1,256,2.475,0.25,1.8301297768191194,False,2,0.49500000000000005
200,40,0.2,0.0,0.0,1,257,2.525,0.225,1.8972018869904173,False,3,0.505
200,40,0.2,0.0,0.0,1,258,2.625,0.2,1.8532066803246745,False,4,0.525
200,40,0.2,0.0,0.0,1,259,2.65,0.25,1.943579172557681,False,4,0.53
200,40,0.2,0.0,0.0,1,260,2.6,0.25,1.972308292331602,False,4,0.52
200,40,0.2,0.0,0.0,1,261,2.725,0.2,1.9233759382918358,False,4,0.545
200,40,0.2,0.0,0.0,1,262,2.65,0.25,1.9563997546513852,False,5,0.53
200,40,0.2,0.0,0.0,1,263,2.825,0.225,2.0234562016510265,False,5,0.5650000000000001
200,40,0.2,0.0,0.0,1,264,2.85,0.2,2.019282050630867,False,5,0.5700000000000001
200,40,0.2,0.0,0.0,1,265,2.8,0.2,2.08806130178211,False,5,0.5599999999999999
200,40,0.2,0.0,0.0,1,266,2.675,0.175,1.967072698199027,False,5,0.535
200,40,0.2,0.0,0.0,1,267,2.85,0.15,1.943579172557681,False,5,0.5700000000000001
200,40,0.2,0.0,0.0,1,268,2.75,0.175,1.9461500456028564,False,4,0.55
200,40,0.2,0.0,0.0,1,269,2.675,0.225,1.9414878315353923,False,5,0.535
200,40,0.2,0.0,0.0,1,270,2.575,0.3,2.108168636518436,False,5,0.515
200,40,0.2,0.0,0.0,1,271,2.35,0.275,1.9176808910765106,False,5,0.47000000000000003
200,40,0.2,0.0,0.0,1,272,2.475,0.275,2.0246913345001505,False,5,0.49500000000000005
200,40,0.2,0.0,0.0,1,273,2.5,0.325,2.1330729007701543,False,5,0.5
200,40,0.2,0.0,0.0,1,274,2.525,0.225,2.0370014727535177,False,5,0.505
200,40,0.2,0.0,0.0,1,275,2.575,0.3,2.084316434709471,False,5,0.515
200,40,0.2,0.0,0.0,1,276,2.5,0.225,1.9621416870348583,False,1,0.5
200,40,0.2,0.0,0.0,1,277,2.5,0.225,1.9364916731037085,False,0,0.5
200,40,0.2,0.0,0.0,1,278,2.35,0.275,1.9176808910765106,False,0,0.47000000000000003
200,40,0.2,0.0,0.0,1,279,2.45,0.25,2.0242282479997162,False,1,0.49000000000000005
200,40,0.2,0.0,0.0,1,280,2.425,0.275,2.0234562016510265,False,0,0.485
200,40,0.2,0.0,0.0,1,281,2.325,0.35,2.0662465970933868,False,0,0.4650000000000001
200,40,0.2,0.0,0.0,1,282,2.4,0.25,2.0223748416156684,False,1,0.48
200,40,0.2,0.0,0.0,1,283,2.35,0.2,1.9563997546513852,False,1,0.47000000000000003
200,40,0.2,0.0,0.0,1,284,2.225,0.2,1.7675901674313534,False,2,0.44500000000000006
200,40,0.2,0.0,0.0,1,285,2.275,0.25,1.9103337404757317,False,2,0.455
200,40,0.2,0.0,0.0,1,286,2.25,0.25,1.894069692487581,False,1,0.45
200,40,0.2,0.0,0.0,1,287,2.3,0.275,1.913112646970899,False,0,0.45999999999999996
200,40,0.2,0.0,0.0,1,288,2.5,0.275,1.8841443681416772,False,0,0.5
200,40,0.2,0.0,0.0,1,289,2.625,0.275,2.020983671383814,False,1,0.525
200,40,0.2,0.0,0.0,1,290,2.575,0.25,2.0234562016510265,False,1,0.515
200,40,0.2,0.0,0.0,1,291,2.65,0.2,1.904599695474091,False,1,0.53
200,40,0.2,0.0,0.0,1,292,2.775,0.225,1.993583456993963,False,0,0.555
200,40,0.2,0.0,0.0,1,293,2.825,0.275,2.060188098208511,False,0,0.5650000000000001
200,40,0.2,0.0,0.0,1,294,3.0,0.225,2.0371548787463363,False,0,0.6000000000000001
200,40,0.2,0.0,0.0,1,295,2.95,0.2,2.0242282479997162,False,0,0.5900000000000001
200,40,0.2,0.0,0.0,1,296,3.075,0.2,1.9797411446954372,False,0,0.6150000000000001
200,40,0.2,0.0,0.0,1,297,3.075,0.175,1.9285681216902866,False,0,0.6150000000000001
200,40,0.2,0.0,0.0,1,298,2.975,0.225,2.0431287282009425,False,0,0.5950000000000001
200,40,0.2,0.0,0.0,1,299,2.825,0.225,2.0110631516687882,False,0,0.5650000000000001
200,40,0.2,0.0,0.0,1,300,2.8,0.225,2.0024984394500787,False,1,0.5599999999999999
200,40,0.2,0.0,0.0,1,301,2.775,0.275,2.1152718501412533,False,2,0.555
200,40,0.2,0.0,0.0,1,302,2.675,0.225,1.9414878315353923,False,2,0.535
200,40,0.2,0.0,0.0,1,303,2.775,0.25,2.1034198344600634,False,3,0.555
200,40,0.2,0.0,0.0,1,304,2.775,0.2,1.9683432119424702,False,4,0.555
200,40,0.2,0.0,0.0,1,305,2.625,0.25,2.0455744914326637,False,5,0.525
200,40,0.2,0.0,0.0,1,306,2.425,0.3,2.084316434709471,False,5,0.485
200,40,0.2,0.0,0.0,1,307,2.425,0.3,2.0962764607751527,False,4,0.485
200,40,0.2,0.0,0.0,1,308,2.325,0.3,2.114089638591514,False,5,0.4650000000000001
200,40,0.2,0.0,0.0,1,309,2.125,0.35,2.014789070845879,False,5,0.42500000000000004
200,40,0.2,0.0,0.0,1,310,2.2,0.325,2.039607805437114,False,5,0.44000000000000006
200,40,0.2,0.0,0.0,1,311,2.35,0.25,2.006863224038948,False,5,0.47000000000000003
200,40,0.2,0.0,0.0,1,312,2.25,0.25,1.907223112276065,False,5,0.45
200,40,0.2,0.0,0.0,1,313,2.125,0.275,1.8053739224880812,False,5,0.42500000000000004
200,40,0.2,0.0,0.0,1,314,2.4,0.3,1.997498435543818,False,5,0.48
200,40,0.2,0.0,0.0,1,315,2.675,0.225,1.9543221331193075,False,5,0.535
200,40,0.2,0.0,0.0,1,316,2.875,0.2,2.0023423783159564,False,5,0.5750000000000001
200,40,0.2,0.0,0.0,1,317,2.925,0.175,1.889278962990908,False,4,0.585
200,40,0.2,0.0,0.0,1,318,2.95,0.15,1.8834808201837363,False,5,0.5900000000000001
200,40,0.2,0.0,0.0,1,319,3.075,0.15,1.9923290390896782,False,5,0.6150000000000001
200,40,0.2,0.0,0.0,1,320,2.95,0.175,1.9358460682605938,False,5,0.5900000000000001
200,40,0.2,0.0,0.0,1,321,2.85,0.2,1.904599695474091,False,5,0.5700000000000001
200,40,0.2,0.0,0.0,1,322,2.925,0.2,1.9285681216902866,False,4,0.585
200,40,0.2,0.0,0.0,1,323,3.05,0.2,2.0242282479997162,False,5,0.61
200,40,0.2,0.0,0.0,1,324,2.925,0.175,1.967072698199027,False,3,0.585
200,40,0.2,0.0,0.0,1,325,2.875,0.225,1.9898178308578904,False,4,0.5750000000000001
200,40,0.2,0.0,0.0,1,326,3.075,0.15,1.9155612754490523,False,5,0.6150000000000001
200,40,0.2,0.0,0.0,1,327,2.975,0.175,1.9427750770482928,False,0,0.5950000000000001
200,40,0.2,0.0,0.0,1,328,2.875,0.175,1.9389107766991238,False,0,0.5750000000000001
200,40,0.2,0.0,0.0,1,329,2.825,0.175,1.9734170871865886,False,0,0.5650000000000001
200,40,0.2,0.0,0.0,1,330,2.875,0.125,1.8599395151455866,False,1,0.5750000000000001
200,40,0.2,0.0,0.0,1,331,2.85,0.15,1.851350858157362,False,1,0.5700000000000001
200,40,0.2,0.0,0.0,1,332,2.775,0.175,1.8369471957571344,False,1,0.555
200,40,0.2,0.0,0.0,1,333,2.875,0.15,1.8328597873268975,False,2,0.5750000000000001
200,40,0.2,0.0,0.0,1,334,3.025,0.175,1.8232868671714828,False,3,0.605
200,40,0.2,0.0,0.0,1,335,3.05,0.15,1.8296174463531987,False,3,0.61
200,40,0.2,0.0,0.0,1,336,3.025,0.15,1.863967542635869,False,4,0.605
200,40,0.2,0.0,0.0,1,337,3.075,0.15,1.889278962990908,False,5,0.6150000000000001
200,40,0.2,0.0,0.0,1,338,3.05,0.15,1.8296174463531987,False,4,0.61
200,40,0.2,0.0,0.0,1,339,2.85,0.2,1.8377975949489105,False,4,0.5700000000000001
200,40,0.2,0.0,0.0,1,340,2.725,0.2,1.8164181787242717,False,5,0.545
200,40,0.2,0.0,0.0,1,341,2.65,0.175,1.7684739183827394,False,4,0.53
200,40,0.2,0.0,0.0,1,342,2.85,0.225,1.9306734576307822,False,3,0.5700000000000001
200,40,0.2,0.0,0.0,1,343,2.875,0.2,1.9389107766991238,False,2,0.5750000000000001
200,40,0.2,0.0,0.0,1,344,2.875,0.225,2.0516761440344333,False,2,0.5750000000000001
200,40,0.2,0.0,0.0,1,345,2.775,0.275,2.030855730966629,False,0,0.555
200,40,0.2,0.0,0.0,1,346,2.725,0.275,2.0492376631323173,False,0,0.545
200,40,0.2,0.0,0.0,1,347,2.75,0.25,1.984313483298443,False,0,0.55
200,40,0.2,0.0,0.0,1,348,2.725,0.225,1.9491985532520795,False,0,0.545
200,40,0.2,0.0,0.0,1,349,2.625,0.2,1.8532066803246745,False,1,0.525
200,40,0.2,0.0,0.0,1,350,2.725,0.25,1.9491985532520795,False,0,0.545
200,40,0.2,0.0,0.0,1,351,2.675,0.25,2.0048378986840807,False,0,0.535
200,40,0.2,0.0,0.0,1,352,2.55,0.225,1.9615045245933032,False,0,0.51
200,40,0.2,0.0,0.0,1,353,2.65,0.225,1.9817921182606413,False,0,0.53
200,40,0.2,0.0,0.0,1,354,2.725,0.2,1.8706616476530435,False,0,0.545
200,40,0.2,0.0,0.0,1,355,2.675,0.275,1.9543221331193075,False,0,0.535
200,40,0.2,0.0,0.0,1,356,2.675,0.275,2.0419047480232764,False,0,0.535
200,40,0.2,0.0,0.0,1,357,2.575,0.275,2.0234562016510265,False,0,0.515
200,40,0.2,0.0,0.0,1,358,2.55,0.25,1.9742087022399633,False,0,0.51
200,40,0.2,0.0,0.0,1,359,2.725,0.25,2.109354166563785,False,1,0.545
200,40,0.2,0.0,0.0,1,360,2.45,0.325,2.0850659461993044,False,2,0.49000000000000005
200,40,0.2,0.0,0.0,1,361,2.475,0.3,2.1329263934791562,False,3,0.49500000000000005
200,40,0.2,0.0,0.0,1,362,2.375,0.275,2.020983671383814,False,4,0.47500000000000003
200,40,0.2,0.0,0.0,1,363,2.25,0.35,2.118372016431486,False,5,0.45
200,40,0.2,0.0,0.0,1,364,2.325,0.35,2.114089638591514,False,4,0.4650000000000001
200,40,0.2,0.0,0.0,1,365,2.35,0.35,2.1041625412500813,False,5,0.47000000000000003
200,40,0.2,0.0,0.0,1,366,2.425,0.3,2.0480173339110195,False,5,0.485
200,40,0.2,0.0,0.0,1,367,2.425,0.3,2.0480173339110195,False,5,0.485
200,40,0.2,0.0,0.0,1,368,2.425,0.3,2.060188098208511,False,5,0.485
200,40,0.2,0.0,0.0,1,369,2.45,0.3,2.073041244162788,False,5,0.49000000000000005
200,40,0.2,0.0,0.0,1,370,2.35,0.3,2.080264406271472,False,5,0.47000000000000003
200,40,0.2,0.0,0.0,1,371,2.375,0.275,1.996089927833914,False,4,0.47500000000000003
200,40,0.2,0.0,0.0,1,372,2.325,0.325,2.0296243494794792,False,5,0.4650000000000001
200,40,0.2,0.0,0.0,1,373,2.425,0.25,1.9220757009025424,False,4,0.485
200,40,0.2,0.0,0.0,1,374,2.475,0.25,1.9619824158233428,False,5,0.49500000000000005
200,40,0.2,0.0,0.0,1,375,2.4,0.2,1.7291616465790582,False,4,0.48
200,40,0.2,0.0,0.0,1,376,2.425,0.25,1.8958836989646808,False,4,0.485
200,40,0.2,0.0,0.0,1,377,2.4,0.25,1.9467922333931784,False,4,0.48
200,40,0.2,0.0,0.0,1,378,2.475,0.25,1.9746835189467704,False,4,0.49500000000000005
200,40,0.2,0.0,0.0,1,379,2.475,0.25,1.9233759382918358,False,3,0.49500000000000005
200,40,0.2,0.0,0.0,1,380,2.65,0.25,1.994367067517913,False,3,0.53
200,40,0.2,0.0,0.0,1,381,2.8,0.275,2.0760539492026693,False,4,0.5599999999999999
200,40,0.2,0.0,0.0,1,382,3.05,0.2,2.0487801248547877,False,5,0.61
200,40,0.2,0.0,0.0,1,383,3.0,0.175,1.949358868961793,False,5,0.6000000000000001
200,40,0.2,0.0,0.0,1,384,2.975,0.2,2.0185081124434454,False,5,0.5950000000000001
200,40,0.2,0.0,0.0,1,385,2.875,0.225,2.014789070845879,False,4,0.5750000000000001
200,40,0.2,0.0,0.0,1,386,2.675,0.3,2.1022309578160057,False,5,0.535
200,40,0.2,0.0,0.0,1,387,2.7,0.275,2.08806130178211,False,5,0.54
200,40,0.2,0.0,0.0,1,388,2.7,0.25,2.0518284528683193,False,1,0.54
200,40,0.2,0.0,0.0,1,389,2.45,0.275,1.9615045245933032,False,0,0.49000000000000005
200,40,0.2,0.0,0.0,1,390,2.525,0.25,1.9491985532520795,False,0,0.505
200,40,0.2,0.0,0.0,1,391,2.525,0.275,2.0246913345001505,False,0,0.505
200,40,0.2,0.0,0.0,1,392,2.475,0.3,2.0492376631323173,False,0,0.49500000000000005
200,40,0.2,0.0,0.0,1,393,2.575,0.25,2.0480173339110195,False,0,0.515
200,40,0.2,0.0,0.0,1,394,2.6,0.275,2.118962010041709,False,1,0.52
200,40,0.2,0.0,0.0,1,395,2.6,0.275,2.071231517720798,False,0,0.52
200,40,0.2,0.0,0.0,1,396,2.65,0.25,2.1041625412500813,False,0,0.53
200,40,0.2,0.0,0.0,1,397,2.625,0.225,1.9835259010156636,False,1,0.525
200,40,0.2,0.0,0.0,1,398,2.5,0.275,2.0124611797498106,False,2,0.5
200,40,0.2,0.0,0.0,1,399,2.525,0.3,2.0614012224698035,False,3,0.505
200,40,0.2,0.0,0.0,1,400,2.6,0.25,2.130727575266252,False,4,0.52
200,40,0.2,0.25,0.25,1,1,2.475,0.225,1.9998437438960075,False,5,0.49500000000000005
200,40,0.2,0.25,0.25,1,2,2.55,0.15,1.8701604209265044,False,5,0.51
200,40,0.2,0.25,0.25,1,3,2.675,0.15,1.8759997334754608,False,5,0.535
200,40,0.2,0.25,0.25,1,4,2.625,0.15,1.8666480653835098,False,5,0.525
200,40,0.2,0.25,0.25,1,5,2.625,0.2,1.945347012746055,False,5,0.525
200,40,0.2,0.25,0.25,1,6,2.625,0.175,1.879993351052072,False,5,0.525
200,40,0.2,0.25,0.25,1,7,2.675,0.175,1.9414878315353923,False,5,0.535
200,40,0.2,0.25,0.25,1,8,2.775,0.125,1.809523417919757,False,5,0.555
200,40,0.2,0.25,0.25,1,9,2.725,0.175,1.8301297768191194,False,5,0.545
200,40,0.2,0.25,0.25,1,10,2.425,0.2,1.7012862780849083,False,4,0.485
200,40,0.2,0.25,0.25,1,11,2.45,0.225,1.9358460682605938,False,5,0.49000000000000005
200,40,0.2,0.25,0.25,1,12,2.375,0.275,1.945347012746055,False,5,0.47500000000000003
200,40,0.2,0.25,0.25,1,13,2.525,0.2,1.8972018869904173,False,5,0.505
200,40,0.2,0.25,0.25,1,14,2.475,0.175,1.7746478523921303,False,5,0.49500000000000005
200,40,0.2,0.25,0.25,1,15,2.675,0.175,1.8081413108493485,False,4,0.535
200,40,0.2,0.25,0.25,1,16,2.775,0.15,1.8773318832854249,False,0,0.555
200,40,0.2,0.25,0.25,1,17,2.775,0.1,1.8232868671714828,False,1,0.555
200,40,0.2,0.25,0.25,1,18,2.675,0.175,1.8219152011002049,False,0,0.535
200,40,0.2,0.25,0.25,1,19,2.775,0.15,1.809523417919757,False,1,0.555
200,40,0.2,0.25,0.25,1,20,2.625,0.175,1.756238878968348,False,0,0.525
200,40,0.2,0.25,0.25,1,21,2.7,0.2,1.9390719429665315,False,0,0.54
200,40,0.2,0.25,0.25,1,22,2.825,0.175,1.9860450649469161,False,0,0.5650000000000001
200,40,0.2,0.25,0.25,1,23,3.025,0.1,1.8505066873697051,False,0,0.605
200,40,0.2,0.25,0.25,1,24,2.95,0.15,1.8834808201837363,False,1,0.5900000000000001
200,40,0.2,0.25,0.25,1,25,3.075,0.075,1.8081413108493485,False,1,0.6150000000000001
200,40,0.2,0.25,0.25,1,26,2.9,0.15,1.9078784028338913,False,2,0.58
200,40,0.2,0.25,0.25,1,27,2.825,0.125,1.869324744393012,False,2,0.5650000000000001
200,40,0.2,0.25,0.25,1,28,2.825,0.125,1.90902462006125,False,3,0.5650000000000001
200,40,0.2,0.25,0.25,1,29,2.7,0.15,1.8734993995195195,False,0,0.54
200,40,0.2,0.25,0.25,1,30,2.725,0.15,1.98730344940072,False,1,0.545
200,40,0.2,0.25,0.25,1,31,2.75,0.125,1.9589538024159732,False,1,0.55
200,40,0.2,0.25,0.25,1,32,2.725,0.1,1.9233759382918358,False,0,0.545
200,40,0.2,0.25,0.25,1,33,2.8,0.125,1.8193405398660252,False,1,0.5599999999999999
200,40,0.2,0.25,0.25,1,34,2.825,0.1,1.8012148678045048,False,2,0.5650000000000001
200,40,0.2,0.25,0.25,1,35,2.8,0.125,1.833030277982336,False,3,0.5599999999999999
200,40,0.2,0.25,0.25,1,36,2.95,0.075,1.8296174463531987,False,3,0.5900000000000001
200,40,0.2,0.25,0.25,1,37,2.75,0.1,1.826882590644511,False,4,0.55
200,40,0.2,0.25,0.25,1,38,2.75,0.125,1.7853571071357126,False,3,0.55
200,40,0.2,0.25,0.25,1,39,2.8,0.125,1.833030277982336,False,1,0.5599999999999999
200,40,0.2,0.25,0.25,1,40,2.75,0.125,1.7428425057933377,False,0,0.55
200,40,0.2,0.25,0.25,1,41,2.85,0.1,1.8377975949489105,False,1,0.5700000000000001
200,40,0.2,0.25,0.25,1,42,2.725,0.15,1.9103337404757317,False,2,0.545
200,40,0.2,0.25,0.25,1,43,2.6,0.15,1.8681541692269403,False,1,0.52
200,40,0.2,0.25,0.25,1,44,2.725,0.175,1.9619824158233428,False,2,0.545
200,40,0.2,0.25,0.25,1,45,2.7,0.15,1.8734993995195195,False,0,0.54
200,40,0.2,0.25,0.25,1,46,2.7,0.175,1.7776388834631178,False,1,0.54
200,40,0.2,0.25,0.25,1,47,2.6,0.15,1.8,False,1,0.52
200,40,0.2,0.25,0.25,1,48,2.675,0.075,1.6939229616484925,False,2,0.535
200,40,0.2,0.25,0.25,1,49,2.8,0.075,1.6911534525287764,False,3,0.5599999999999999
200,40,0.2,0.25,0.25,1,50,2.85,0.05,1.6515144564913744,False,4,0.5700000000000001
200,40,0.2,0.25,0.25,1,51,2.775,0.075,1.7246376431007182,False,5,0.555
200,40,0.2,0.25,0.25,1,52,2.75,0.075,1.713913650100261,False,5,0.55
200,40,0.2,0.25,0.25,1,53,2.725,0.1,1.7318703762117995,False,4,0.545
200,40,0.2,0.25,0.25,1,54,2.7,0.125,1.7635192088548397,False,5,0.54
200,40,0.2,0.25,0.25,1,55,2.8,0.05,1.6155494421403511,False,5,0.5599999999999999
200,40,0.2,0.25,0.25,1,56,2.725,0.125,1.8026022855860357,False,4,0.545
200,40,0.2,0.25,0.25,1,57,2.7,0.2,1.9390719429665315,False,3,0.54
200,40,0.2,0.25,0.25,1,58,2.675,0.175,1.967072698199027,False,4,0.535
200,40,0.2,0.25,0.25,1,59,2.725,0.175,1.9363302920731267,False,4,0.545
200,40,0.2,0.25,0.25,1,60,2.75,0.175,1.984313483298443,False,5,0.55
200,40,0.2,0.25,0.25,1,61,2.725,0.15,1.9233759382918358,False,5,0.545
200,40,0.2,0.25,0.25,1,62,2.625,0.125,1.756238878968348,False,5,0.525
200,40,0.2,0.25,0.25,1,63,2.65,0.1,1.7825543469975886,False,5,0.53
200,40,0.2,0.25,0.25,1,64,2.575,0.15,1.8150413218436654,False,2,0.515
200,40,0.2,0.25,0.25,1,65,2.675,0.1,1.7802738553379927,False,3,0.535
200,40,0.2,0.25,0.25,1,66,2.7,0.1,1.8055470085267789,False,4,0.54
200,40,0.2,0.25,0.25,1,67,2.575,0.125,1.7872814551715126,False,5,0.515
200,40,0.2,0.25,0.25,1,68,2.45,0.125,1.7599715906798041,False,5,0.49000000000000005
200,40,0.2,0.25,0.25,1,69,2.575,0.125,1.7732385626305334,False,5,0.515
200,40,0.2,0.25,0.25,1,70,2.55,0.15,1.7741194999210173,False,4,0.51
200,40,0.2,0.25,0.25,1,71,2.675,0.175,1.8626258346753382,False,5,0.535
200,40,0.2,0.25,0.25,1,72,2.65,0.125,1.8241436346954698,False,5,0.53
200,40,0.2,0.25,0.25,1,73,2.75,0.125,1.7284386017443605,False,5,0.55
200,40,0.2,0.25,0.25,1,74,2.725,0.15,1.8164181787242717,False,5,0.545
200,40,0.2,0.25,0.25,1,75,2.675,0.175,1.8219152011002049,False,5,0.535
200,40,0.2,0.25,0.25,1,76,2.55,0.15,1.7741194999210173,False,5,0.51
200,40,0.2,0.25,0.25,1,77,2.575,0.125,1.686527497552293,False,3,0.515
200,40,0.2,0.25,0.25,1,78,2.65,0.125,1.7255433926737398,False,1,0.53
200,40,0.2,0.25,0.25,1,79,2.725,0.125,1.7605041891458253,False,0,0.545
200,40,0.2,0.25,0.25,1,80,2.625,0.125,1.7704166176355214,False,1,0.525
200,40,0.2,0.25,0.25,1,81,2.525,0.15,1.6122577337386228,False,2,0.505
200,40,0.2,0.25,0.25,1,82,2.6,0.15,1.7,False,2,0.52
200,40,0.2,0.25,0.25,1,83,2.8,0.125,1.6613247725836149,False,1,0.5599999999999999
200,40,0.2,0.25,0.25,1,84,2.95,0.1,1.6575584454250776,False,1,0.5900000000000001
200,40,0.2,0.25,0.25,1,85,2.925,0.125,1.7802738553379927,False,2,0.585
200,40,0.2,0.25,0.25,1,86,2.875,0.125,1.6909686573085854,False,3,0.5750000000000001
200,40,0.2,0.25,0.25,1,87,2.975,0.125,1.6953981833185974,False,4,0.5950000000000001
200,40,0.2,0.25,0.25,1,88,3.1,0.15,1.786057109949175,False,3,0.6200000000000001
200,40,0.2,0.25,0.25,1,89,3.05,0.15,1.8296174463531987,False,0,0.61
200,40,0.2,0.25,0.25,1,90,3.025,0.175,1.8773318832854249,False,0,0.605
200,40,0.2,0.25,0.25,1,91,3.0,0.175,1.8708286933869707,False,0,0.6000000000000001
200,40,0.2,0.25,0.25,1,92,3.075,0.1,1.7376348868505145,False,0,0.6150000000000001
200,40,0.2,0.25,0.25,1,93,2.95,0.15,1.7022044530549203,False,0,0.5900000000000001
200,40,0.2,0.25,0.25,1,94,3.0,0.15,1.7748239349298849,False,0,0.6000000000000001
200,40,0.2,0.25,0.25,1,95,2.975,0.15,1.8369471957571344,False,1,0.5950000000000001
200,40,0.2,0.25,0.25,1,96,3.025,0.125,1.7816775802596831,False,1,0.605
200,40,0.2,0.25,0.25,1,97,3.275,0.1,1.6581239398790428,False,2,0.655
200,40,0.2,0.25,0.25,1,98,3.325,0.15,1.7231874535290699,False,3,0.665
200,40,0.2,0.25,0.25,1,99,3.2,0.125,1.7204650534085253,False,2,0.6400000000000001
200,40,0.2,0.25,0.25,1,100,3.025,0.15,1.7956544767855536,True,0,0.605
200,40,0.2,0.25,0.25,1,101,2.95,0.15,1.909842925478428,True,0,0.5900000000000001
200,40,0.2,0.25,0.25,1,102,2.85,0.15,1.8103866990231672,True,0,0.5700000000000001
200,40,0.2,0.25,0.25,1,103,2.825,0.2,1.9220757009025424,True,0,0.5650000000000001
200,40,0.2,0.25,0.25,1,104,2.725,0.275,2.0492376631323173,True,0,0.545
200,40,0.2,0.25,0.25,1,105,2.725,0.275,2.097468712519927,True,0,0.545
200,40,0.2,0.25,0.25,1,106,2.575,0.35,2.1781586259958203,True,0,0.515
200,40,0.2,0.25,0.25,1,107,2.525,0.375,2.2692234354509915,True,0,0.505
200,40,0.2,0.25,0.25,1,108,2.3,0.375,2.181742422927143,False,0,0.45999999999999996
200,40,0.2,0.25,0.25,1,109,2.3,0.35,2.1118712081942874,False,1,0.45999999999999996
200,40,0.2,0.25,0.25,1,110,2.35,0.3,2.0922475952907678,False,1,0.47000000000000003
200,40,0.2,0.25,0.25,1,111,2.35,0.275,2.0438933435969697,False,2,0.47000000000000003
200,40,0.2,0.25,0.25,1,112,2.3,0.3,1.98997487421324,False,2,0.45999999999999996
200,40,0.2,0.25,0.25,1,113,2.35,0.275,1.994367067517913,False,3,0.47000000000000003
200,40,0.2,0.25,0.25,1,114,2.45,0.25,1.9868316486305526,False,4,0.49000000000000005
200,40,0.2,0.25,0.25,1,115,2.55,0.225,2.073041244162788,False,5,0.51
200,40,0.2,0.25,0.25,1,116,2.65,0.225,2.1041625412500813,False,5,0.53
200,40,0.2,0.25,0.25,1,117,2.625,0.225,2.1057955741239462,False,5,0.525
200,40,0.2,0.25,0.25,1,118,2.525,0.275,2.109354166563785,False,5,0.505
200,40,0.2,0.25,0.25,1,119,2.475,0.275,2.0734934289743965,False,5,0.49500000000000005
200,40,0.2,0.25,0.25,1,120,2.475,0.275,2.0734934289743965,False,5,0.49500000000000005
200,40,0.2,0.25,0.25,1,121,2.55,0.275,2.1324868112136124,False,5,0.51
200,40,0.2,0.25,0.25,1,122,2.45,0.25,1.9868316486305526,False,5,0.49000000000000005
200,40,0.2,0.25,0.25,1,123,2.475,0.25,2.0123058912600738,False,5,0.49500000000000005
200,40,0.2,0.25,0.25,1,124,2.575,0.25,2.084316434709471,False,5,0.515
200,40,0.2,0.25,0.25,1,125,2.7,0.25,2.1587033144922905,False,5,0.54
200,40,0.2,0.25,0.25,1,126,2.725,0.25,2.109354166563785,False,5,0.545
200,40,0.2,0.25,0.25,1,127,2.7,0.275,2.1354156504062622,False,5,0.54
200,40,0.2,0.25,0.25,1,128,2.725,0.2,2.0855155237974135,False,5,0.545
200,40,0.2,0.25,0.25,1,129,2.6,0.25,2.130727575266252,False,5,0.52
200,40,0.2,0.25,0.25,1,130,2.825,0.2,2.143449322937214,False,5,0.5650000000000001
200,40,0.2,0.25,0.25,1,131,2.7,0.175,2.0024984394500787,False,5,0.54
200,40,0.2,0.25,0.25,1,132,2.75,0.2,2.0706279240848655,False,5,0.55
200,40,0.2,0.25,0.25,1,133,2.7,0.25,2.12367605815953,False,5,0.54
200,40,0.2,0.25,0.25,1,134,2.675,0.275,2.1492731329451824,False,5,0.535
200,40,0.2,0.25,0.25,1,135,2.75,0.275,2.1765798859678918,False,5,0.55
200,40,0.2,0.25,0.25,1,136,2.8,0.3,2.193171219946131,False,4,0.5599999999999999
200,40,0.2,0.25,0.25,1,137,2.875,0.325,2.2824055292607404,False,5,0.5750000000000001
200,40,0.2,0.25,0.25,1,138,3.0,0.2,2.085665361461421,False,4,0.6000000000000001
200,40,0.2,0.25,0.25,1,139,3.0,0.225,2.1213203435596424,False,5,0.6000000000000001
200,40,0.2,0.25,0.25,1,140,2.925,0.175,1.9923290390896782,False,4,0.585
200,40,0.2,0.25,0.25,1,141,2.85,0.225,2.056088519495209,False,5,0.5700000000000001
200,40,0.2,0.25,0.25,1,142,2.8,0.225,2.08806130178211,False,5,0.5599999999999999
200,40,0.2,0.25,0.25,1,143,2.775,0.175,2.091500657422799,False,1,0.555
200,40,0.2,0.25,0.25,1,144,2.7,0.2,2.0024984394500787,False,0,0.54
200,40,0.2,0.25,0.25,1,145,2.6,0.275,2.071231517720798,False,1,0.52
200,40,0.2,0.25,0.25,1,146,2.725,0.225,2.0614012224698035,False,0,0.545
200,40,0.2,0.25,0.25,1,147,2.9,0.2,2.046948949045872,False,0,0.58
200,40,0.2,0.25,0.25,1,148,2.875,0.25,2.0879116360612584,False,0,0.5750000000000001
200,40,0.2,0.25,0.25,1,149,2.825,0.25,2.1199941037653853,False,1,0.5650000000000001
200,40,0.2,0.25,0.25,1,150,2.85,0.225,2.0682117879946436,False,1,0.5700000000000001
200,40,0.2,0.25,0.25,1,151,3.0,0.15,1.9364916731037085,False,2,0.6000000000000001
200,40,0.2,0.25,0.25,1,152,3.0,0.175,1.9874606914351791,False,1,0.6000000000000001
200,40,0.2,0.25,0.25,1,153,3.025,0.175,2.0185081124434454,False,1,0.605
200,40,0.2,0.25,0.25,1,154,3.025,0.175,2.0553284409067083,False,0,0.605
200,40,0.2,0.25,0.25,1,155,2.9,0.225,2.046948949045872,False,1,0.58
200,40,0.2,0.25,0.25,1,156,2.9,0.25,2.188606862823929,False,1,0.58
200,40,0.2,0.25,0.25,1,157,2.875,0.275,2.226965424069265,False,0,0.5750000000000001
200,40,0.2,0.25,0.25,1,158,2.925,0.2,2.0662465970933868,False,1,0.585
200,40,0.2,0.25,0.25,1,159,2.8,0.3,2.193171219946131,False,0,0.5599999999999999
200,40,0.2,0.25,0.25,1,160,2.75,0.25,2.118372016431486,False,1,0.55
200,40,0.2,0.25,0.25,1,161,2.825,0.2,2.0234562016510265,False,0,0.5650000000000001
200,40,0.2,0.25,0.25,1,162,2.825,0.2,1.9860450649469161,False,0,0.5650000000000001
200,40,0.2,0.25,0.25,1,163,2.675,0.3,2.0783106120115926,False,1,0.535
200,40,0.2,0.25,0.25,1,164,2.675,0.275,2.1022309578160057,False,0,0.535
200,40,0.2,0.25,0.25,1,165,2.725,0.25,2.109354166563785,False,0,0.545
200,40,0.2,0.25,0.25,1,166,2.775,0.25,2.1034198344600634,False,1,0.555
200,40,0.2,0.25,0.25,1,167,2.95,0.175,2.0609463845524947,False,2,0.5900000000000001
200,40,0.2,0.25,0.25,1,168,2.875,0.2,2.0879116360612584,False,3,0.5750000000000001
200,40,0.2,0.25,0.25,1,169,2.85,0.175,2.0438933435969697,False,4,0.5700000000000001
200,40,0.2,0.25,0.25,1,170,2.85,0.175,2.056088519495209,False,5,0.5700000000000001
200,40,0.2,0.25,0.25,1,171,2.825,0.175,1.9985932552673142,False,5,0.5650000000000001
200,40,0.2,0.25,0.25,1,172,2.9,0.15,2.0591260281974,False,3,0.58
200,40,0.2,0.25,0.25,1,173,2.85,0.2,2.162752875388217,False,4,0.5700000000000001
200,40,0.2,0.25,0.25,1,174,2.75,0.275,2.2332711434127295,False,4,0.55
200,40,0.2,0.25,0.25,1,175,2.85,0.175,2.056088519495209,False,5,0.5700000000000001
200,40,0.2,0.25,0.25,1,176,2.825,0.175,1.9479155525843517,False,4,0.5650000000000001
200,40,0.2,0.25,0.25,1,177,2.775,0.2,2.0185081124434454,False,5,0.555
200,40,0.2,0.25,0.25,1,178,2.775,0.175,1.9556009306604454,False,3,0.555
200,40,0.2,0.25,0.25,1,179,2.85,0.125,1.9306734576307822,False,3,0.5700000000000001
200,40,0.2,0.25,0.25,1,180,2.725,0.175,1.9746835189467704,False,4,0.545
200,40,0.2,0.25,0.25,1,181,2.7,0.225,2.039607805437114,False,4,0.54
200,40,0.2,0.25,0.25,1,182,2.625,0.25,2.0938899206978383,False,3,0.525
200,40,0.2,0.25,0.25,1,183,2.5,0.275,2.04939015319192,False,4,0.5
200,40,0.2,0.25,0.25,1,184,2.425,0.275,2.0480173339110195,False,4,0.485
200,40,0.2,0.25,0.25,1,185,2.475,0.275,2.097468712519927,False,4,0.49500000000000005
200,40,0.2,0.25,0.25,1,186,2.525,0.275,2.121173024531474,False,5,0.505
200,40,0.2,0.25,0.25,1,187,2.625,0.25,2.129407194502733,False,5,0.525
200,40,0.2,0.25,0.25,1,188,2.625,0.225,2.081916184672188,False,5,0.525
200,40,0.2,0.25,0.25,1,189,2.625,0.2,2.033316256758894,False,5,0.525
200,40,0.2,0.25,0.25,1,190,2.525,0.2,1.9363302920731267,False,5,0.505
200,40,0.2,0.25,0.25,1,191,2.675,0.2,2.0048378986840807,False,5,0.535
200,40,0.2,0.25,0.25,1,192,2.675,0.175,1.9797411446954372,False,4,0.535
200,40,0.2,0.25,0.25,1,193,2.8,0.175,2.0024984394500787,False,5,0.5599999999999999
200,40,0.2,0.25,0.25,1,194,2.725,0.2,2.0370014727535177,False,5,0.545
200,40,0.2,0.25,0.25,1,195,2.725,0.2,2.0370014727535177,False,5,0.545
200,40,0.2,0.25,0.25,1,196,2.775,0.175,2.0060844947309673,False,5,0.555
200,40,0.2,0.25,0.25,1,197,2.85,0.15,2.019282050630867,False,5,0.5700000000000001
200,40,0.2,0.25,0.25,1,198,2.7,0.175,1.96468827043885,False,4,0.54
200,40,0.2,0.25,0.25,1,199,2.775,0.15,1.9810035335657532,False,5,0.555
200,40,0.2,0.25,0.25,1,200,2.75,0.2,2.034084560680799,False,5,0.55
200,40,0.2,0.25,0.25,1,201,2.725,0.2,2.0246913345001505,False,3,0.545
200,40,0.2,0.25,0.25,1,202,2.8,0.175,2.0273134932713295,False,2,0.5599999999999999
200,40,0.2,0.25,0.25,1,203,2.725,0.175,1.9619824158233428,False,3,0.545
200,40,0.2,0.25,0.25,1,204,2.7,0.2,1.98997487421324,False,1,0.54
200,40,0.2,0.25,0.25,1,205,2.7,0.25,2.1118712081942874,False,0,0.54
200,40,0.2,0.25,0.25,1,206,2.575,0.225,2.0234562016510265,False,0,0.515
200,40,0.2,0.25,0.25,1,207,2.55,0.225,1.9993749023132206,False,1,0.51
200,40,0.2,0.25,0.25,1,208,2.65,0.225,2.0316249653910043,False,1,0.53
200,40,0.2,0.25,0.25,1,209,2.525,0.25,2.0123058912600738,False,0,0.505
200,40,0.2,0.25,0.25,1,210,2.55,0.25,2.03654118544163,False,0,0.51
200,40,0.2,0.25,0.25,1,211,2.525,0.25,2.0734934289743965,False,0,0.505
200,40,0.2,0.25,0.25,1,212,2.55,0.2,1.9615045245933032,False,0,0.51
200,40,0.2,0.25,0.25,1,213,2.575,0.175,1.8958836989646808,False,1,0.515
200,40,0.2,0.25,0.25,1,214,2.675,0.225,2.054111730164647,False,2,0.535
200,40,0.2,0.25,0.25,1,215,2.825,0.2,2.0962764607751527,False,1,0.5650000000000001
200,40,0.2,0.25,0.25,1,216,2.8,0.275,2.1587033144922905,False,0,0.5599999999999999
200,40,0.2,0.25,0.25,1,217,2.7,0.3,2.2045407685048604,False,0,0.54
200,40,0.2,0.25,0.25,1,218,2.825,0.275,2.1896061289647504,False,0,0.5650000000000001
200,40,0.2,0.25,0.25,1,219,2.85,0.275,2.1857492994394394,False,1,0.5700000000000001
200,40,0.2,0.25,0.25,1,220,2.825,0.25,2.166650640966374,False,0,0.5650000000000001
200,40,0.2,0.25,0.25,1,221,2.75,0.25,2.118372016431486,False,0,0.55
200,40,0.2,0.25,0.25,1,222,2.725,0.275,2.109354166563785,False,0,0.545
200,40,0.2,0.25,0.25,1,223,2.725,0.25,2.109354166563785,False,0,0.545
200,40,0.2,0.25,0.25,1,224,2.725,0.275,2.144615350126917,False,0,0.545
200,40,0.2,0.25,0.25,1,225,2.75,0.25,2.1534855467358027,False,0,0.55
200,40,0.2,0.25,0.25,1,226,2.65,0.325,2.17428149051589,False,1,0.53
200,40,0.2,0.25,0.25,1,227,2.6,0.3,2.142428528562855,False,1,0.52
200,40,0.2,0.25,0.25,1,228,2.6,0.275,2.083266665599966,False,1,0.52
200,40,0.2,0.25,0.25,1,229,2.65,0.25,2.0438933435969697,False,2,0.53
200,40,0.2,0.25,0.25,1,230,2.65,0.25,2.0438933435969697,False,3,0.53
200,40,0.2,0.25,0.25,1,231,2.8,0.225,2.0760539492026693,False,3,0.5599999999999999
200,40,0.2,0.25,0.25,1,232,2.825,0.225,2.108168636518436,False,4,0.5650000000000001
200,40,0.2,0.25,0.25,1,233,2.675,0.225,1.9923290390896782,False,5,0.535
200,40,0.2,0.25,0.25,1,234,2.75,0.225,1.9968725547715858,False,5,0.55
200,40,0.2,0.25,0.25,1,235,2.7,0.275,2.0639767440550294,False,5,0.54
200,40,0.2,0.25,0.25,1,236,2.8,0.2,1.98997487421324,False,5,0.5599999999999999
200,40,0.2,0.25,0.25,1,237,2.7,0.225,2.0024984394500787,False,5,0.54
200,40,0.2,0.25,0.25,1,238,2.75,0.2,1.9589538024159732,False,5,0.55
200,40,0.2,0.25,0.25,1,239,2.85,0.175,1.904599695474091,False,4,0.5700000000000001
200,40,0.2,0.25,0.25,1,240,2.925,0.2,1.9923290390896782,False,4,0.585
200,40,0.2,0.25,0.25,1,241,2.775,0.25,2.0185081124434454,False,4,0.555
200,40,0.2,0.25,0.25,1,242,2.775,0.225,1.9810035335657532,False,4,0.555
200,40,0.2,0.25,0.25,1,243,2.9,0.2,1.9595917942265424,False,5,0.58
200,40,0.2,0.25,0.25,1,244,2.9,0.225,2.0223748416156684,False,5,0.58
200,40,0.2,0.25,0.25,1,245,2.875,0.225,2.1117232299712008,False,5,0.5750000000000001
200,40,0.2,0.25,0.25,1,246,2.875,0.2,2.0394545839513074,False,4,0.5750000000000001
200,40,0.2,0.25,0.25,1,247,2.875,0.2,2.0394545839513074,False,5,0.5750000000000001
200,40,0.2,0.25,0.25,1,248,2.975,0.175,1.9810035335657532,False,5,0.5950000000000001
200,40,0.2,0.25,0.25,1,249,2.925,0.175,2.017269193736919,False,5,0.585
200,40,0.2,0.25,0.25,1,250,2.85,0.2,2.019282050630867,False,5,0.5700000000000001
200,40,0.2,0.25,0.25,1,251,2.8,0.225,2.0273134932713295,False,5,0.5599999999999999
200,40,0.2,0.25,0.25,1,252,2.825,0.2,2.060188098208511,False,5,0.5650000000000001
200,40,0.2,0.25,0.25,1,253,2.775,0.25,2.0553284409067083,False,5,0.555
200,40,0.2,0.25,0.25,1,254,2.8,0.2,1.913112646970899,False,5,0.5599999999999999
200,40,0.2,0.25,0.25,1,255,2.975,0.175,1.9810035335657532,False,5,0.5950000000000001
200,40,0.2,0.25,0.25,1,256,3.0,0.175,1.9621416870348583,False,4,0.6000000000000001
200,40,0.2,0.25,0.25,1,257,2.975,0.175,1.9298639848445278,False,5,0.5950000000000001
200,40,0.2,0.25,0.25,1,258,2.95,0.2,2.0242282479997162,False,4,0.5900000000000001
200,40,0.2,0.25,0.25,1,259,2.75,0.225,1.920286436967152,False,5,0.55
200,40,0.2,0.25,0.25,1,260,2.775,0.225,1.9427750770482928,False,5,0.555
200,40,0.2,0.25,0.25,1,261,2.825,0.225,1.90902462006125,False,5,0.5650000000000001
200,40,0.2,0.25,0.25,1,262,2.825,0.225,1.9479155525843517,False,4,0.5650000000000001
200,40,0.2,0.25,0.25,1,263,2.85,0.2,1.9176808910765106,False,2,0.5700000000000001
200,40,0.2,0.25,0.25,1,264,3.05,0.175,1.9487175269905077,False,0,0.61
200,40,0.2,0.25,0.25,1,265,3.025,0.15,1.8505066873697051,False,0,0.605
200,40,0.2,0.25,0.25,1,266,3.175,0.15,1.8958836989646808,False,0,0.635
200,40,0.2,0.25,0.25,1,267,3.125,0.175,1.8866305944725905,False,0,0.625
200,40,0.2,0.25,0.25,1,268,3.125,0.15,1.8328597873268975,False,0,0.625
200,40,0.2,0.25,0.25,1,269,3.35,0.15,1.9176808910765106,False,0,0.67
200,40,0.2,0.25,0.25,1,270,3.3,0.125,1.8601075237738274,False,0,0.66
200,40,0.2,0.25,0.25,1,271,3.325,0.1,1.7661752461180062,False,1,0.665
200,40,0.2,0.25,0.25,1,272,3.225,0.15,1.8369471957571344,False,2,0.645
200,40,0.2,0.25,0.25,1,273,3.125,0.2,1.9389107766991238,False,1,0.625
200,40,0.2,0.25,0.25,1,274,3.025,0.225,1.9810035335657532,False,2,0.605
200,40,0.2,0.25,0.25,1,275,3.075,0.225,2.0419047480232764,False,0,0.6150000000000001
200,40,0.2,0.25,0.25,1,276,3.2,0.175,1.9390719429665315,False,0,0.6400000000000001
200,40,0.2,0.25,0.25,1,277,3.25,0.15,1.9716744153130354,False,1,0.65
200,40,0.2,0.25,0.25,1,278,3.25,0.175,2.021756661915573,False,0,0.65
200,40,0.2,0.25,0.25,1,279,3.225,0.125,1.9168659316707573,False,0,0.645
200,40,0.2,0.25,0.25,1,280,3.2,0.175,1.96468827043885,False,1,0.6400000000000001
200,40,0.2,0.25,0.25,1,281,3.15,0.15,1.9176808910765106,False,0,0.63
200,40,0.2,0.25,0.25,1,282,3.175,0.075,1.8423829677892705,False,1,0.635
200,40,0.2,0.25,0.25,1,283,3.15,0.1,1.8103866990231672,False,2,0.63
200,40,0.2,0.25,0.25,1,284,3.1,0.1,1.8547236990991407,False,3,0.6200000000000001
200,40,0.2,0.25,0.25,1,285,3.075,0.1,1.8081413108493485,False,3,0.6150000000000001
200,40,0.2,0.25,0.25,1,286,3.075,0.15,1.889278962990908,False,4,0.6150000000000001
200,40,0.2,0.25,0.25,1,287,3.175,0.075,1.8559027452967465,False,5,0.635
200,40,0.2,0.25,0.25,1,288,2.975,0.15,1.9037791363495924,False,5,0.5950000000000001
200,40,0.2,0.25,0.25,1,289,3.075,0.125,1.9285681216902866,False,3,0.6150000000000001
200,40,0.2,0.25,0.25,1,290,3.15,0.125,1.9176808910765106,False,4,0.63
200,40,0.2,0.25,0.25,1,291,3.1,0.125,1.841195263952197,False,5,0.6200000000000001
200,40,0.2,0.25,0.25,1,292,3.075,0.1,1.889278962990908,False,5,0.6150000000000001
200,40,0.2,0.25,0.25,1,293,3.125,0.1,1.9389107766991238,False,5,0.625
200,40,0.2,0.25,0.25,1,294,3.125,0.1,1.846449295269166,False,5,0.625
200,40,0.2,0.25,0.25,1,295,3.175,0.125,1.9479155525843517,False,5,0.635
200,40,0.2,0.25,0.25,1,296,3.275,0.125,1.9491985532520795,False,5,0.655
200,40,0.2,0.25,0.25,1,297,2.95,0.175,1.8701604209265044,False,5,0.5900000000000001
200,40,0.2,0.25,0.25,1,298,3.05,0.2,2.0850659461993044,False,5,0.61
200,40,0.2,0.25,0.25,1,299,3.075,0.15,1.9923290390896782,False,5,0.6150000000000001
200,40,0.2,0.25,0.25,1,300,3.05,0.15,1.9358460682605938,False,5,0.61
200,40,0.2,0.25,0.25,1,301,3.075,0.15,1.9543221331193075,False,5,0.6150000000000001
200,40,0.2,0.25,0.25,1,302,3.075,0.1,1.8626258346753382,False,3,0.6150000000000001
200,40,0.2,0.25,0.25,1,303,3.025,0.125,1.863967542635869,False,4,0.605
200,40,0.2,0.25,0.25,1,304,3.1,0.125,1.9209372712298547,False,4,0.6200000000000001
200,40,0.2,0.25,0.25,1,305,3.15,0.1,1.878163997099295,False,5,0.63
200,40,0.2,0.25,0.25,1,306,3.125,0.1,1.8599395151455866,False,4,0.625
200,40,0.2,0.25,0.25,1,307,3.175,0.15,1.9860450649469161,False,5,0.635
200,40,0.2,0.25,0.25,1,308,3.225,0.1,1.8906017560554629,False,5,0.645
200,40,0.2,0.25,0.25,1,309,3.175,0.1,1.8150413218436654,False,4,0.635
200,40,0.2,0.25,0.25,1,310,3.225,0.125,1.9168659316707573,False,5,0.645
200,40,0.2,0.25,0.25,1,311,3.25,0.125,1.907223112276065,False,5,0.65
200,40,0.2,0.25,0.25,1,312,3.275,0.15,1.9998437438960075,False,5,0.655
200,40,0.2,0.25,0.25,1,313,3.2,0.175,2.0149441679609885,False,5,0.6400000000000001
200,40,0.2,0.25,0.25,1,314,3.175,0.15,1.9985932552673142,False,5,0.635
200,40,0.2,0.25,0.25,1,315,3.075,0.125,1.9024655056005615,False,4,0.6150000000000001
200,40,0.2,0.25,0.25,1,316,3.075,0.15,1.967072698199027,False,4,0.6150000000000001
200,40,0.2,0.25,0.25,1,317,3.1,0.125,1.9339079605813716,False,0,0.6200000000000001
200,40,0.2,0.25,0.25,1,318,3.025,0.15,1.9427750770482928,False,1,0.605
200,40,0.2,0.25,0.25,1,319,2.925,0.175,1.8491552125227346,False,0,0.585
200,40,0.2,0.25,0.25,1,320,3.0,0.15,1.857417562100671,False,0,0.6000000000000001
200,40,0.2,0.25,0.25,1,321,3.025,0.15,1.9427750770482928,False,0,0.605
200,40,0.2,0.25,0.25,1,322,2.925,0.225,2.0419047480232764,False,0,0.585
200,40,0.2,0.25,0.25,1,323,2.825,0.25,2.1199941037653853,False,0,0.5650000000000001
200,40,0.2,0.25,0.25,1,324,2.85,0.2,1.9691368667515217,False,1,0.5700000000000001
200,40,0.2,0.25,0.25,1,325,3.025,0.125,1.8773318832854249,False,0,0.605
200,40,0.2,0.25,0.25,1,326,2.925,0.15,1.8759997334754608,False,1,0.585
200,40,0.2,0.25,0.25,1,327,3.0,0.175,1.9748417658131499,False,1,0.6000000000000001
200,40,0.2,0.25,0.25,1,328,3.075,0.125,1.967072698199027,False,2,0.6150000000000001
200,40,0.2,0.25,0.25,1,329,3.05,0.1,1.856744462762714,False,3,0.61
200,40,0.2,0.25,0.25,1,330,2.975,0.125,1.8505066873697051,False,1,0.5950000000000001
200,40,0.2,0.25,0.25,1,331,3.0,0.15,1.9364916731037085,False,1,0.6000000000000001
200,40,0.2,0.25,0.25,1,332,3.05,0.15,2.073041244162788,False,2,0.61
200,40,0.2,0.25,0.25,1,333,3.0,0.175,2.0615528128088303,False,2,0.6000000000000001
200,40,0.2,0.25,0.25,1,334,2.9,0.2,2.1071307505705477,False,0,0.58
200,40,0.2,0.25,0.25,1,335,2.85,0.2,2.0922475952907678,False,0,0.5700000000000001
200,40,0.2,0.25,0.25,1,336,2.775,0.175,2.0060844947309673,False,0,0.555
200,40,0.2,0.25,0.25,1,337,2.675,0.225,2.0783106120115926,False,1,0.535
200,40,0.2,0.25,0.25,1,338,2.65,0.225,2.080264406271472,False,1,0.53
200,40,0.2,0.25,0.25,1,339,2.65,0.225,2.056088519495209,False,1,0.53
200,40,0.2,0.25,0.25,1,340,2.6,0.25,2.1071307505705477,False,0,0.52
200,40,0.2,0.25,0.25,1,341,2.45,0.25,2.0850659461993044,False,0,0.49000000000000005
200,40,0.2,0.25,0.25,1,342,2.6,0.225,2.083266665599966,False,0,0.52
200,40,0.2,0.25,0.25,1,343,2.5,0.275,2.0976176963403033,False,0,0.5
200,40,0.2,0.25,0.25,1,344,2.425,0.325,2.2123234392827826,False,1,0.485
200,40,0.2,0.25,0.25,1,345,2.425,0.325,2.2123234392827826,False,2,0.485
200,40,0.2,0.25,0.25,1,346,2.4,0.325,2.222611077089287,False,3,0.48
200,40,0.2,0.25,0.25,1,347,2.475,0.225,2.0855155237974135,False,4,0.49500000000000005
200,40,0.2,0.25,0.25,1,348,2.4,0.25,2.0346989949375804,False,5,0.48
200,40,0.2,0.25,0.25,1,349,2.325,0.275,1.9797411446954372,False,5,0.4650000000000001
200,40,0.2,0.25,0.25,1,350,2.4,0.325,2.130727575266252,False,5,0.48
200,40,0.2,0.25,0.25,1,351,2.375,0.325,2.117634293262177,False,5,0.47500000000000003
200,40,0.2,0.25,0.25,1,352,2.375,0.325,2.164341701303193,False,5,0.47500000000000003
200,40,0.2,0.25,0.25,1,353,2.325,0.325,2.125882169829739,False,5,0.4650000000000001
200,40,0.2,0.25,0.25,1,354,2.225,0.35,2.091500657422799,False,5,0.44500000000000006
200,40,0.2,0.25,0.25,1,355,2.35,0.3,2.056088519495209,False,5,0.47000000000000003
200,40,0.2,0.25,0.25,1,356,2.35,0.3,2.162752875388217,False,5,0.47000000000000003
200,40,0.2,0.25,0.25,1,357,2.35,0.3,2.1511624764298953,False,5,0.47000000000000003
200,40,0.2,0.25,0.25,1,358,2.325,0.275,2.090305001668417,False,5,0.4650000000000001
200,40,0.2,0.25,0.25,1,359,2.275,0.325,2.109354166563785,False,4,0.455
200,40,0.2,0.25,0.25,1,360,2.075,0.375,2.0419047480232764,False,4,0.41500000000000004
200,40,0.2,0.25,0.25,1,361,2.225,0.325,2.0553284409067083,False,4,0.44500000000000006
200,40,0.2,0.25,0.25,1,362,2.25,0.3,2.009353129741012,False,4,0.45
200,40,0.2,0.25,0.25,1,363,2.25,0.3,1.9716744153130354,False,4,0.45
200,40,0.2,0.25,0.25,1,364,2.3,0.3,2.0273134932713295,False,5,0.45999999999999996
200,40,0.2,0.25,0.25,1,365,2.525,0.25,2.0246913345001505,False,5,0.505
200,40,0.2,0.25,0.25,1,366,2.475,0.25,1.9233759382918358,False,4,0.49500000000000005
200,40,0.2,0.25,0.25,1,367,2.4,0.25,1.8547236990991407,False,4,0.48
200,40,0.2,0.25,0.25,1,368,2.325,0.275,1.9024655056005615,False,5,0.4650000000000001
200,40,0.2,0.25,0.25,1,369,2.25,0.275,1.9589538024159732,False,5,0.45
200,40,0.2,0.25,0.25,1,370,2.175,0.275,1.90902462006125,False,4,0.435
200,40,0.2,0.25,0.25,1,371,2.35,0.3,2.019282050630867,False,4,0.47000000000000003
200,40,0.2,0.25,0.25,1,372,2.4,0.225,1.8275666882497066,False,5,0.48
200,40,0.2,0.25,0.25,1,373,2.675,0.225,2.017269193736919,False,5,0.535
200,40,0.2,0.25,0.25,1,374,2.575,0.25,1.9985932552673142,False,4,0.515
200,40,0.2,0.25,0.25,1,375,2.65,0.2,1.994367067517913,False,5,0.53
200,40,0.2,0.25,0.25,1,376,2.8,0.2,2.039607805437114,False,5,0.5599999999999999
200,40,0.2,0.25,0.25,1,377,2.775,0.175,1.9683432119424702,False,1,0.555
200,40,0.2,0.25,0.25,1,378,2.775,0.15,1.9427750770482928,False,1,0.555
200,40,0.2,0.25,0.25,1,379,2.725,0.175,1.9998437438960075,False,0,0.545
200,40,0.2,0.25,0.25,1,380,2.675,0.2,2.0296243494794792,False,0,0.535
200,40,0.2,0.25,0.25,1,381,2.775,0.25,2.1152718501412533,False,1,0.555
200,40,0.2,0.25,0.25,1,382,2.825,0.225,2.143449322937214,False,0,0.5650000000000001
200,40,0.2,0.25,0.25,1,383,2.775,0.25,2.1387788571986586,False,0,0.555
200,40,0.2,0.25,0.25,1,384,2.7,0.2,2.0149441679609885,False,0,0.54
200,40,0.2,0.25,0.25,1,385,2.825,0.175,1.9985932552673142,False,1,0.5650000000000001
200,40,0.2,0.25,0.25,1,386,2.725,0.275,2.0123058912600738,False,2,0.545
200,40,0.2,0.25,0.25,1,387,2.7,0.2,1.8734993995195195,False,2,0.54
200,40,0.2,0.25,0.25,1,388,2.775,0.2,1.9298639848445278,False,3,0.555
200,40,0.2,0.25,0.25,1,389,2.775,0.175,1.993583456993963,False,1,0.555
200,40,0.2,0.25,0.25,1,390,2.825,0.2,2.0480173339110195,False,1,0.5650000000000001
200,40,0.2,0.25,0.25,1,391,2.925,0.175,1.967072698199027,False,0,0.585
200,40,0.2,0.25,0.25,1,392,3.1,0.15,1.9595917942265424,False,1,0.6200000000000001
200,40,0.2,0.25,0.25,1,393,3.225,0.125,1.8906017560554629,False,0,0.645
200,40,0.2,0.25,0.25,1,394,3.125,0.175,1.964529205687714,False,1,0.625
200,40,0.2,0.25,0.25,1,395,3.25,0.1,1.840516231930596,False,0,0.65
200,40,0.2,0.25,0.25,1,396,3.325,0.125,1.889278962990908,False,1,0.665
200,40,0.2,0.25,0.25,1,397,3.125,0.125,1.8599395151455866,False,1,0.625
200,40,0.2,0.25,0.25,1,398,3.25,0.1,1.8540496217739157,False,1,0.65
200,40,0.2,0.25,0.25,1,399,3.3,0.075,1.7492855684535902,False,2,0.66
200,40,0.2,0.25,0.25,1,400,3.375,0.075,1.7704166176355214,False,3,0.675
200,40,0.2,0.5,0.5,1,1,2.85,0.2,1.9691368667515217,False,4,0.5700000000000001
200,40,0.2,0.5,0.5,1,2,2.9,0.175,1.9467922333931784,False,5,0.58
200,40,0.2,0.5,0.5,1,3,2.875,0.225,2.0023423783159564,False,3,0.5750000000000001
200,40,0.2,0.5,0.5,1,4,2.9,0.225,2.0952326839756963,False,0,0.58
200,40,0.2,0.5,0.5,1,5,2.875,0.225,2.1469455046647083,False,0,0.5750000000000001
200,40,0.2,0.5,0.5,1,6,2.975,0.2,2.127057827140579,False,0,0.5950000000000001
200,40,0.2,0.5,0.5,1,7,3.05,0.15,1.9868316486305526,False,1,0.61
200,40,0.2,0.5,0.5,1,8,3.025,0.175,1.9810035335657532,False,0,0.605
200,40,0.2,0.5,0.5,1,9,3.025,0.175,2.0185081124434454,False,0,0.605
200,40,0.2,0.5,0.5,1,10,3.0,0.175,2.0124611797498106,False,0,0.6000000000000001
200,40,0.2,0.5,0.5,1,11,2.9,0.225,1.997498435543818,False,0,0.58
200,40,0.2,0.5,0.5,1,12,2.875,0.225,2.027159342528357,False,1,0.5750000000000001
200,40,0.2,0.5,0.5,1,13,2.85,0.3,2.1857492994394394,False,2,0.5700000000000001
200,40,0.2,0.5,0.5,1,14,2.95,0.25,2.167371680169324,False,3,0.5900000000000001
200,40,0.2,0.5,0.5,1,15,2.9,0.25,2.1540659228538015,False,1,0.58
200,40,0.2,0.5,0.5,1,16,2.925,0.25,2.1022309578160057,False,0,0.585
200,40,0.2,0.5,0.5,1,17,2.9,0.225,2.046948949045872,False,0,0.58
200,40,0.2,0.5,0.5,1,18,3.025,0.175,1.9810035335657532,False,0,0.605
200,40,0.2,0.5,0.5,1,19,3.125,0.175,2.014789070845879,False,0,0.625
200,40,0.2,0.5,0.5,1,20,3.05,0.225,2.0970216975510767,False,0,0.61
200,40,0.2,0.5,0.5,1,21,2.95,0.225,2.0850659461993044,False,1,0.5900000000000001
200,40,0.2,0.5,0.5,1,22,2.95,0.225,2.0850659461993044,False,2,0.5900000000000001
200,40,0.2,0.5,0.5,1,23,2.95,0.225,2.1324868112136124,False,3,0.5900000000000001
200,40,0.2,0.5,0.5,1,24,2.85,0.25,2.1277922830953213,False,0,0.5700000000000001
200,40,0.2,0.5,0.5,1,25,2.95,0.25,2.108909670896314,False,0,0.5900000000000001
200,40,0.2,0.5,0.5,1,26,2.875,0.275,2.135269303858415,False,1,0.5750000000000001
200,40,0.2,0.5,0.5,1,27,2.975,0.2,2.0553284409067083,False,2,0.5950000000000001
200,40,0.2,0.5,0.5,1,28,2.825,0.2,1.9860450649469161,False,2,0.5650000000000001
200,40,0.2,0.5,0.5,1,29,2.85,0.225,2.0316249653910043,False,3,0.5700000000000001
200,40,0.2,0.5,0.5,1,30,2.95,0.175,1.9358460682605938,False,4,0.5900000000000001
200,40,0.2,0.5,0.5,1,31,3.025,0.175,1.9556009306604454,False,5,0.605
200,40,0.2,0.5,0.5,1,32,3.0,0.175,1.9235384061671346,False,5,0.6000000000000001
200,40,0.2,0.5,0.5,1,33,2.925,0.2,1.9923290390896782,False,5,0.585
200,40,0.2,0.5,0.5,1,34,2.925,0.2,2.0296243494794792,False,5,0.585
200,40,0.2,0.5,0.5,1,35,2.925,0.175,1.9797411446954372,False,4,0.585
200,40,0.2,0.5,0.5,1,36,2.9,0.2,2.009975124224178,False,5,0.58
200,40,0.2,0.5,0.5,1,37,2.9,0.225,2.0591260281974,False,5,0.58
200,40,0.2,0.5,0.5,1,38,2.85,0.225,2.0438933435969697,False,5,0.5700000000000001
200,40,0.2,0.5,0.5,1,39,2.8,0.2,1.9390719429665315,False,4,0.5599999999999999
200,40,0.2,0.5,0.5,1,40,2.825,0.2,1.9860450649469161,False,5,0.5650000000000001
200,40,0.2,0.5,0.5,1,41,2.8,0.2,1.98997487421324,False,5,0.5599999999999999
200,40,0.2,0.5,0.5,1,42,2.925,0.2,2.0296243494794792,False,5,0.585
200,40,0.2,0.5,0.5,1,43,2.95,0.175,2.0487801248547877,False,5,0.5900000000000001
200,40,0.2,0.5,0.5,1,44,2.875,0.175,1.9898178308578904,False,5,0.5750000000000001
200,40,0.2,0.5,0.5,1,45,2.875,0.15,1.9129492936301264,False,5,0.5750000000000001
200,40,0.2,0.5,0.5,1,46,2.95,0.125,1.8296174463531987,False,5,0.5900000000000001
200,40,0.2,0.5,0.5,1,47,3.025,0.1,1.7533895745098977,False,5,0.605
200,40,0.2,0.5,0.5,1,48,3.025,0.125,1.7956544767855536,False,5,0.605
200,40,0.2,0.5,0.5,1,49,3.0,0.125,1.8027756377319946,False,5,0.6000000000000001
200,40,0.2,0.5,0.5,1,50,3.05,0.125,1.856744462762714,False,5,0.61
200,40,0.2,0.5,0.5,1,51,3.0,0.1,1.8439088914585775,False,5,0.6000000000000001
200,40,0.2,0.5,0.5,1,52,2.95,0.125,1.8020821290940099,False,5,0.5900000000000001
200,40,0.2,0.5,0.5,1,53,2.95,0.125,1.7881554742247667,False,5,0.5900000000000001
200,40,0.2,0.5,0.5,1,54,2.95,0.1,1.7741194999210173,False,5,0.5900000000000001
200,40,0.2,0.5,0.5,1,55,3.025,0.125,1.8505066873697051,False,5,0.605
200,40,0.2,0.5,0.5,1,56,3.1,0.125,1.841195263952197,False,5,0.6200000000000001
200,40,0.2,0.5,0.5,1,57,3.1,0.125,1.841195263952197,False,5,0.6200000000000001
200,40,0.2,0.5,0.5,1,58,3.1,0.125,1.8547236990991407,False,2,0.6200000000000001
200,40,0.2,0.5,0.5,1,59,3.075,0.1,1.7802738553379927,False,2,0.6150000000000001
200,40,0.2,0.5,0.5,1,60,3.1,0.1,1.786057109949175,False,2,0.6200000000000001
200,40,0.2,0.5,0.5,1,61,3.175,0.1,1.869324744393012,False,1,0.635
200,40,0.2,0.5,0.5,1,62,3.15,0.125,1.7825543469975886,False,2,0.63
200,40,0.2,0.5,0.5,1,63,3.15,0.125,1.7965244223221681,False,1,0.63
200,40,0.2,0.5,0.5,1,64,3.225,0.125,1.7675901674313534,False,0,0.645
200,40,0.2,0.5,0.5,1,65,3.275,0.125,1.7746478523921303,False,0,0.655
200,40,0.2,0.5,0.5,1,66,3.275,0.125,1.7462459735100322,False,0,0.655
200,40,0.2,0.5,0.5,1,67,3.175,0.15,1.7304262480672212,False,0,0.635
200,40,0.2,0.5,0.5,1,68,3.2,0.125,1.7349351572897473,False,0,0.6400000000000001
200,40,0.2,0.5,0.5,1,69,3.3,0.1,1.7349351572897473,False,1,0.66
200,40,0.2,0.5,0.5,1,70,3.225,0.125,1.8369471957571344,False,2,0.645
200,40,0.2,0.5,0.5,1,71,3.175,0.1,1.8559027452967465,False,1,0.635
200,40,0.2,0.5,0.5,1,72,3.125,0.125,1.8328597873268975,False,0,0.625
200,40,0.2,0.5,0.5,1,73,3.3,0.1,1.7349351572897473,False,1,0.66
200,40,0.2,0.5,0.5,1,74,3.325,0.125,1.7376348868505145,False,1,0.665
200,40,0.2,0.5,0.5,1,75,3.45,0.1,1.7741194999210173,False,2,0.6900000000000001
200,40,0.2,0.5,0.5,1,76,3.45,0.125,1.8432308591166762,False,3,0.6900000000000001
200,40,0.2,0.5,0.5,1,77,3.6,0.075,1.7435595774162693,False,4,0.7200000000000001
200,40,0.2,0.5,0.5,1,78,3.625,0.075,1.698344782427879,False,5,0.7250000000000001
200,40,0.2,0.5,0.5,1,79,3.6,0.075,1.7,False,5,0.7200000000000001
200,40,0.2,0.5,0.5,1,80,3.625,0.1,1.79843682124227,False,5,0.7250000000000001
200,40,0.2,0.5,0.5,1,81,3.625,0.1,1.8122844699439433,False,5,0.7250000000000001
200,40,0.2,0.5,0.5,1,82,3.55,0.1,1.7599715906798041,False,2,0.71
200,40,0.2,0.5,0.5,1,83,3.55,0.1,1.745709025009609,False,2,0.71
200,40,0.2,0.5,0.5,1,84,3.625,0.1,1.756238878968348,False,3,0.7250000000000001
200,40,0.2,0.5,0.5,1,85,3.575,0.1,1.7872814551715126,False,3,0.7150000000000001
200,40,0.2,0.5,0.5,1,86,3.45,0.125,1.8296174463531987,False,4,0.6900000000000001
200,40,0.2,0.5,0.5,1,87,3.475,0.1,1.7027551203857823,False,4,0.6950000000000001
200,40,0.2,0.5,0.5,1,88,3.6,0.075,1.7578395831246947,False,5,0.7200000000000001
200,40,0.2,0.5,0.5,1,89,3.575,0.1,1.8012148678045048,False,5,0.7150000000000001
200,40,0.2,0.5,0.5,1,90,3.5,0.1,1.7748239349298849,False,4,0.7000000000000001
200,40,0.2,0.5,0.5,1,91,3.425,0.1,1.7732385626305334,False,5,0.685
200,40,0.2,0.5,0.5,1,92,3.275,0.1,1.6581239398790428,False,4,0.655
200,40,0.2,0.5,0.5,1,93,3.325,0.125,1.7519631845446981,False,5,0.665
200,40,0.2,0.5,0.5,1,94,3.2,0.1,1.7492855684535902,False,4,0.6400000000000001
200,40,0.2,0.5,0.5,1,95,3.175,0.1,1.8150413218436654,False,5,0.635
200,40,0.2,0.5,0.5,1,96,3.05,0.1,1.745709025009609,False,4,0.61
200,40,0.2,0.5,0.5,1,97,3.2,0.1,1.8193405398660252,False,5,0.6400000000000001
200,40,0.2,0.5,0.5,1,98,3.2,0.1,1.8466185312619388,False,5,0.6400000000000001
200,40,0.2,0.5,0.5,1,99,3.15,0.125,1.8648056198971517,False,5,0.63
200,40,0.2,0.5,0.5,1,100,2.925,0.15,1.9285681216902866,True,0,0.585
200,40,0.2,0.5,0.5,1,101,2.9,0.175,1.9595917942265424,True,0,0.58
200,40,0.2,0.5,0.5,1,102,2.725,0.175,1.9491985532520795,True,0,0.545
200,40,0.2,0.5,0.5,1,103,2.675,0.225,1.9797411446954372,True,0,0.535
200,40,0.2,0.5,0.5,1,104,2.5,0.275,1.9874606914351791,True,0,0.5
200,40,0.2,0.5,0.5,1,105,2.4,0.275,1.9078784028338913,True,0,0.48
200,40,0.2,0.5,0.5,1,106,2.275,0.275,1.8972018869904173,True,0,0.455
200,40,0.2,0.5,0.5,1,107,2.175,0.275,1.9350387593017355,True,0,0.435
200,40,0.2,0.5,0.5,1,108,2.05,0.275,1.8701604209265044,False,0,0.41
200,40,0.2,0.5,0.5,1,109,1.975,0.275,1.8505066873697051,False,1,0.395
200,40,0.2,0.5,0.5,1,110,1.975,0.275,1.7675901674313534,False,2,0.395
200,40,0.2,0.5,0.5,1,111,1.975,0.3,1.7533895745098977,False,3,0.395
200,40,0.2,0.5,0.5,1,112,1.975,0.375,1.8505066873697051,False,4,0.395
200,40,0.2,0.5,0.5,1,113,2.075,0.35,1.8626258346753382,False,4,0.41500000000000004
200,40,0.2,0.5,0.5,1,114,2.275,0.3,1.9103337404757317,False,4,0.455
200,40,0.2,0.5,0.5,1,115,2.4,0.25,1.9078784028338913,False,4,0.48
200,40,0.2,0.5,0.5,1,116,2.675,0.25,1.9923290390896782,False,5,0.535
200,40,0.2,0.5,0.5,1,117,2.775,0.225,1.9810035335657532,False,5,0.555
200,40,0.2,0.5,0.5,1,118,2.8,0.2,1.9773719933285188,False,5,0.5599999999999999
200,40,0.2,0.5,0.5,1,119,2.825,0.2,1.9220757009025424,False,5,0.5650000000000001
200,40,0.2,0.5,0.5,1,120,2.9,0.2,1.9339079605813716,False,4,0.58
200,40,0.2,0.5,0.5,1,121,3.0,0.2,1.9364916731037085,False,5,0.6000000000000001
200,40,0.2,0.5,0.5,1,122,3.0,0.2,1.9748417658131499,False,5,0.6000000000000001
200,40,0.2,0.5,0.5,1,123,3.075,0.175,1.8491552125227346,False,5,0.6150000000000001
200,40,0.2,0.5,0.5,1,124,3.05,0.175,1.8296174463531987,False,3,0.61
200,40,0.2,0.5,0.5,1,125,3.1,0.175,1.9339079605813716,False,3,0.6200000000000001
200,40,0.2,0.5,0.5,1,126,3.2,0.2,2.0273134932713295,False,3,0.6400000000000001
200,40,0.2,0.5,0.5,1,127,3.25,0.15,1.984313483298443,False,1,0.65
200,40,0.2,0.5,0.5,1,128,3.125,0.175,1.9898178308578904,False,0,0.625
200,40,0.2,0.5,0.5,1,129,3.075,0.15,1.9285681216902866,False,0,0.6150000000000001
200,40,0.2,0.5,0.5,1,130,3.05,0.15,1.9358460682605938,False,0,0.61
200,40,0.2,0.5,0.5,1,131,3.05,0.15,1.9487175269905077,False,0,0.61
200,40,0.2,0.5,0.5,1,132,3.0,0.15,1.8841443681416772,False,1,0.6000000000000001
200,40,0.2,0.5,0.5,1,133,3.05,0.175,1.922888452302941,False,1,0.61
200,40,0.2,0.5,0.5,1,134,3.05,0.15,1.9358460682605938,False,1,0.61
200,40,0.2,0.5,0.5,1,135,2.95,0.175,1.9487175269905077,False,2,0.5900000000000001
200,40,0.2,0.5,0.5,1,136,2.975,0.175,2.0060844947309673,False,3,0.5950000000000001
200,40,0.2,0.5,0.5,1,137,2.925,0.15,1.8759997334754608,False,4,0.585
200,40,0.2,0.5,0.5,1,138,2.9,0.175,1.9078784028338913,False,5,0.58
200,40,0.2,0.5,0.5,1,139,2.975,0.15,1.9168659316707573,False,5,0.5950000000000001
200,40,0.2,0.5,0.5,1,140,3.125,0.125,1.8599395151455866,False,4,0.625
200,40,0.2,0.5,0.5,1,141,3.125,0.1,1.846449295269166,False,5,0.625
200,40,0.2,0.5,0.5,1,142,3.05,0.1,1.8020821290940099,False,5,0.61
200,40,0.2,0.5,0.5,1,143,3.025,0.1,1.7956544767855536,False,5,0.605
200,40,0.2,0.5,0.5,1,144,3.075,0.1,1.7802738553379927,False,5,0.6150000000000001
200,40,0.2,0.5,0.5,1,145,3.15,0.1,1.7965244223221681,False,5,0.63
200,40,0.2,0.5,0.5,1,146,3.275,0.1,1.8572493101358256,False,4,0.655
200,40,0.2,0.5,0.5,1,147,3.225,0.125,1.8369471957571344,False,4,0.645
200,40,0.2,0.5,0.5,1,148,3.35,0.1,1.7684739183827394,False,5,0.67
200,40,0.2,0.5,0.5,1,149,3.425,0.075,1.7012862780849083,False,5,0.685
200,40,0.2,0.5,0.5,1,150,3.375,0.075,1.6835602157333132,False,5,0.675
200,40,0.2,0.5,0.5,1,151,3.3,0.1,1.7349351572897473,False,5,0.66
200,40,0.2,0.5,0.5,1,152,3.2,0.15,1.7916472867168918,False,4,0.6400000000000001
200,40,0.2,0.5,0.5,1,153,3.275,0.125,1.8301297768191194,False,5,0.655
200,40,0.2,0.5,0.5,1,154,3.15,0.125,1.8377975949489105,False,1,0.63
200,40,0.2,0.5,0.5,1,155,3.2,0.125,1.7492855684535902,False,1,0.6400000000000001
200,40,0.2,0.5,0.5,1,156,3.35,0.125,1.7399712641305316,False,1,0.67
200,40,0.2,0.5,0.5,1,157,3.275,0.1,1.6731332881752128,False,2,0.655
200,40,0.2,0.5,0.5,1,158,3.275,0.1,1.7027551203857823,False,3,0.655
200,40,0.2,0.5,0.5,1,159,3.175,0.125,1.686527497552293,False,4,0.635
200,40,0.2,0.5,0.5,1,160,3.25,0.1,1.6393596310755,False,4,0.65
200,40,0.2,0.5,0.5,1,161,3.25,0.1,1.6695807857064,False,4,0.65
200,40,0.2,0.5,0.5,1,162,3.25,0.125,1.771298958391835,False,5,0.65
200,40,0.2,0.5,0.5,1,163,3.45,0.075,1.6725728683677732,False,4,0.6900000000000001
200,40,0.2,0.5,0.5,1,164,3.325,0.1,1.6939229616484925,False,5,0.665
200,40,0.2,0.5,0.5,1,165,3.25,0.1,1.6545392107774297,False,5,0.65
200,40,0.2,0.5,0.5,1,166,3.225,0.1,1.635351644142629,False,4,0.645
200,40,0.2,0.5,0.5,1,167,3.325,0.05,1.5554340230302282,False,4,0.665
200,40,0.2,0.5,0.5,1,168,3.375,0.075,1.6075991415772777,False,5,0.675
200,40,0.2,0.5,0.5,1,169,3.3,0.05,1.5684387141358123,False,5,0.66
200,40,0.2,0.5,0.5,1,170,3.425,0.025,1.5793590472087087,False,5,0.685
200,40,0.2,0.5,0.5,1,171,3.35,0.025,1.6209565077447328,False,5,0.67
200,40,0.2,0.5,0.5,1,172,3.225,0.025,1.5409007106234975,False,2,0.645
200,40,0.2,0.5,0.5,1,173,3.275,0.05,1.5650479225889538,False,1,0.655
200,40,0.2,0.5,0.5,1,174,3.3,0.05,1.584297951775486,False,1,0.66
200,40,0.2,0.5,0.5,1,175,3.25,0.1,1.6844880527923016,False,0,0.65
200,40,0.2,0.5,0.5,1,176,3.3,0.125,1.7349351572897473,False,0,0.66
200,40,0.2,0.5,0.5,1,177,3.225,0.125,1.7246376431007182,False,0,0.645
200,40,0.2,0.5,0.5,1,178,3.175,0.15,1.7732385626305334,False,1,0.635
200,40,0.2,0.5,0.5,1,179,3.175,0.125,1.8423829677892705,False,1,0.635
200,40,0.2,0.5,0.5,1,180,3.35,0.075,1.7542804792848834,False,1,0.67
200,40,0.2,0.5,0.5,1,181,3.25,0.1,1.7284386017443605,False,0,0.65
200,40,0.2,0.5,0.5,1,182,3.375,0.125,1.79843682124227,False,1,0.675
200,40,0.2,0.5,0.5,1,183,3.35,0.1,1.7255433926737398,False,1,0.67
200,40,0.2,0.5,0.5,1,184,3.325,0.1,1.7519631845446981,False,2,0.665
200,40,0.2,0.5,0.5,1,185,3.325,0.1,1.7942616865998116,False,3,0.665
200,40,0.2,0.5,0.5,1,186,3.3,0.1,1.7916472867168918,False,4,0.66
200,40,0.2,0.5,0.5,1,187,3.25,0.1,1.7853571071357126,False,5,0.65
200,40,0.2,0.5,0.5,1,188,3.25,0.15,1.8808242873804029,False,5,0.65
200,40,0.2,0.5,0.5,1,189,3.375,0.125,1.8260271082325148,False,5,0.675
200,40,0.2,0.5,0.5,1,190,3.375,0.125,1.8532066803246745,False,2,0.675
200,40,0.2,0.5,0.5,1,191,3.45,0.15,1.922888452302941,False,3,0.6900000000000001
200,40,0.2,0.5,0.5,1,192,3.475,0.15,1.9619824158233428,False,4,0.6950000000000001
200,40,0.2,0.5,0.5,1,193,3.475,0.175,1.9998437438960075,False,5,0.6950000000000001
200,40,0.2,0.5,0.5,1,194,3.325,0.15,1.8626258346753382,False,5,0.665
200,40,0.2,0.5,0.5,1,195,3.325,0.1,1.7661752461180062,False,4,0.665
200,40,0.2,0.5,0.5,1,196,3.45,0.1,1.8432308591166762,False,5,0.6900000000000001
200,40,0.2,0.5,0.5,1,197,3.4,0.1,1.8138357147217055,False,2,0.68
200,40,0.2,0.5,0.5,1,198,3.3,0.125,1.8734993995195195,False,3,0.66
200,40,0.2,0.5,0.5,1,199,3.175,0.15,1.8958836989646808,False,3,0.635
200,40,0.2,0.5,0.5,1,200,3.2,0.175,1.9,False,4,0.6400000000000001
200,40,0.2,0.5,0.5,1,201,3.275,0.15,1.9103337404757317,False,5,0.655
200,40,0.2,0.5,0.5,1,202,3.1,0.2,1.9078784028338913,False,4,0.6200000000000001
200,40,0.2,0.5,0.5,1,203,3.2,0.175,1.913112646970899,False,4,0.6400000000000001
200,40,0.2,0.5,0.5,1,204,3.2,0.175,1.96468827043885,False,5,0.6400000000000001
200,40,0.2,0.5,0.5,1,205,3.2,0.175,1.98997487421324,False,5,0.6400000000000001
200,40,0.2,0.5,0.5,1,206,3.175,0.2,2.0234562016510265,False,5,0.635
200,40,0.2,0.5,0.5,1,207,3.225,0.175,1.9810035335657532,False,5,0.645
200,40,0.2,0.5,0.5,1,208,3.225,0.2,1.9683432119424702,False,4,0.645
200,40,0.2,0.5,0.5,1,209,3.3,0.2,2.0273134932713295,False,5,0.66
200,40,0.2,0.5,0.5,1,210,3.25,0.2,2.034084560680799,False,5,0.65
200,40,0.2,0.5,0.5,1,211,3.275,0.2,2.0492376631323173,False,4,0.655
200,40,0.2,0.5,0.5,1,212,3.25,0.225,2.082666559965853,False,5,0.65
200,40,0.2,0.5,0.5,1,213,3.175,0.2,1.9985932552673142,False,5,0.635
200,40,0.2,0.5,0.5,1,214,3.225,0.175,1.9556009306604454,False,5,0.645
200,40,0.2,0.5,0.5,1,215,3.25,0.2,1.9716744153130354,False,5,0.65
200,40,0.2,0.5,0.5,1,216,3.175,0.2,1.9607077803691197,False,5,0.635
200,40,0.2,0.5,0.5,1,217,3.2,0.2,2.0024984394500787,False,4,0.6400000000000001
200,40,0.2,0.5,0.5,1,218,3.275,0.225,2.121173024531474,False,5,0.655
200,40,0.2,0.5,0.5,1,219,3.35,0.225,2.162752875388217,False,5,0.67
200,40,0.2,0.5,0.5,1,220,3.25,0.2,2.082666559965853,False,0,0.65
200,40,0.2,0.5,0.5,1,221,3.2,0.15,1.9773719933285188,False,1,0.6400000000000001
200,40,0.2,0.5,0.5,1,222,3.2,0.175,2.0149441679609885,False,0,0.6400000000000001
200,40,0.2,0.5,0.5,1,223,3.125,0.175,1.9898178308578904,False,0,0.625
200,40,0.2,0.5,0.5,1,224,3.125,0.175,1.9517620244281833,False,0,0.625
200,40,0.2,0.5,0.5,1,225,3.225,0.2,2.030855730966629,False,0,0.645
200,40,0.2,0.5,0.5,1,226,3.3,0.225,2.039607805437114,False,1,0.66
200,40,0.2,0.5,0.5,1,227,3.3,0.2,2.0149441679609885,False,1,0.66
200,40,0.2,0.5,0.5,1,228,3.225,0.2,1.993583456993963,False,1,0.645
200,40,0.2,0.5,0.5,1,229,3.225,0.2,2.0060844947309673,False,0,0.645
200,40,0.2,0.5,0.5,1,230,3.25,0.225,2.082666559965853,False,0,0.65
200,40,0.2,0.5,0.5,1,231,3.275,0.2,2.0246913345001505,False,0,0.655
200,40,0.2,0.5,0.5,1,232,3.325,0.2,1.9797411446954372,False,0,0.665
200,40,0.2,0.5,0.5,1,233,3.375,0.175,1.9708817823502252,False,1,0.675
200,40,0.2,0.5,0.5,1,234,3.275,0.175,1.8839785030620706,False,2,0.655
200,40,0.2,0.5,0.5,1,235,3.3,0.175,1.9,False,3,0.66
200,40,0.2,0.5,0.5,1,236,3.275,0.2,1.9619824158233428,False,2,0.655
200,40,0.2,0.5,0.5,1,237,3.225,0.225,2.030855730966629,False,3,0.645
200,40,0.2,0.5,0.5,1,238,3.175,0.225,2.084316434709471,False,3,0.635
200,40,0.2,0.5,0.5,1,239,3.125,0.225,2.0879116360612584,False,3,0.625
200,40,0.2,0.5,0.5,1,240,3.05,0.225,2.0242282479997162,False,4,0.61
200,40,0.2,0.5,0.5,1,241,3.15,0.225,2.0316249653910043,False,4,0.63
200,40,0.2,0.5,0.5,1,242,3.2,0.2,2.0149441679609885,False,5,0.6400000000000001
200,40,0.2,0.5,0.5,1,243,3.175,0.2,2.035773808653604,False,5,0.635
200,40,0.2,0.5,0.5,1,244,3.2,0.175,2.0760539492026693,False,5,0.6400000000000001
200,40,0.2,0.5,0.5,1,245,3.15,0.175,2.056088519495209,False,5,0.63
200,40,0.2,0.5,0.5,1,246,3.125,0.175,2.0394545839513074,False,4,0.625
200,40,0.2,0.5,0.5,1,247,3.05,0.2,2.0487801248547877,False,5,0.61
200,40,0.2,0.5,0.5,1,248,3.05,0.2,2.0487801248547877,False,4,0.61
200,40,0.2,0.5,0.5,1,249,2.95,0.2,1.9358460682605938,False,4,0.5900000000000001
200,40,0.2,0.5,0.5,1,250,3.025,0.2,1.9427750770482928,False,5,0.605
200,40,0.2,0.5,0.5,1,251,3.075,0.175,1.8626258346753382,False,5,0.6150000000000001
200,40,0.2,0.5,0.5,1,252,3.125,0.175,1.9129492936301264,False,4,0.625
200,40,0.2,0.5,0.5,1,253,3.15,0.15,1.9306734576307822,False,4,0.63
200,40,0.2,0.5,0.5,1,254,3.075,0.175,1.9923290390896782,False,3,0.6150000000000001
200,40,0.2,0.5,0.5,1,255,2.975,0.2,1.9556009306604454,False,4,0.5950000000000001
200,40,0.2,0.5,0.5,1,256,3.025,0.2,1.9810035335657532,False,5,0.605
200,40,0.2,0.5,0.5,1,257,3.05,0.2,1.9993749023132206,False,5,0.61
200,40,0.2,0.5,0.5,1,258,3.15,0.2,2.0316249653910043,False,5,0.63
200,40,0.2,0.5,0.5,1,259,3.1,0.2,1.9595917942265424,False,5,0.6200000000000001
200,40,0.2,0.5,0.5,1,260,3.125,0.2,1.9772139489696101,False,4,0.625
200,40,0.2,0.5,0.5,1,261,3.225,0.2,2.0185081124434454,False,4,0.645
200,40,0.2,0.5,0.5,1,262,3.3,0.2,2.0149441679609885,False,5,0.66
200,40,0.2,0.5,0.5,1,263,3.325,0.175,1.9543221331193075,False,4,0.665
200,40,0.2,0.5,0.5,1,264,3.4,0.175,1.9595917942265424,False,5,0.68
200,40,0.2,0.5,0.5,1,265,3.375,0.15,1.879993351052072,False,5,0.675
200,40,0.2,0.5,0.5,1,266,3.325,0.175,1.9024655056005615,False,4,0.665
200,40,0.2,0.5,0.5,1,267,3.375,0.15,1.879993351052072,False,5,0.675
200,40,0.2,0.5,0.5,1,268,3.375,0.125,1.839667089448523,False,5,0.675
200,40,0.2,0.5,0.5,1,269,3.45,0.15,1.922888452302941,False,5,0.6900000000000001
200,40,0.2,0.5,0.5,1,270,3.475,0.15,1.8972018869904173,False,4,0.6950000000000001
200,40,0.2,0.5,0.5,1,271,3.575,0.125,1.8958836989646808,False,1,0.7150000000000001
200,40,0.2,0.5,0.5,1,272,3.575,0.125,1.869324744393012,False,0,0.7150000000000001
200,40,0.2,0.5,0.5,1,273,3.525,0.15,1.8972018869904173,False,1,0.7050000000000001
200,40,0.2,0.5,0.5,1,274,3.425,0.15,1.90902462006125,False,1,0.685
200,40,0.2,0.5,0.5,1,275,3.425,0.15,1.90902462006125,False,0,0.685
200,40,0.2,0.5,0.5,1,276,3.525,0.15,1.9103337404757317,False,0,0.7050000000000001
200,40,0.2,0.5,0.5,1,277,3.475,0.175,1.9491985532520795,False,0,0.6950000000000001
200,40,0.2,0.5,0.5,1,278,3.55,0.125,1.8159019797334877,False,0,0.71
200,40,0.2,0.5,0.5,1,279,3.5,0.125,1.816590212458495,False,0,0.7000000000000001
200,40,0.2,0.5,0.5,1,280,3.475,0.15,1.8572493101358256,False,0,0.6950000000000001
200,40,0.2,0.5,0.5,1,281,3.425,0.15,1.882651056356435,False,1,0.685
200,40,0.2,0.5,0.5,1,282,3.475,0.125,1.8437394067492292,False,2,0.6950000000000001
200,40,0.2,0.5,0.5,1,283,3.5,0.125,1.8303005217723127,False,3,0.7000000000000001
200,40,0.2,0.5,0.5,1,284,3.55,0.125,1.8159019797334877,False,4,0.71
200,40,0.2,0.5,0.5,1,285,3.55,0.1,1.7741194999210173,False,2,0.71
200,40,0.2,0.5,0.5,1,286,3.475,0.125,1.788679680658334,False,2,0.6950000000000001
200,40,0.2,0.5,0.5,1,287,3.4,0.125,1.786057109949175,False,3,0.68
200,40,0.2,0.5,0.5,1,288,3.375,0.075,1.7275343701356567,False,4,0.675
200,40,0.2,0.5,0.5,1,289,3.425,0.075,1.759083568225228,False,5,0.685
200,40,0.2,0.5,0.5,1,290,3.375,0.075,1.668644659596524,False,4,0.675
200,40,0.2,0.5,0.5,1,291,3.425,0.075,1.715918121589722,False,4,0.685
200,40,0.2,0.5,0.5,1,292,3.5,0.075,1.7320508075688772,False,5,0.7000000000000001
200,40,0.2,0.5,0.5,1,293,3.45,0.075,1.7313289693180784,False,4,0.6900000000000001
200,40,0.2,0.5,0.5,1,294,3.3,0.125,1.8055470085267789,False,5,0.66
200,40,0.2,0.5,0.5,1,295,3.3,0.125,1.8734993995195195,False,5,0.66
200,40,0.2,0.5,0.5,1,296,3.3,0.1,1.8466185312619388,False,5,0.66
200,40,0.2,0.5,0.5,1,297,3.35,0.075,1.7965244223221681,False,5,0.67
200,40,0.2,0.5,0.5,1,298,3.45,0.075,1.7741194999210173,False,5,0.6900000000000001
200,40,0.2,0.5,0.5,1,299,3.425,0.1,1.7872814551715126,False,5,0.685
200,40,0.2,0.5,0.5,1,300,3.4,0.1,1.8275666882497066,False,5,0.68
200,40,0.2,0.5,0.5,1,301,3.35,0.1,1.8103866990231672,False,4,0.67
200,40,0.2,0.5,0.5,1,302,3.35,0.125,1.851350858157362,False,5,0.67
200,40,0.2,0.5,0.5,1,303,3.3,0.125,1.8466185312619388,False,5,0.66
200,40,0.2,0.5,0.5,1,304,3.175,0.125,1.8423829677892705,False,5,0.635
200,40,0.2,0.5,0.5,1,305,3.05,0.125,1.8296174463531987,False,5,0.61
200,40,0.2,0.5,0.5,1,306,3.0,0.125,1.816590212458495,False,4,0.6000000000000001
200,40,0.2,0.5,0.5,1,307,2.975,0.125,1.8232868671714828,False,5,0.5950000000000001
200,40,0.2,0.5,0.5,1,308,3.0,0.125,1.857417562100671,False,5,0.6000000000000001
200,40,0.2,0.5,0.5,1,309,3.125,0.1,1.777463079785344,False,5,0.625
200,40,0.2,0.5,0.5,1,310,3.125,0.075,1.6611366590380214,False,4,0.625
200,40,0.2,0.5,0.5,1,311,3.075,0.1,1.7661752461180062,False,5,0.6150000000000001
200,40,0.2,0.5,0.5,1,312,3.15,0.1,1.8103866990231672,False,5,0.63
200,40,0.2,0.5,0.5,1,313,3.15,0.1,1.7965244223221681,False,5,0.63
200,40,0.2,0.5,0.5,1,314,3.175,0.1,1.7872814551715126,False,5,0.635
200,40,0.2,0.5,0.5,1,315,3.075,0.075,1.6338222057494505,False,3,0.6150000000000001
200,40,0.2,0.5,0.5,1,316,3.075,0.075,1.6790994610206984,False,4,0.6150000000000001
200,40,0.2,0.5,0.5,1,317,3.15,0.125,1.7965244223221681,False,4,0.63
200,40,0.2,0.5,0.5,1,318,3.0,0.15,1.8027756377319946,False,0,0.6000000000000001
200,40,0.2,0.5,0.5,1,319,2.8,0.175,1.7349351572897473,False,1,0.5599999999999999
200,40,0.2,0.5,0.5,1,320,2.925,0.125,1.7661752461180062,False,0,0.585
200,40,0.2,0.5,0.5,1,321,3.05,0.075,1.6575584454250776,False,0,0.61
200,40,0.2,0.5,0.5,1,322,3.225,0.075,1.6199922839322414,False,0,0.645
200,40,0.2,0.5,0.5,1,323,3.2,0.075,1.6911534525287764,False,1,0.6400000000000001
200,40,0.2,0.5,0.5,1,324,3.2,0.1,1.8055470085267789,False,1,0.6400000000000001
200,40,0.2,0.5,0.5,1,325,3.075,0.1,1.7376348868505145,False,1,0.6150000000000001
200,40,0.2,0.5,0.5,1,326,3.125,0.075,1.7347550259330566,False,2,0.625
200,40,0.2,0.5,0.5,1,327,3.15,0.075,1.7542804792848834,False,0,0.63
200,40,0.2,0.5,0.5,1,328,3.175,0.05,1.7448137436414237,False,1,0.635
200,40,0.2,0.5,0.5,1,329,3.225,0.05,1.680587694825831,False,2,0.645
200,40,0.2,0.5,0.5,1,330,3.275,0.075,1.6731332881752128,False,1,0.655
200,40,0.2,0.5,0.5,1,331,3.225,0.075,1.7675901674313534,False,1,0.645
200,40,0.2,0.5,0.5,1,332,3.3,0.075,1.7349351572897473,False,1,0.66
200,40,0.2,0.5,0.5,1,333,3.275,0.05,1.8164181787242717,False,1,0.655
200,40,0.2,0.5,0.5,1,334,3.3,0.05,1.7916472867168918,False,2,0.66
200,40,0.2,0.5,0.5,1,335,3.25,0.1,1.907223112276065,False,3,0.65
200,40,0.2,0.5,0.5,1,336,3.325,0.075,1.7802738553379927,False,4,0.665
200,40,0.2,0.5,0.5,1,337,3.425,0.075,1.8150413218436654,False,5,0.685
200,40,0.2,0.5,0.5,1,338,3.425,0.15,1.8150413218436654,False,4,0.685
200,40,0.2,0.5,0.5,1,339,3.4,0.15,1.8547236990991407,False,3,0.68
200,40,0.2,0.5,0.5,1,340,3.35,0.125,1.7965244223221681,False,4,0.67
200,40,0.2,0.5,0.5,1,341,3.525,0.075,1.6276900810658028,False,5,0.7050000000000001
200,40,0.2,0.5,0.5,1,342,3.475,0.1,1.6429774800647756,False,3,0.6950000000000001
200,40,0.2,0.5,0.5,1,343,3.5,0.1,1.6733200530681511,False,3,0.7000000000000001
200,40,0.2,0.5,0.5,1,344,3.45,0.075,1.6575584454250776,False,3,0.6900000000000001
200,40,0.2,0.5,0.5,1,345,3.425,0.125,1.7872814551715126,False,4,0.685
200,40,0.2,0.5,0.5,1,346,3.375,0.125,1.839667089448523,False,4,0.675
200,40,0.2,0.5,0.5,1,347,3.425,0.125,1.90902462006125,False,5,0.685
200,40,0.2,0.5,0.5,1,348,3.55,0.1,1.856744462762714,False,5,0.71
200,40,0.2,0.5,0.5,1,349,3.475,0.1,1.8164181787242717,False,5,0.6950000000000001
200,40,0.2,0.5,0.5,1,350,3.4,0.1,1.7578395831246947,False,4,0.68
200,40,0.2,0.5,0.5,1,351,3.425,0.1,1.7872814551715126,False,4,0.685
200,40,0.2,0.5,0.5,1,352,3.3,0.1,1.7776388834631178,False,4,0.66
200,40,0.2,0.5,0.5,1,353,3.2,0.125,1.8193405398660252,False,5,0.6400000000000001
200,40,0.2,0.5,0.5,1,354,3.05,0.15,1.8159019797334877,False,4,0.61
200,40,0.2,0.5,0.5,1,355,3.1,0.15,1.8547236990991407,False,4,0.6200000000000001
200,40,0.2,0.5,0.5,1,356,3.225,0.15,1.9298639848445278,False,5,0.645
200,40,0.2,0.5,0.5,1,357,3.125,0.175,1.925973779676141,False,5,0.625
200,40,0.2,0.5,0.5,1,358,3.15,0.175,1.943579172557681,False,5,0.63
200,40,0.2,0.5,0.5,1,359,3.1,0.175,1.9595917942265424,False,4,0.6200000000000001
200,40,0.2,0.5,0.5,1,360,2.975,0.2,1.9168659316707573,False,4,0.5950000000000001
200,40,0.2,0.5,0.5,1,361,2.9,0.2,1.9078784028338913,False,5,0.58
200,40,0.2,0.5,0.5,1,362,2.9,0.225,1.9849433241279208,False,4,0.58
200,40,0.2,0.5,0.5,1,363,3.025,0.225,2.091500657422799,False,5,0.605
200,40,0.2,0.5,0.5,1,364,2.975,0.225,2.0431287282009425,False,4,0.5950000000000001
200,40,0.2,0.5,0.5,1,365,3.125,0.2,2.063825331756542,False,5,0.625
200,40,0.2,0.5,0.5,1,366,3.2,0.175,2.0149441679609885,False,5,0.6400000000000001
200,40,0.2,0.5,0.5,1,367,3.35,0.15,1.9817921182606413,False,5,0.67
200,40,0.2,0.5,0.5,1,368,3.5,0.15,2.0,False,5,0.7000000000000001
200,40,0.2,0.5,0.5,1,369,3.475,0.1,1.8839785030620706,False,1,0.6950000000000001
200,40,0.2,0.5,0.5,1,370,3.45,0.1,1.8296174463531987,False,1,0.6900000000000001
200,40,0.2,0.5,0.5,1,371,3.375,0.125,1.839667089448523,False,0,0.675
200,40,0.2,0.5,0.5,1,372,3.4,0.125,1.8547236990991407,False,0,0.68
200,40,0.2,0.5,0.5,1,373,3.425,0.125,1.869324744393012,False,0,0.685
200,40,0.2,0.5,0.5,1,374,3.325,0.15,1.889278962990908,False,0,0.665
200,40,0.2,0.5,0.5,1,375,3.4,0.125,1.9339079605813716,False,1,0.68
200,40,0.2,0.5,0.5,1,376,3.275,0.175,1.9619824158233428,False,2,0.655
200,40,0.2,0.5,0.5,1,377,3.4,0.2,2.0223748416156684,False,3,0.68
200,40,0.2,0.5,0.5,1,378,3.375,0.175,1.945347012746055,False,0,0.675
200,40,0.2,0.5,0.5,1,379,3.45,0.125,1.909842925478428,False,0,0.6900000000000001
200,40,0.2,0.5,0.5,1,380,3.45,0.125,1.922888452302941,False,0,0.6900000000000001
200,40,0.2,0.5,0.5,1,381,3.475,0.1,1.8437394067492292,False,1,0.6950000000000001
200,40,0.2,0.5,0.5,1,382,3.475,0.075,1.8026022855860357,False,2,0.6950000000000001
200,40,0.2,0.5,0.5,1,383,3.375,0.075,1.79843682124227,False,2,0.675
200,40,0.2,0.5,0.5,1,384,3.325,0.075,1.8626258346753382,False,2,0.665
200,40,0.2,0.5,0.5,1,385,3.35,0.05,1.8241436346954698,False,3,0.67
200,40,0.2,0.5,0.5,1,386,3.25,0.075,1.7993054215446582,False,4,0.65
200,40,0.2,0.5,0.5,1,387,3.2,0.1,1.8734993995195195,False,4,0.6400000000000001
200,40,0.2,0.5,0.5,1,388,3.25,0.125,1.920286436967152,False,4,0.65
200,40,0.2,0.5,0.5,1,389,3.175,0.15,1.9350387593017355,False,3,0.635
200,40,0.2,0.5,0.5,1,390,3.25,0.125,1.9461500456028564,False,4,0.65
200,40,0.2,0.5,0.5,1,391,3.45,0.1,1.8967076738390658,False,5,0.6900000000000001
200,40,0.2,0.5,0.5,1,392,3.425,0.1,1.8423829677892705,False,4,0.685
200,40,0.2,0.5,0.5,1,393,3.425,0.1,1.8559027452967465,False,5,0.685
200,40,0.2,0.5,0.5,1,394,3.35,0.125,1.878163997099295,False,5,0.67
200,40,0.2,0.5,0.5,1,395,3.3,0.1,1.8466185312619388,False,5,0.66
200,40,0.2,0.5,0.5,1,396,3.225,0.1,1.8232868671714828,False,5,0.645
200,40,0.2,0.5,0.5,1,397,3.225,0.125,1.9168659316707573,False,5,0.645
200,40,0.2,0.5,0.5,1,398,3.275,0.125,1.9103337404757317,False,5,0.655
200,40,0.2,0.5,0.5,1,399,3.25,0.1,1.8674849396983098,False,5,0.65
200,40,0.2,0.5,0.5,1,400,3.15,0.1,1.7965244223221681,False,5,0.63
200,40,0.2,0.75,0.75,1,1,3.675,0.1,1.6790994610206984,False,4,0.735
200,40,0.2,0.75,0.75,1,2,3.65,0.1,1.6665833312498959,False,4,0.73
200,40,0.2,0.75,0.75,1,3,3.625,0.1,1.653594569415369,False,5,0.7250000000000001
200,40,0.2,0.75,0.75,1,4,3.675,0.1,1.664143924064262,False,4,0.735
200,40,0.2,0.75,0.75,1,5,3.65,0.1,1.6963195453687374,False,5,0.73
200,40,0.2,0.75,0.75,1,6,3.675,0.075,1.6029270101910442,False,5,0.735
200,40,0.2,0.75,0.75,1,7,3.7,0.075,1.5684387141358123,False,4,0.7400000000000001
200,40,0.2,0.75,0.75,1,8,3.75,0.075,1.5771810295587505,False,4,0.75
200,40,0.2,0.75,0.75,1,9,3.825,0.1,1.6716384178404133,False,4,0.7650000000000001
200,40,0.2,0.75,0.75,1,10,3.775,0.1,1.6656455205114922,False,5,0.755
200,40,0.2,0.75,0.75,1,11,3.775,0.075,1.604485898972004,False,4,0.755
200,40,0.2,0.75,0.75,1,12,3.725,0.075,1.6122577337386228,False,5,0.7450000000000001
200,40,0.2,0.75,0.75,1,13,3.85,0.075,1.5740076238697194,False,5,0.77
200,40,0.2,0.75,0.75,1,14,3.825,0.075,1.6261534367949415,False,5,0.7650000000000001
200,40,0.2,0.75,0.75,1,15,3.75,0.075,1.6695807857064,False,5,0.75
200,40,0.2,0.75,0.75,1,16,3.7,0.075,1.6911534525287764,False,5,0.7400000000000001
200,40,0.2,0.75,0.75,1,17,3.65,0.075,1.6815171720800237,False,5,0.73
200,40,0.2,0.75,0.75,1,18,3.525,0.075,1.6429774800647756,False,5,0.7050000000000001
200,40,0.2,0.75,0.75,1,19,3.5,0.075,1.6431676725154984,False,5,0.7000000000000001
200,40,0.2,0.75,0.75,1,20,3.55,0.075,1.6575584454250776,False,5,0.71
200,40,0.2,0.75,0.75,1,21,3.525,0.075,1.6429774800647756,False,3,0.7050000000000001
200,40,0.2,0.75,0.75,1,22,3.575,0.075,1.6566155257029316,False,4,0.7150000000000001
200,40,0.2,0.75,0.75,1,23,3.7,0.05,1.5684387141358123,False,5,0.7400000000000001
200,40,0.2,0.75,0.75,1,24,3.725,0.025,1.5327671055969332,False,5,0.7450000000000001
200,40,0.2,0.75,0.75,1,25,3.7,0.025,1.5198684153570663,False,5,0.7400000000000001
200,40,0.2,0.75,0.75,1,26,3.725,0.025,1.5327671055969332,False,5,0.7450000000000001
200,40,0.2,0.75,0.75,1,27,3.725,0.025,1.483028994996389,False,3,0.7450000000000001
200,40,0.2,0.75,0.75,1,28,3.725,0.025,1.483028994996389,False,4,0.7450000000000001
200,40,0.2,0.75,0.75,1,29,3.7,0.025,1.4866068747318506,False,4,0.7400000000000001
200,40,0.2,0.75,0.75,1,30,3.7,0.025,1.4866068747318506,False,2,0.7400000000000001
200,40,0.2,0.75,0.75,1,31,3.625,0.025,1.4779631253857453,False,1,0.7250000000000001
200,40,0.2,0.75,0.75,1,32,3.525,0.05,1.5489916074659669,False,1,0.7050000000000001
200,40,0.2,0.75,0.75,1,33,3.55,0.05,1.5644487847162016,False,1,0.71
200,40,0.2,0.75,0.75,1,34,3.6,0.05,1.5132745950421556,False,0,0.7200000000000001
200,40,0.2,0.75,0.75,1,35,3.75,0.05,1.5612494995995996,False,1,0.75
200,40,0.2,0.75,0.75,1,36,3.75,0.05,1.5451537140362444,False,2,0.75
200,40,0.2,0.75,0.75,1,37,3.7,0.05,1.5362291495737217,False,2,0.7400000000000001
200,40,0.2,0.75,0.75,1,38,3.675,0.05,1.5229494410518032,False,1,0.735
200,40,0.2,0.75,0.75,1,39,3.625,0.05,1.4947825928876748,False,2,0.7250000000000001
200,40,0.2,0.75,0.75,1,40,3.575,0.05,1.514719445970111,False,3,0.7150000000000001
200,40,0.2,0.75,0.75,1,41,3.65,0.025,1.4756354563373706,False,4,0.73
200,40,0.2,0.75,0.75,1,42,3.65,0.025,1.4756354563373706,False,4,0.73
200,40,0.2,0.75,0.75,1,43,3.725,0.025,1.4315638302220408,False,5,0.7450000000000001
200,40,0.2,0.75,0.75,1,44,3.7,0.05,1.5362291495737217,False,5,0.7400000000000001
200,40,0.2,0.75,0.75,1,45,3.7,0.05,1.5524174696260025,False,5,0.7400000000000001
200,40,0.2,0.75,0.75,1,46,3.675,0.05,1.6029270101910442,False,4,0.735
200,40,0.2,0.75,0.75,1,47,3.6,0.05,1.6401219466856725,False,5,0.7200000000000001
200,40,0.2,0.75,0.75,1,48,3.65,0.05,1.6209565077447328,False,5,0.73
200,40,0.2,0.75,0.75,1,49,3.575,0.05,1.6107063667844614,False,5,0.7150000000000001
200,40,0.2,0.75,0.75,1,50,3.575,0.05,1.595109714094927,False,5,0.7150000000000001
200,40,0.2,0.75,0.75,1,51,3.525,0.075,1.6276900810658028,False,5,0.7050000000000001
200,40,0.2,0.75,0.75,1,52,3.45,0.075,1.6575584454250776,False,4,0.6900000000000001
200,40,0.2,0.75,0.75,1,53,3.375,0.1,1.71300175131259,False,3,0.675
200,40,0.2,0.75,0.75,1,54,3.375,0.1,1.756238878968348,False,4,0.675
200,40,0.2,0.75,0.75,1,55,3.375,0.1,1.7419457511644845,False,4,0.675
200,40,0.2,0.75,0.75,1,56,3.4,0.1,1.772004514666935,False,5,0.68
200,40,0.2,0.75,0.75,1,57,3.4,0.1,1.7291616465790582,False,5,0.68
200,40,0.2,0.75,0.75,1,58,3.425,0.1,1.715918121589722,False,4,0.685
200,40,0.2,0.75,0.75,1,59,3.425,0.125,1.7732385626305334,False,3,0.685
200,40,0.2,0.75,0.75,1,60,3.4,0.15,1.8138357147217055,False,3,0.68
200,40,0.2,0.75,0.75,1,61,3.35,0.125,1.7965244223221681,False,4,0.67
200,40,0.2,0.75,0.75,1,62,3.3,0.15,1.7916472867168918,False,5,0.66
200,40,0.2,0.75,0.75,1,63,3.325,0.15,1.8081413108493485,False,4,0.665
200,40,0.2,0.75,0.75,1,64,3.375,0.15,1.8532066803246745,False,4,0.675
200,40,0.2,0.75,0.75,1,65,3.425,0.15,1.8559027452967465,False,5,0.685
200,40,0.2,0.75,0.75,1,66,3.475,0.15,1.8706616476530435,False,4,0.6950000000000001
200,40,0.2,0.75,0.75,1,67,3.525,0.175,1.9491985532520795,False,4,0.7050000000000001
200,40,0.2,0.75,0.75,1,68,3.625,0.15,1.906403682329637,False,4,0.7250000000000001
200,40,0.2,0.75,0.75,1,69,3.525,0.15,1.8972018869904173,False,5,0.7050000000000001
200,40,0.2,0.75,0.75,1,70,3.575,0.125,1.8012148678045048,False,5,0.7150000000000001
200,40,0.2,0.75,0.75,1,71,3.575,0.125,1.8012148678045048,False,4,0.7150000000000001
200,40,0.2,0.75,0.75,1,72,3.625,0.1,1.71300175131259,False,3,0.7250000000000001
200,40,0.2,0.75,0.75,1,73,3.575,0.125,1.759083568225228,False,4,0.7150000000000001
200,40,0.2,0.75,0.75,1,74,3.55,0.1,1.6874537030686205,False,4,0.71
200,40,0.2,0.75,0.75,1,75,3.5,0.1,1.6733200530681511,False,3,0.7000000000000001
200,40,0.2,0.75,0.75,1,76,3.5,0.1,1.6583123951777,False,0,0.7000000000000001
200,40,0.2,0.75,0.75,1,77,3.6,0.1,1.6852299546352718,False,1,0.7200000000000001
200,40,0.2,0.75,0.75,1,78,3.6,0.125,1.7291616465790582,False,2,0.7200000000000001
200,40,0.2,0.75,0.75,1,79,3.625,0.125,1.8122844699439433,False,3,0.7250000000000001
200,40,0.2,0.75,0.75,1,80,3.5,0.15,1.949358868961793,False,0,0.7000000000000001
200,40,0.2,0.75,0.75,1,81,3.475,0.1,1.8301297768191194,False,0,0.6950000000000001
200,40,0.2,0.75,0.75,1,82,3.475,0.1,1.8437394067492292,False,0,0.6950000000000001
200,40,0.2,0.75,0.75,1,83,3.525,0.075,1.8026022855860357,False,0,0.7050000000000001
200,40,0.2,0.75,0.75,1,84,3.625,0.075,1.8532066803246745,False,1,0.7250000000000001
200,40,0.2,0.75,0.75,1,85,3.575,0.075,1.8958836989646808,False,1,0.7150000000000001
200,40,0.2,0.75,0.75,1,86,3.5,0.075,1.8708286933869707,False,1,0.7000000000000001
200,40,0.2,0.75,0.75,1,87,3.6,0.025,1.7291616465790582,False,2,0.7200000000000001
200,40,0.2,0.75,0.75,1,88,3.6,0.025,1.772004514666935,False,2,0.7200000000000001
200,40,0.2,0.75,0.75,1,89,3.65,0.05,1.851350858157362,False,3,0.73
200,40,0.2,0.75,0.75,1,90,3.625,0.05,1.8666480653835098,False,4,0.7250000000000001
200,40,0.2,0.75,0.75,1,91,3.575,0.05,1.8559027452967465,False,5,0.7150000000000001
200,40,0.2,0.75,0.75,1,92,3.575,0.05,1.8559027452967465,False,5,0.7150000000000001
200,40,0.2,0.75,0.75,1,93,3.45,0.075,1.8834808201837363,False,5,0.6900000000000001
200,40,0.2,0.75,0.75,1,94,3.475,0.075,1.8972018869904173,False,5,0.6950000000000001
200,40,0.2,0.75,0.75,1,95,3.425,0.05,1.8423829677892705,False,5,0.685
200,40,0.2,0.75,0.75,1,96,3.4,0.075,1.8947295321496416,False,4,0.68
200,40,0.2,0.75,0.75,1,97,3.35,0.1,1.9306734576307822,False,5,0.67
200,40,0.2,0.75,0.75,1,98,3.3,0.125,1.9261360284258222,False,5,0.66
200,40,0.2,0.75,0.75,1,99,3.275,0.125,1.9103337404757317,False,5,0.655
200,40,0.2,0.75,0.75,1,100,3.15,0.15,1.9563997546513852,True,0,0.63
200,40,0.2,0.75,0.75,1,101,3.15,0.15,1.943579172557681,True,0,0.63
200,40,0.2,0.75,0.75,1,102,3.125,0.15,1.9389107766991238,True,0,0.625
200,40,0.2,0.75,0.75,1,103,2.975,0.2,1.993583456993963,True,0,0.5950000000000001
200,40,0.2,0.75,0.75,1,104,2.825,0.25,2.084316434709471,True,0,0.5650000000000001
200,40,0.2,0.75,0.75,1,105,2.75,0.25,2.05851888502389,True,0,0.55
200,40,0.2,0.75,0.75,1,106,2.725,0.25,2.0123058912600738,True,0,0.545
200,40,0.2,0.75,0.75,1,107,2.675,0.25,1.9797411446954372,True,0,0.535
200,40,0.2,0.75,0.75,1,108,2.675,0.225,1.9923290390896782,False,1,0.535
200,40,0.2,0.75,0.75,1,109,2.6,0.2,1.9078784028338913,False,2,0.52
200,40,0.2,0.75,0.75,1,110,2.475,0.2,1.8301297768191194,False,3,0.49500000000000005
200,40,0.2,0.75,0.75,1,111,2.45,0.2,1.8296174463531987,False,4,0.49000000000000005
200,40,0.2,0.75,0.75,1,112,2.6,0.2,1.9078784028338913,False,5,0.52
200,40,0.2,0.75,0.75,1,113,2.625,0.225,1.9194725838104592,False,5,0.525
200,40,0.2,0.75,0.75,1,114,2.575,0.25,1.9220757009025424,False,5,0.515
200,40,0.2,0.75,0.75,1,115,2.5,0.25,1.949358868961793,False,5,0.5
200,40,0.2,0.75,0.75,1,116,2.5,0.225,1.9621416870348583,False,5,0.5
200,40,0.2,0.75,0.75,1,117,2.425,0.225,1.9220757009025424,False,5,0.485
200,40,0.2,0.75,0.75,1,118,2.375,0.225,1.879993351052072,False,5,0.47500000000000003
200,40,0.2,0.75,0.75,1,119,2.3,0.275,1.9,False,5,0.45999999999999996
200,40,0.2,0.75,0.75,1,120,2.4,0.25,1.9595917942265424,False,5,0.48
200,40,0.2,0.75,0.75,1,121,2.425,0.275,1.9860450649469161,False,5,0.485
200,40,0.2,0.75,0.75,1,122,2.525,0.25,1.9619824158233428,False,5,0.505
200,40,0.2,0.75,0.75,1,123,2.575,0.25,1.9734170871865886,False,5,0.515
200,40,0.2,0.75,0.75,1,124,2.675,0.25,2.0048378986840807,False,5,0.535
200,40,0.2,0.75,0.75,1,125,2.775,0.225,1.9683432119424702,False,5,0.555
200,40,0.2,0.75,0.75,1,126,2.85,0.225,1.9563997546513852,False,5,0.5700000000000001
200,40,0.2,0.75,0.75,1,127,2.975,0.2,1.9298639848445278,False,5,0.5950000000000001
200,40,0.2,0.75,0.75,1,128,3.125,0.175,1.899835519196333,False,5,0.625
200,40,0.2,0.75,0.75,1,129,3.2,0.175,1.8601075237738274,False,5,0.6400000000000001
200,40,0.2,0.75,0.75,1,130,3.275,0.175,1.8706616476530435,False,5,0.655
200,40,0.2,0.75,0.75,1,131,3.275,0.175,1.8572493101358256,False,4,0.655
200,40,0.2,0.75,0.75,1,132,3.275,0.175,1.8572493101358256,False,4,0.655
200,40,0.2,0.75,0.75,1,133,3.3,0.175,1.8734993995195195,False,5,0.66
200,40,0.2,0.75,0.75,1,134,3.225,0.175,1.8505066873697051,False,3,0.645
200,40,0.2,0.75,0.75,1,135,3.35,0.175,1.9176808910765106,False,4,0.67
200,40,0.2,0.75,0.75,1,136,3.35,0.175,1.9306734576307822,False,4,0.67
200,40,0.2,0.75,0.75,1,137,3.4,0.15,1.9078784028338913,False,4,0.68
200,40,0.2,0.75,0.75,1,138,3.4,0.175,1.9595917942265424,False,5,0.68
200,40,0.2,0.75,0.75,1,139,3.45,0.175,2.0242282479997162,False,5,0.6900000000000001
200,40,0.2,0.75,0.75,1,140,3.375,0.175,2.0085753657754544,False,5,0.675
200,40,0.2,0.75,0.75,1,141,3.325,0.175,1.9923290390896782,False,4,0.665
200,40,0.2,0.75,0.75,1,142,3.3,0.2,2.0273134932713295,False,5,0.66
200,40,0.2,0.75,0.75,1,143,3.3,0.2,2.0273134932713295,False,2,0.66
200,40,0.2,0.75,0.75,1,144,3.375,0.2,2.033316256758894,False,0,0.675
200,40,0.2,0.75,0.75,1,145,3.475,0.15,1.9233759382918358,False,0,0.6950000000000001
200,40,0.2,0.75,0.75,1,146,3.475,0.15,1.9233759382918358,False,1,0.6950000000000001
200,40,0.2,0.75,0.75,1,147,3.475,0.15,1.9233759382918358,False,0,0.6950000000000001
200,40,0.2,0.75,0.75,1,148,3.5,0.2,2.024845673131659,False,0,0.7000000000000001
200,40,0.2,0.75,0.75,1,149,3.5,0.175,1.949358868961793,False,0,0.7000000000000001
200,40,0.2,0.75,0.75,1,150,3.5,0.15,1.8439088914585775,False,0,0.7000000000000001
200,40,0.2,0.75,0.75,1,151,3.5,0.15,1.8439088914585775,False,0,0.7000000000000001
200,40,0.2,0.75,0.75,1,152,3.575,0.125,1.7448137436414237,False,1,0.7150000000000001
200,40,0.2,0.75,0.75,1,153,3.6,0.125,1.7578395831246947,False,1,0.7200000000000001
200,40,0.2,0.75,0.75,1,154,3.65,0.125,1.7825543469975886,False,0,0.73
200,40,0.2,0.75,0.75,1,155,3.7,0.125,1.8055470085267789,False,1,0.7400000000000001
200,40,0.2,0.75,0.75,1,156,3.675,0.125,1.7942616865998116,False,2,0.735
200,40,0.2,0.75,0.75,1,157,3.7,0.15,1.8466185312619388,False,3,0.7400000000000001
200,40,0.2,0.75,0.75,1,158,3.75,0.125,1.8131464364468746,False,4,0.75
200,40,0.2,0.75,0.75,1,159,3.825,0.1,1.715918121589722,False,5,0.7650000000000001
200,40,0.2,0.75,0.75,1,160,3.75,0.1,1.6992645467966427,False,4,0.75
200,40,0.2,0.75,0.75,1,161,3.7,0.1,1.676305461424021,False,4,0.7400000000000001
200,40,0.2,0.75,0.75,1,162,3.725,0.1,1.6880091824394794,False,5,0.7450000000000001
200,40,0.2,0.75,0.75,1,163,3.7,0.125,1.7492855684535902,False,5,0.7400000000000001
200,40,0.2,0.75,0.75,1,164,3.7,0.125,1.7492855684535902,False,5,0.7400000000000001
200,40,0.2,0.75,0.75,1,165,3.75,0.125,1.771298958391835,False,5,0.75
200,40,0.2,0.75,0.75,1,166,3.725,0.125,1.7318703762117995,False,5,0.7450000000000001
200,40,0.2,0.75,0.75,1,167,3.725,0.125,1.7318703762117995,False,5,0.7450000000000001
200,40,0.2,0.75,0.75,1,168,3.675,0.125,1.7086178624841777,False,4,0.735
200,40,0.2,0.75,0.75,1,169,3.775,0.125,1.739073028943868,False,5,0.755
200,40,0.2,0.75,0.75,1,170,3.75,0.125,1.7428425057933377,False,3,0.75
200,40,0.2,0.75,0.75,1,171,3.675,0.125,1.7231874535290699,False,4,0.735
200,40,0.2,0.75,0.75,1,172,3.65,0.125,1.7109938632268673,False,5,0.73
200,40,0.2,0.75,0.75,1,173,3.625,0.125,1.698344782427879,False,3,0.7250000000000001
200,40,0.2,0.75,0.75,1,174,3.725,0.125,1.7173744495595595,False,4,0.7450000000000001
200,40,0.2,0.75,0.75,1,175,3.725,0.125,1.7605041891458253,False,5,0.7450000000000001
200,40,0.2,0.75,0.75,1,176,3.675,0.125,1.7661752461180062,False,5,0.735
200,40,0.2,0.75,0.75,1,177,3.6,0.125,1.7578395831246947,False,5,0.7200000000000001
200,40,0.2,0.75,0.75,1,178,3.55,0.125,1.745709025009609,False,4,0.71
200,40,0.2,0.75,0.75,1,179,3.55,0.125,1.7599715906798041,False,5,0.71
200,40,0.2,0.75,0.75,1,180,3.7,0.1,1.676305461424021,False,5,0.7400000000000001
200,40,0.2,0.75,0.75,1,181,3.7,0.1,1.6613247725836149,False,4,0.7400000000000001
200,40,0.2,0.75,0.75,1,182,3.7,0.1,1.6613247725836149,False,5,0.7400000000000001
200,40,0.2,0.75,0.75,1,183,3.725,0.1,1.6880091824394794,False,5,0.7450000000000001
200,40,0.2,0.75,0.75,1,184,3.7,0.075,1.5362291495737217,False,4,0.7400000000000001
200,40,0.2,0.75,0.75,1,185,3.7,0.1,1.6,False,4,0.7400000000000001
200,40,0.2,0.75,0.75,1,186,3.675,0.1,1.6338222057494505,False,5,0.735
200,40,0.2,0.75,0.75,1,187,3.75,0.1,1.5929532322073992,False,4,0.75
200,40,0.2,0.75,0.75,1,188,3.8,0.075,1.452583904633395,False,4,0.76
200,40,0.2,0.75,0.75,1,189,3.8,0.075,1.452583904633395,False,5,0.76
200,40,0.2,0.75,0.75,1,190,3.825,0.075,1.464368464560747,False,5,0.7650000000000001
200,40,0.2,0.75,0.75,1,191,3.825,0.075,1.464368464560747,False,3,0.7650000000000001
200,40,0.2,0.75,0.75,1,192,3.875,0.1,1.5522161576275386,False,0,0.775
200,40,0.2,0.75,0.75,1,193,3.85,0.1,1.6209565077447328,False,0,0.77
200,40,0.2,0.75,0.75,1,194,3.825,0.1,1.6566155257029316,False,0,0.7650000000000001
200,40,0.2,0.75,0.75,1,195,3.9,0.1,1.6093476939431082,False,0,0.78
200,40,0.2,0.75,0.75,1,196,3.875,0.1,1.5682394587562194,False,1,0.775
200,40,0.2,0.75,0.75,1,197,3.875,0.1,1.5682394587562194,False,2,0.775
200,40,0.2,0.75,0.75,1,198,3.925,0.075,1.5392774278862145,False,3,0.785
200,40,0.2,0.75,0.75,1,199,3.9,0.075,1.5297058540778354,False,3,0.78
200,40,0.2,0.75,0.75,1,200,3.875,0.075,1.5196627915429133,False,3,0.775
200,40,0.2,0.75,0.75,1,201,3.9,0.1,1.5937377450509227,False,4,0.78
200,40,0.2,0.75,0.75,1,202,3.875,0.075,1.5360257159305635,False,5,0.775
200,40,0.2,0.75,0.75,1,203,3.775,0.075,1.5081031131855673,False,5,0.755
200,40,0.2,0.75,0.75,1,204,3.75,0.075,1.4958275301651591,False,5,0.75
200,40,0.2,0.75,0.75,1,205,3.725,0.075,1.466074691139575,False,5,0.7450000000000001
200,40,0.2,0.75,0.75,1,206,3.675,0.075,1.4558073361540669,False,5,0.735
200,40,0.2,0.75,0.75,1,207,3.75,0.075,1.4620191517213446,False,5,0.75
200,40,0.2,0.75,0.75,1,208,3.775,0.075,1.5081031131855673,False,4,0.755
200,40,0.2,0.75,0.75,1,209,3.775,0.075,1.5730146216739374,False,4,0.755
200,40,0.2,0.75,0.75,1,210,3.75,0.075,1.6393596310755,False,5,0.75
200,40,0.2,0.75,0.75,1,211,3.6,0.075,1.6401219466856725,False,5,0.7200000000000001
200,40,0.2,0.75,0.75,1,212,3.575,0.075,1.595109714094927,False,4,0.7150000000000001
200,40,0.2,0.75,0.75,1,213,3.575,0.075,1.595109714094927,False,5,0.7150000000000001
200,40,0.2,0.75,0.75,1,214,3.6,0.075,1.6093476939431082,False,5,0.7200000000000001
200,40,0.2,0.75,0.75,1,215,3.675,0.075,1.6184483309639515,False,4,0.735
200,40,0.2,0.75,0.75,1,216,3.7,0.075,1.6613247725836149,False,5,0.7400000000000001
200,40,0.2,0.75,0.75,1,217,3.7,0.075,1.6309506430300091,False,4,0.7400000000000001
200,40,0.2,0.75,0.75,1,218,3.7,0.075,1.6155494421403511,False,5,0.7400000000000001
200,40,0.2,0.75,0.75,1,219,3.7,0.075,1.6613247725836149,False,5,0.7400000000000001
200,40,0.2,0.75,0.75,1,220,3.625,0.075,1.7275343701356567,False,4,0.7250000000000001
200,40,0.2,0.75,0.75,1,221,3.55,0.075,1.7599715906798041,False,5,0.71
200,40,0.2,0.75,0.75,1,222,3.4,0.075,1.6852299546352718,False,4,0.68
200,40,0.2,0.75,0.75,1,223,3.5,0.075,1.6881943016134133,False,5,0.7000000000000001
200,40,0.2,0.75,0.75,1,224,3.525,0.1,1.7173744495595595,False,3,0.7050000000000001
200,40,0.2,0.75,0.75,1,225,3.475,0.125,1.788679680658334,False,1,0.6950000000000001
200,40,0.2,0.75,0.75,1,226,3.475,0.125,1.788679680658334,False,2,0.6950000000000001
200,40,0.2,0.75,0.75,1,227,3.425,0.125,1.8287632432876597,False,2,0.685
200,40,0.2,0.75,0.75,1,228,3.5,0.1,1.8027756377319946,False,3,0.7000000000000001
200,40,0.2,0.75,0.75,1,229,3.475,0.075,1.7318703762117995,False,4,0.6950000000000001
200,40,0.2,0.75,0.75,1,230,3.425,0.075,1.7732385626305334,False,4,0.685
200,40,0.2,0.75,0.75,1,231,3.325,0.1,1.7802738553379927,False,5,0.665
200,40,0.2,0.75,0.75,1,232,3.3,0.075,1.7349351572897473,False,5,0.66
200,40,0.2,0.75,0.75,1,233,3.225,0.1,1.7675901674313534,False,4,0.645
200,40,0.2,0.75,0.75,1,234,3.175,0.125,1.8287632432876597,False,4,0.635
200,40,0.2,0.75,0.75,1,235,3.125,0.125,1.8599395151455866,False,4,0.625
200,40,0.2,0.75,0.75,1,236,3.25,0.1,1.8540496217739157,False,0,0.65
200,40,0.2,0.75,0.75,1,237,3.325,0.075,1.8081413108493485,False,0,0.665
200,40,0.2,0.75,0.75,1,238,3.3,0.075,1.8055470085267789,False,1,0.66
200,40,0.2,0.75,0.75,1,239,3.3,0.075,1.8055470085267789,False,1,0.66
200,40,0.2,0.75,0.75,1,240,3.25,0.1,1.840516231930596,False,0,0.65
200,40,0.2,0.75,0.75,1,241,3.225,0.125,1.8773318832854249,False,1,0.645
200,40,0.2,0.75,0.75,1,242,3.175,0.175,1.9860450649469161,False,2,0.635
200,40,0.2,0.75,0.75,1,243,3.1,0.15,1.9595917942265424,False,2,0.6200000000000001
200,40,0.2,0.75,0.75,1,244,3.025,0.15,1.9427750770482928,False,1,0.605
200,40,0.2,0.75,0.75,1,245,3.0,0.175,1.8841443681416772,False,2,0.6000000000000001
200,40,0.2,0.75,0.75,1,246,3.075,0.15,1.8626258346753382,False,2,0.6150000000000001
200,40,0.2,0.75,0.75,1,247,3.125,0.15,1.899835519196333,False,3,0.625
200,40,0.2,0.75,0.75,1,248,3.175,0.15,1.8958836989646808,False,4,0.635
200,40,0.2,0.75,0.75,1,249,3.25,0.125,1.826882590644511,False,4,0.65
200,40,0.2,0.75,0.75,1,250,3.25,0.125,1.826882590644511,False,5,0.65
200,40,0.2,0.75,0.75,1,251,3.325,0.15,1.8759997334754608,False,4,0.665
200,40,0.2,0.75,0.75,1,252,3.525,0.125,1.8301297768191194,False,5,0.7050000000000001
200,40,0.2,0.75,0.75,1,253,3.65,0.1,1.7399712641305316,False,5,0.73
200,40,0.2,0.75,0.75,1,254,3.625,0.1,1.7419457511644845,False,5,0.7250000000000001
200,40,0.2,0.75,0.75,1,255,3.6,0.075,1.6703293088490065,False,5,0.7200000000000001
200,40,0.2,0.75,0.75,1,256,3.6,0.075,1.6703293088490065,False,4,0.7200000000000001
200,40,0.2,0.75,0.75,1,257,3.6,0.075,1.7146428199482247,False,4,0.7200000000000001
200,40,0.2,0.75,0.75,1,258,3.625,0.075,1.756238878968348,False,5,0.7250000000000001
200,40,0.2,0.75,0.75,1,259,3.575,0.075,1.7448137436414237,False,5,0.7150000000000001
200,40,0.2,0.75,0.75,1,260,3.7,0.05,1.6462077633154328,False,5,0.7400000000000001
200,40,0.2,0.75,0.75,1,261,3.75,0.05,1.5771810295587505,False,5,0.75
200,40,0.2,0.75,0.75,1,262,3.7,0.05,1.5524174696260025,False,5,0.7400000000000001
200,40,0.2,0.75,0.75,1,263,3.65,0.05,1.5580436450882882,False,5,0.73
200,40,0.2,0.75,0.75,1,264,3.65,0.075,1.5740076238697194,False,5,0.73
200,40,0.2,0.75,0.75,1,265,3.6,0.075,1.5937377450509227,False,4,0.7200000000000001
200,40,0.2,0.75,0.75,1,266,3.675,0.075,1.6184483309639515,False,5,0.735
200,40,0.2,0.75,0.75,1,267,3.675,0.075,1.6184483309639515,False,5,0.735
200,40,0.2,0.75,0.75,1,268,3.725,0.075,1.5966762351835766,False,5,0.7450000000000001
200,40,0.2,0.75,0.75,1,269,3.75,0.075,1.6085707942145413,False,5,0.75
200,40,0.2,0.75,0.75,1,270,3.75,0.075,1.6240381768911716,False,4,0.75
200,40,0.2,0.75,0.75,1,271,3.725,0.075,1.6122577337386228,False,0,0.7450000000000001
200,40,0.2,0.75,0.75,1,272,3.675,0.075,1.6338222057494505,False,0,0.735
200,40,0.2,0.75,0.75,1,273,3.675,0.075,1.664143924064262,False,0,0.735
200,40,0.2,0.75,0.75,1,274,3.625,0.075,1.6835602157333132,False,1,0.7250000000000001
200,40,0.2,0.75,0.75,1,275,3.625,0.05,1.5441421566682259,False,1,0.7250000000000001
200,40,0.2,0.75,0.75,1,276,3.675,0.05,1.506444489518283,False,2,0.735
200,40,0.2,0.75,0.75,1,277,3.625,0.05,1.5278661590597522,False,3,0.7250000000000001
200,40,0.2,0.75,0.75,1,278,3.575,0.05,1.563449711375457,False,4,0.7150000000000001
200,40,0.2,0.75,0.75,1,279,3.5,0.05,1.5652475842498528,False,5,0.7000000000000001
200,40,0.2,0.75,0.75,1,280,3.475,0.075,1.5809411753762377,False,4,0.6950000000000001
200,40,0.2,0.75,0.75,1,281,3.475,0.1,1.6581239398790428,False,5,0.6950000000000001
200,40,0.2,0.75,0.75,1,282,3.45,0.1,1.6874537030686205,False,5,0.6900000000000001
200,40,0.2,0.75,0.75,1,283,3.45,0.075,1.6575584454250776,False,5,0.6900000000000001
200,40,0.2,0.75,0.75,1,284,3.425,0.075,1.7304262480672212,False,5,0.685
200,40,0.2,0.75,0.75,1,285,3.375,0.075,1.756238878968348,False,4,0.675
200,40,0.2,0.75,0.75,1,286,3.375,0.075,1.7844817174742924,False,2,0.675
200,40,0.2,0.75,0.75,1,287,3.4,0.075,1.772004514666935,False,3,0.68
200,40,0.2,0.75,0.75,1,288,3.425,0.075,1.7732385626305334,False,2,0.685
200,40,0.2,0.75,0.75,1,289,3.5,0.1,1.8303005217723127,False,1,0.7000000000000001
200,40,0.2,0.75,0.75,1,290,3.525,0.1,1.8706616476530435,False,1,0.7050000000000001
200,40,0.2,0.75,0.75,1,291,3.55,0.1,1.909842925478428,False,2,0.71
200,40,0.2,0.75,0.75,1,292,3.525,0.075,1.8839785030620706,False,3,0.7050000000000001
200,40,0.2,0.75,0.75,1,293,3.55,0.075,1.8296174463531987,False,4,0.71
200,40,0.2,0.75,0.75,1,294,3.45,0.075,1.7741194999210173,False,5,0.6900000000000001
200,40,0.2,0.75,0.75,1,295,3.575,0.075,1.759083568225228,False,5,0.7150000000000001
200,40,0.2,0.75,0.75,1,296,3.675,0.075,1.7661752461180062,False,5,0.735
200,40,0.2,0.75,0.75,1,297,3.625,0.1,1.79843682124227,False,4,0.7250000000000001
200,40,0.2,0.75,0.75,1,298,3.675,0.075,1.7231874535290699,False,5,0.735
200,40,0.2,0.75,0.75,1,299,3.625,0.1,1.7704166176355214,False,5,0.7250000000000001
200,40,0.2,0.75,0.75,1,300,3.6,0.1,1.772004514666935,False,4,0.7200000000000001
200,40,0.2,0.75,0.75,1,301,3.575,0.075,1.759083568225228,False,5,0.7150000000000001
200,40,0.2,0.75,0.75,1,302,3.525,0.075,1.7605041891458253,False,5,0.7050000000000001
200,40,0.2,0.75,0.75,1,303,3.5,0.075,1.760681686165901,False,4,0.7000000000000001
200,40,0.2,0.75,0.75,1,304,3.55,0.075,1.7313289693180784,False,5,0.71
200,40,0.2,0.75,0.75,1,305,3.575,0.075,1.715918121589722,False,5,0.7150000000000001
200,40,0.2,0.75,0.75,1,306,3.475,0.1,1.7173744495595595,False,5,0.6950000000000001
200,40,0.2,0.75,0.75,1,307,3.55,0.125,1.8020821290940099,False,5,0.71
200,40,0.2,0.75,0.75,1,308,3.55,0.1,1.745709025009609,False,5,0.71
200,40,0.2,0.75,0.75,1,309,3.55,0.1,1.7741194999210173,False,4,0.71
200,40,0.2,0.75,0.75,1,310,3.5,0.1,1.8027756377319946,False,5,0.7000000000000001
200,40,0.2,0.75,0.75,1,311,3.425,0.1,1.7872814551715126,False,5,0.685
200,40,0.2,0.75,0.75,1,312,3.425,0.1,1.7448137436414237,False,5,0.685
200,40,0.2,0.75,0.75,1,313,3.425,0.125,1.8012148678045048,False,4,0.685
200,40,0.2,0.75,0.75,1,314,3.475,0.1,1.7746478523921303,False,2,0.6950000000000001
200,40,0.2,0.75,0.75,1,315,3.5,0.1,1.7888543819998317,False,2,0.7000000000000001
200,40,0.2,0.75,0.75,1,316,3.575,0.125,1.8287632432876597,False,0,0.7150000000000001
200,40,0.2,0.75,0.75,1,317,3.525,0.125,1.8301297768191194,False,1,0.7050000000000001
200,40,0.2,0.75,0.75,1,318,3.525,0.125,1.8437394067492292,False,0,0.7050000000000001
200,40,0.2,0.75,0.75,1,319,3.45,0.125,1.8159019797334877,False,0,0.6900000000000001
200,40,0.2,0.75,0.75,1,320,3.475,0.1,1.7462459735100322,False,1,0.6950000000000001
200,40,0.2,0.75,0.75,1,321,3.525,0.1,1.788679680658334,False,0,0.7050000000000001
200,40,0.2,0.75,0.75,1,322,3.5,0.1,1.816590212458495,False,0,0.7000000000000001
200,40,0.2,0.75,0.75,1,323,3.425,0.1,1.7872814551715126,False,1,0.685
200,40,0.2,0.75,0.75,1,324,3.4,0.15,1.8814887722226779,False,2,0.68
200,40,0.2,0.75,0.75,1,325,3.425,0.125,1.882651056356435,False,2,0.685
200,40,0.2,0.75,0.75,1,326,3.4,0.125,1.8947295321496416,False,1,0.68
200,40,0.2,0.75,0.75,1,327,3.425,0.125,1.8559027452967465,False,0,0.685
200,40,0.2,0.75,0.75,1,328,3.375,0.15,1.8932445695155182,False,1,0.675
200,40,0.2,0.75,0.75,1,329,3.35,0.15,1.9176808910765106,False,2,0.67
200,40,0.2,0.75,0.75,1,330,3.375,0.15,1.9324531042175384,False,3,0.675
200,40,0.2,0.75,0.75,1,331,3.4,0.15,1.8814887722226779,False,4,0.68
200,40,0.2,0.75,0.75,1,332,3.35,0.15,1.851350858157362,False,5,0.67
200,40,0.2,0.75,0.75,1,333,3.35,0.15,1.851350858157362,False,5,0.67
200,40,0.2,0.75,0.75,1,334,3.425,0.15,1.882651056356435,False,5,0.685
200,40,0.2,0.75,0.75,1,335,3.425,0.15,1.882651056356435,False,5,0.685
200,40,0.2,0.75,0.75,1,336,3.425,0.15,1.882651056356435,False,5,0.685
200,40,0.2,0.75,0.75,1,337,3.35,0.15,1.878163997099295,False,5,0.67
200,40,0.2,0.75,0.75,1,338,3.475,0.125,1.8972018869904173,False,4,0.6950000000000001
200,40,0.2,0.75,0.75,1,339,3.475,0.125,1.8972018869904173,False,5,0.6950000000000001
200,40,0.2,0.75,0.75,1,340,3.475,0.125,1.9233759382918358,False,4,0.6950000000000001
200,40,0.2,0.75,0.75,1,341,3.475,0.125,1.9233759382918358,False,5,0.6950000000000001
200,40,0.2,0.75,0.75,1,342,3.425,0.125,1.9220757009025424,False,5,0.685
200,40,0.2,0.75,0.75,1,343,3.4,0.1,1.8547236990991407,False,5,0.68
200,40,0.2,0.75,0.75,1,344,3.375,0.1,1.8532066803246745,False,5,0.675
200,40,0.2,0.75,0.75,1,345,3.375,0.1,1.8532066803246745,False,4,0.675
200,40,0.2,0.75,0.75,1,346,3.425,0.125,1.9350387593017355,False,5,0.685
200,40,0.2,0.75,0.75,1,347,3.425,0.1,1.882651056356435,False,5,0.685
200,40,0.2,0.75,0.75,1,348,3.4,0.1,1.8814887722226779,False,5,0.68
200,40,0.2,0.75,0.75,1,349,3.35,0.125,1.878163997099295,False,5,0.67
200,40,0.2,0.75,0.75,1,350,3.275,0.125,1.8706616476530435,False,5,0.655
200,40,0.2,0.75,0.75,1,351,3.325,0.125,1.8626258346753382,False,4,0.665
200,40,0.2,0.75,0.75,1,352,3.375,0.125,1.839667089448523,False,5,0.675
200,40,0.2,0.75,0.75,1,353,3.55,0.1,1.7881554742247667,False,5,0.71
200,40,0.2,0.75,0.75,1,354,3.575,0.075,1.7012862780849083,False,5,0.7150000000000001
200,40,0.2,0.75,0.75,1,355,3.6,0.05,1.7,False,5,0.7200000000000001
200,40,0.2,0.75,0.75,1,356,3.525,0.05,1.7027551203857823,False,5,0.7050000000000001
200,40,0.2,0.75,0.75,1,357,3.575,0.05,1.7304262480672212,False,4,0.7150000000000001
200,40,0.2,0.75,0.75,1,358,3.6,0.05,1.7,False,5,0.7200000000000001
200,40,0.2,0.75,0.75,1,359,3.625,0.05,1.668644659596524,False,5,0.7250000000000001
200,40,0.2,0.75,0.75,1,360,3.575,0.05,1.686527497552293,False,5,0.7150000000000001
200,40,0.2,0.75,0.75,1,361,3.6,0.05,1.6552945357246849,False,2,0.7200000000000001
200,40,0.2,0.75,0.75,1,362,3.625,0.075,1.6835602157333132,False,2,0.7250000000000001
200,40,0.2,0.75,0.75,1,363,3.525,0.125,1.8301297768191194,False,0,0.7050000000000001
200,40,0.2,0.75,0.75,1,364,3.475,0.125,1.9103337404757317,False,0,0.6950000000000001
200,40,0.2,0.75,0.75,1,365,3.475,0.1,1.8706616476530435,False,1,0.6950000000000001
200,40,0.2,0.75,0.75,1,366,3.65,0.075,1.7542804792848834,False,0,0.73
200,40,0.2,0.75,0.75,1,367,3.675,0.075,1.7376348868505145,False,0,0.735
200,40,0.2,0.75,0.75,1,368,3.7,0.1,1.7916472867168918,False,1,0.7400000000000001
200,40,0.2,0.75,0.75,1,369,3.625,0.125,1.8532066803246745,False,2,0.7250000000000001
200,40,0.2,0.75,0.75,1,370,3.575,0.1,1.8012148678045048,False,1,0.7150000000000001
200,40,0.2,0.75,0.75,1,371,3.525,0.1,1.788679680658334,False,0,0.7050000000000001
200,40,0.2,0.75,0.75,1,372,3.525,0.125,1.8301297768191194,False,1,0.7050000000000001
200,40,0.2,0.75,0.75,1,373,3.55,0.125,1.8432308591166762,False,2,0.71
200,40,0.2,0.75,0.75,1,374,3.6,0.125,1.786057109949175,False,3,0.7200000000000001
200,40,0.2,0.75,0.75,1,375,3.675,0.1,1.8081413108493485,False,4,0.735
200,40,0.2,0.75,0.75,1,376,3.675,0.125,1.8219152011002049,False,4,0.735
200,40,0.2,0.75,0.75,1,377,3.725,0.1,1.788679680658334,False,5,0.7450000000000001
200,40,0.2,0.75,0.75,1,378,3.675,0.1,1.8081413108493485,False,5,0.735
200,40,0.2,0.75,0.75,1,379,3.6,0.125,1.8547236990991407,False,4,0.7200000000000001
200,40,0.2,0.75,0.75,1,380,3.525,0.125,1.8437394067492292,False,5,0.7050000000000001
200,40,0.2,0.75,0.75,1,381,3.5,0.125,1.8303005217723127,False,4,0.7000000000000001
200,40,0.2,0.75,0.75,1,382,3.525,0.125,1.8437394067492292,False,5,0.7050000000000001
200,40,0.2,0.75,0.75,1,383,3.575,0.1,1.7872814551715126,False,5,0.7150000000000001
200,40,0.2,0.75,0.75,1,384,3.65,0.1,1.8103866990231672,False,5,0.73
200,40,0.2,0.75,0.75,1,385,3.65,0.1,1.8377975949489105,False,5,0.73
200,40,0.2,0.75,0.75,1,386,3.625,0.1,1.8666480653835098,False,5,0.7250000000000001
200,40,0.2,0.75,0.75,1,387,3.525,0.1,1.8301297768191194,False,5,0.7050000000000001
200,40,0.2,0.75,0.75,1,388,3.475,0.1,1.8164181787242717,False,5,0.6950000000000001
200,40,0.2,0.75,0.75,1,389,3.425,0.1,1.7872814551715126,False,5,0.685
200,40,0.2,0.75,0.75,1,390,3.45,0.075,1.745709025009609,False,5,0.6900000000000001
200,40,0.2,0.75,0.75,1,391,3.4,0.075,1.7146428199482247,False,5,0.68
200,40,0.2,0.75,0.75,1,392,3.35,0.075,1.6815171720800237,False,5,0.67
200,40,0.2,0.75,0.75,1,393,3.225,0.075,1.6505680840244064,False,4,0.645
200,40,0.2,0.75,0.75,1,394,3.325,0.075,1.7231874535290699,False,5,0.665
200,40,0.2,0.75,0.75,1,395,3.425,0.075,1.7732385626305334,False,4,0.685
200,40,0.2,0.75,0.75,1,396,3.4,0.1,1.8138357147217055,False,5,0.68
200,40,0.2,0.75,0.75,1,397,3.475,0.125,1.8972018869904173,False,5,0.6950000000000001
200,40,0.2,0.75,0.75,1,398,3.45,0.125,1.909842925478428,False,4,0.6900000000000001
200,40,0.2,0.75,0.75,1,399,3.55,0.125,1.856744462762714,False,5,0.71
200,40,0.2,0.75,0.75,1,400,3.6,0.125,1.8138357147217055,False,5,0.7200000000000001
200,40,0.2,1.0,1.0,1,1,4.0,0.025,1.3601470508735443,False,2,0.8
200,40,0.2,1.0,1.0,1,2,4.0,0.025,1.3601470508735443,False,3,0.8
200,40,0.2,1.0,1.0,1,3,4.0,0.025,1.3601470508735443,False,1,0.8
200,40,0.2,1.0,1.0,1,4,4.0,0.025,1.3601470508735443,False,0,0.8
200,40,0.2,1.0,1.0,1,5,4.0,0.025,1.3601470508735443,False,1,0.8
200,40,0.2,1.0,1.0,1,6,4.0,0.025,1.3601470508735443,False,2,0.8
200,40,0.2,1.0,1.0,1,7,4.0,0.025,1.3601470508735443,False,3,0.8
200,40,0.2,1.0,1.0,1,8,4.0,0.025,1.3601470508735443,False,4,0.8
200,40,0.2,1.0,1.0,1,9,4.0,0.025,1.3601470508735443,False,5,0.8
200,40,0.2,1.0,1.0,1,10,4.0,0.025,1.3601470508735443,False,5,0.8
200,40,0.2,1.0,1.0,1,11,4.0,0.025,1.3601470508735443,False,5,0.8
200,40,0.2,1.0,1.0,1,12,4.0,0.025,1.3601470508735443,False,3,0.8
200,40,0.2,1.0,1.0,1,13,4.0,0.025,1.3601470508735443,False,4,0.8
200,40,0.2,1.0,1.0,1,14,4.0,0.025,1.3601470508735443,False,5,0.8
200,40,0.2,1.0,1.0,1,15,4.0,0.025,1.3601470508735443,False,5,0.8
200,40,0.2,1.0,1.0,1,16,4.0,0.025,1.3601470508735443,False,5,0.8
200,40,0.2,1.0,1.0,1,17,4.0,0.025,1.3601470508735443,False,5,0.8
200,40,0.2,1.0,1.0,1,18,4.0,0.025,1.3601470508735443,False,4,0.8
200,40,0.2,1.0,1.0,1,19,4.0,0.025,1.3601470508735443,False,4,0.8
200,40,0.2,1.0,1.0,1,20,4.0,0.025,1.3601470508735443,False,5,0.8
200,40,0.2,1.0,1.0,1,21,4.0,0.025,1.3601470508735443,False,5,0.8
200,40,0.2,1.0,1.0,1,22,4.0,0.025,1.3601470508735443,False,5,0.8
200,40,0.2,1.0,1.0,1,23,4.0,0.025,1.3601470508735443,False,5,0.8
200,40,0.2,1.0,1.0,1,24,4.0,0.025,1.3601470508735443,False,5,0.8
200,40,0.2,1.0,1.0,1,25,4.0,0.025,1.3601470508735443,False,5,0.8
200,40,0.2,1.0,1.0,1,26,4.0,0.025,1.3601470508735443,False,5,0.8
200,40,0.2,1.0,1.0,1,27,4.0,0.025,1.3601470508735443,False,3,0.8
200,40,0.2,1.0,1.0,1,28,4.0,0.025,1.3601470508735443,False,2,0.8
200,40,0.2,1.0,1.0,1,29,4.0,0.025,1.3601470508735443,False,3,0.8
200,40,0.2,1.0,1.0,1,30,4.0,0.025,1.3601470508735443,False,4,0.8
200,40,0.2,1.0,1.0,1,31,4.0,0.025,1.3601470508735443,False,5,0.8
200,40,0.2,1.0,1.0,1,32,4.0,0.025,1.3601470508735443,False,5,0.8
200,40,0.2,1.0,1.0,1,33,4.0,0.025,1.3601470508735443,False,5,0.8
200,40,0.2,1.0,1.0,1,34,4.0,0.025,1.3601470508735443,False,5,0.8
200,40,0.2,1.0,1.0,1,35,4.0,0.025,1.3601470508735443,False,4,0.8
200,40,0.2,1.0,1.0,1,36,4.0,0.025,1.3601470508735443,False,5,0.8
200,40,0.2,1.0,1.0,1,37,4.0,0.025,1.3601470508735443,False,5,0.8
200,40,0.2,1.0,1.0,1,38,4.0,0.025,1.3601470508735443,False,5,0.8
200,40,0.2,1.0,1.0,1,39,4.0,0.025,1.3601470508735443,False,5,0.8
200,40,0.2,1.0,1.0,1,40,4.0,0.025,1.3601470508735443,False,3,0.8
200,40,0.2,1.0,1.0,1,41,4.0,0.025,1.3601470508735443,False,2,0.8
200,40,0.2,1.0,1.0,1,42,4.0,0.025,1.3601470508735443,False,3,0.8
200,40,0.2,1.0,1.0,1,43,4.0,0.025,1.3601470508735443,False,1,0.8
200,40,0.2,1.0,1.0,1,44,4.0,0.025,1.3601470508735443,False,0,0.8
200,40,0.2,1.0,1.0,1,45,4.0,0.025,1.3601470508735443,False,1,0.8
200,40,0.2,1.0,1.0,1,46,4.0,0.025,1.3601470508735443,False,2,0.8
200,40,0.2,1.0,1.0,1,47,4.0,0.025,1.3601470508735443,False,3,0.8
200,40,0.2,1.0,1.0,1,48,4.0,0.025,1.3601470508735443,False,4,0.8
200,40,0.2,1.0,1.0,1,49,4.0,0.025,1.3601470508735443,False,5,0.8
200,40,0.2,1.0,1.0,1,50,4.0,0.025,1.3601470508735443,False,5,0.8
200,40,0.2,1.0,1.0,1,51,4.0,0.025,1.3601470508735443,False,5,0.8
200,40,0.2,1.0,1.0,1,52,4.0,0.025,1.3601470508735443,False,3,0.8
200,40,0.2,1.0,1.0,1,53,4.0,0.025,1.3601470508735443,False,4,0.8
200,40,0.2,1.0,1.0,1,54,4.0,0.025,1.3601470508735443,False,5,0.8
200,40,0.2,1.0,1.0,1,55,4.0,0.025,1.3601470508735443,False,5,0.8
200,40,0.2,1.0,1.0,1,56,4.0,0.025,1.3601470508735443,False,5,0.8
200,40,0.2,1.0,1.0,1,57,4.0,0.025,1.3601470508735443,False,5,0.8
200,40,0.2,1.0,1.0,1,58,4.0,0.025,1.3601470508735443,False,4,0.8
200,40,0.2,1.0,1.0,1,59,4.0,0.025,1.3601470508735443,False,4,0.8
200,40,0.2,1.0,1.0,1,60,4.0,0.025,1.3601470508735443,False,5,0.8
200,40,0.2,1.0,1.0,1,61,4.0,0.025,1.3601470508735443,False,5,0.8
200,40,0.2,1.0,1.0,1,62,4.0,0.025,1.3601470508735443,False,5,0.8
200,40,0.2,1.0,1.0,1,63,4.0,0.025,1.3601470508735443,False,5,0.8
200,40,0.2,1.0,1.0,1,64,4.0,0.025,1.3601470508735443,False,5,0.8
200,40,0.2,1.0,1.0,1,65,4.0,0.025,1.3601470508735443,False,5,0.8
200,40,0.2,1.0,1.0,1,66,4.0,0.025,1.3601470508735443,False,5,0.8
200,40,0.2,1.0,1.0,1,67,4.0,0.025,1.3601470508735443,False,3,0.8
200,40,0.2,1.0,1.0,1,68,4.0,0.025,1.3601470508735443,False,2,0.8
200,40,0.2,1.0,1.0,1,69,4.0,0.025,1.3601470508735443,False,3,0.8
200,40,0.2,1.0,1.0,1,70,4.0,0.025,1.3601470508735443,False,4,0.8
200,40,0.2,1.0,1.0,1,71,4.0,0.025,1.3601470508735443,False,5,0.8
200,40,0.2,1.0,1.0,1,72,4.0,0.025,1.3601470508735443,False,5,0.8
200,40,0.2,1.0,1.0,1,73,4.0,0.025,1.3601470508735443,False,5,0.8
200,40,0.2,1.0,1.0,1,74,4.0,0.025,1.3601470508735443,False,5,0.8
200,40,0.2,1.0,1.0,1,75,4.0,0.025,1.3601470508735443,False,4,0.8
200,40,0.2,1.0,1.0,1,76,4.0,0.025,1.3601470508735443,False,5,0.8
200,40,0.2,1.0,1.0,1,77,4.0,0.025,1.3601470508735443,False,5,0.8
200,40,0.2,1.0,1.0,1,78,4.0,0.025,1.3601470508735443,False,5,0.8
200,40,0.2,1.0,1.0,1,79,4.0,0.025,1.3601470508735443,False,5,0.8
200,40,0.2,1.0,1.0,1,80,4.0,0.025,1.3601470508735443,False,3,0.8
200,40,0.2,1.0,1.0,1,81,4.0,0.025,1.3601470508735443,False,2,0.8
200,40,0.2,1.0,1.0,1,82,4.0,0.025,1.3601470508735443,False,3,0.8
200,40,0.2,1.0,1.0,1,83,4.0,0.025,1.3601470508735443,False,1,0.8
200,40,0.2,1.0,1.0,1,84,4.0,0.025,1.3601470508735443,False,0,0.8
200,40,0.2,1.0,1.0,1,85,4.0,0.025,1.3601470508735443,False,1,0.8
200,40,0.2,1.0,1.0,1,86,4.0,0.025,1.3601470508735443,False,2,0.8
200,40,0.2,1.0,1.0,1,87,4.0,0.025,1.3601470508735443,False,3,0.8
200,40,0.2,1.0,1.0,1,88,4.0,0.025,1.3601470508735443,False,4,0.8
200,40,0.2,1.0,1.0,1,89,4.0,0.025,1.3601470508735443,False,5,0.8
200,40,0.2,1.0,1.0,1,90,4.0,0.025,1.3601470508735443,False,5,0.8
200,40,0.2,1.0,1.0,1,91,4.0,0.025,1.3601470508735443,False,5,0.8
200,40,0.2,1.0,1.0,1,92,4.0,0.025,1.3601470508735443,False,3,0.8
200,40,0.2,1.0,1.0,1,93,4.0,0.025,1.3601470508735443,False,4,0.8
200,40,0.2,1.0,1.0,1,94,4.0,0.025,1.3601470508735443,False,5,0.8
200,40,0.2,1.0,1.0,1,95,4.0,0.025,1.3601470508735443,False,5,0.8
200,40,0.2,1.0,1.0,1,96,4.0,0.025,1.3601470508735443,False,5,0.8
200,40,0.2,1.0,1.0,1,97,4.0,0.025,1.3601470508735443,False,5,0.8
200,40,0.2,1.0,1.0,1,98,4.0,0.025,1.3601470508735443,False,4,0.8
200,40,0.2,1.0,1.0,1,99,4.0,0.025,1.3601470508735443,False,4,0.8
200,40,0.2,1.0,1.0,1,100,3.875,0.05,1.486396649619475,True,0,0.775
200,40,0.2,1.0,1.0,1,101,3.75,0.075,1.5929532322073992,True,0,0.75
200,40,0.2,1.0,1.0,1,102,3.625,0.1,1.6835602157333132,True,0,0.7250000000000001
200,40,0.2,1.0,1.0,1,103,3.5,0.125,1.760681686165901,True,0,0.7000000000000001
200,40,0.2,1.0,1.0,1,104,3.375,0.15,1.8260271082325148,True,0,0.675
200,40,0.2,1.0,1.0,1,105,3.25,0.175,1.8808242873804029,True,0,0.65
200,40,0.2,1.0,1.0,1,106,3.125,0.2,1.925973779676141,True,0,0.625
200,40,0.2,1.0,1.0,1,107,3.05,0.225,1.9868316486305526,True,0,0.61
200,40,0.2,1.0,1.0,1,108,3.025,0.225,2.0060844947309673,False,1,0.605
200,40,0.2,1.0,1.0,1,109,3.0,0.225,2.0124611797498106,False,2,0.6000000000000001
200,40,0.2,1.0,1.0,1,110,2.975,0.225,2.0060844947309673,False,3,0.5950000000000001
200,40,0.2,1.0,1.0,1,111,2.95,0.225,1.9868316486305526,False,4,0.5900000000000001
200,40,0.2,1.0,1.0,1,112,2.95,0.225,1.9868316486305526,False,5,0.5900000000000001
200,40,0.2,1.0,1.0,1,113,2.95,0.225,1.9868316486305526,False,5,0.5900000000000001
200,40,0.2,1.0,1.0,1,114,2.95,0.225,1.9868316486305526,False,5,0.5900000000000001
200,40,0.2,1.0,1.0,1,115,2.975,0.225,2.0060844947309673,False,5,0.5950000000000001
200,40,0.2,1.0,1.0,1,116,2.975,0.225,2.0060844947309673,False,5,0.5950000000000001
200,40,0.2,1.0,1.0,1,117,2.975,0.225,2.0060844947309673,False,5,0.5950000000000001
200,40,0.2,1.0,1.0,1,118,2.975,0.225,2.0060844947309673,False,5,0.5950000000000001
200,40,0.2,1.0,1.0,1,119,2.975,0.225,2.0060844947309673,False,5,0.5950000000000001
200,40,0.2,1.0,1.0,1,120,3.025,0.225,2.030855730966629,False,5,0.605
200,40,0.2,1.0,1.0,1,121,3.1,0.225,2.046948949045872,False,5,0.6200000000000001
200,40,0.2,1.0,1.0,1,122,3.15,0.225,2.0682117879946436,False,5,0.63
200,40,0.2,1.0,1.0,1,123,3.25,0.225,2.05851888502389,False,5,0.65
200,40,0.2,1.0,1.0,1,124,3.375,0.2,2.0085753657754544,False,5,0.675
200,40,0.2,1.0,1.0,1,125,3.475,0.2,1.98730344940072,False,5,0.6950000000000001
200,40,0.2,1.0,1.0,1,126,3.55,0.2,1.9868316486305526,False,5,0.71
200,40,0.2,1.0,1.0,1,127,3.6,0.2,1.997498435543818,False,5,0.7200000000000001
200,40,0.2,1.0,1.0,1,128,3.625,0.2,2.0085753657754544,False,5,0.7250000000000001
200,40,0.2,1.0,1.0,1,129,3.625,0.2,2.0085753657754544,False,5,0.7250000000000001
200,40,0.2,1.0,1.0,1,130,3.625,0.2,2.0085753657754544,False,5,0.7250000000000001
200,40,0.2,1.0,1.0,1,131,3.625,0.2,2.0085753657754544,False,5,0.7250000000000001
200,40,0.2,1.0,1.0,1,132,3.675,0.2,2.017269193736919,False,5,0.735
200,40,0.2,1.0,1.0,1,133,3.7,0.2,2.0273134932713295,False,5,0.7400000000000001
200,40,0.2,1.0,1.0,1,134,3.7,0.2,2.0273134932713295,False,5,0.7400000000000001
200,40,0.2,1.0,1.0,1,135,3.7,0.2,2.0273134932713295,False,5,0.7400000000000001
200,40,0.2,1.0,1.0,1,136,3.7,0.2,2.0273134932713295,False,5,0.7400000000000001
200,40,0.2,1.0,1.0,1,137,3.7,0.2,2.0273134932713295,False,5,0.7400000000000001
200,40,0.2,1.0,1.0,1,138,3.725,0.2,2.0370014727535177,False,5,0.7450000000000001
200,40,0.2,1.0,1.0,1,139,3.75,0.2,2.0463381929681126,False,5,0.75
200,40,0.2,1.0,1.0,1,140,3.875,0.175,1.964529205687714,False,5,0.775
200,40,0.2,1.0,1.0,1,141,4.0,0.15,1.8708286933869707,False,5,0.8
200,40,0.2,1.0,1.0,1,142,4.0,0.15,1.8708286933869707,False,0,0.8
200,40,0.2,1.0,1.0,1,143,4.0,0.15,1.8708286933869707,False,0,0.8
200,40,0.2,1.0,1.0,1,144,4.0,0.15,1.8708286933869707,False,0,0.8
200,40,0.2,1.0,1.0,1,145,4.0,0.15,1.8708286933869707,False,0,0.8
200,40,0.2,1.0,1.0,1,146,4.0,0.15,1.8708286933869707,False,0,0.8
200,40,0.2,1.0,1.0,1,147,4.0,0.15,1.8708286933869707,False,0,0.8
200,40,0.2,1.0,1.0,1,148,4.0,0.15,1.8708286933869707,False,1,0.8
200,40,0.2,1.0,1.0,1,149,4.0,0.15,1.8708286933869707,False,2,0.8
200,40,0.2,1.0,1.0,1,150,4.0,0.15,1.8708286933869707,False,3,0.8
200,40,0.2,1.0,1.0,1,151,4.0,0.15,1.8708286933869707,False,4,0.8
200,40,0.2,1.0,1.0,1,152,4.0,0.15,1.8708286933869707,False,5,0.8
200,40,0.2,1.0,1.0,1,153,4.0,0.15,1.8708286933869707,False,5,0.8
200,40,0.2,1.0,1.0,1,154,4.0,0.15,1.8708286933869707,False,5,0.8
200,40,0.2,1.0,1.0,1,155,4.0,0.15,1.8708286933869707,False,5,0.8
200,40,0.2,1.0,1.0,1,156,4.0,0.15,1.8708286933869707,False,5,0.8
200,40,0.2,1.0,1.0,1,157,4.0,0.15,1.8708286933869707,False,5,0.8
200,40,0.2,1.0,1.0,1,158,4.0,0.15,1.8708286933869707,False,5,0.8
200,40,0.2,1.0,1.0,1,159,4.0,0.15,1.8708286933869707,False,5,0.8
200,40,0.2,1.0,1.0,1,160,4.0,0.15,1.8708286933869707,False,5,0.8
200,40,0.2,1.0,1.0,1,161,4.0,0.15,1.8708286933869707,False,5,0.8
200,40,0.2,1.0,1.0,1,162,4.0,0.15,1.8708286933869707,False,5,0.8
200,40,0.2,1.0,1.0,1,163,4.0,0.15,1.8708286933869707,False,5,0.8
200,40,0.2,1.0,1.0,1,164,4.0,0.15,1.8708286933869707,False,5,0.8
200,40,0.2,1.0,1.0,1,165,4.0,0.15,1.8708286933869707,False,5,0.8
200,40,0.2,1.0,1.0,1,166,4.0,0.15,1.8708286933869707,False,5,0.8
200,40,0.2,1.0,1.0,1,167,4.0,0.15,1.8708286933869707,False,5,0.8
200,40,0.2,1.0,1.0,1,168,4.0,0.15,1.8708286933869707,False,5,0.8
200,40,0.2,1.0,1.0,1,169,4.0,0.15,1.8708286933869707,False,5,0.8
200,40,0.2,1.0,1.0,1,170,4.0,0.15,1.8708286933869707,False,5,0.8
200,40,0.2,1.0,1.0,1,171,4.0,0.15,1.8708286933869707,False,5,0.8
200,40,0.2,1.0,1.0,1,172,4.0,0.15,1.8708286933869707,False,5,0.8
200,40,0.2,1.0,1.0,1,173,4.0,0.15,1.8708286933869707,False,5,0.8
200,40,0.2,1.0,1.0,1,174,4.0,0.15,1.8708286933869707,False,5,0.8
200,40,0.2,1.0,1.0,1,175,4.0,0.15,1.8708286933869707,False,5,0.8
200,40,0.2,1.0,1.0,1,176,4.0,0.15,1.8708286933869707,False,5,0.8
200,40,0.2,1.0,1.0,1,177,4.0,0.15,1.8708286933869707,False,5,0.8
200,40,0.2,1.0,1.0,1,178,4.0,0.15,1.8708286933869707,False,5,0.8
200,40,0.2,1.0,1.0,1,179,4.0,0.15,1.8708286933869707,False,5,0.8
200,40,0.2,1.0,1.0,1,180,4.0,0.15,1.8708286933869707,False,5,0.8
200,40,0.2,1.0,1.0,1,181,4.0,0.15,1.8708286933869707,False,5,0.8
200,40,0.2,1.0,1.0,1,182,4.0,0.15,1.8708286933869707,False,0,0.8
200,40,0.2,1.0,1.0,1,183,4.0,0.15,1.8708286933869707,False,0,0.8
200,40,0.2,1.0,1.0,1,184,4.0,0.15,1.8708286933869707,False,0,0.8
200,40,0.2,1.0,1.0,1,185,4.0,0.15,1.8708286933869707,False,0,0.8
200,40,0.2,1.0,1.0,1,186,4.0,0.15,1.8708286933869707,False,0,0.8
200,40,0.2,1.0,1.0,1,187,4.0,0.15,1.8708286933869707,False,0,0.8
200,40,0.2,1.0,1.0,1,188,4.0,0.15,1.8708286933869707,False,1,0.8
200,40,0.2,1.0,1.0,1,189,4.0,0.15,1.8708286933869707,False,2,0.8
200,40,0.2,1.0,1.0,1,190,4.0,0.15,1.8708286933869707,False,3,0.8
200,40,0.2,1.0,1.0,1,191,4.0,0.15,1.8708286933869707,False,4,0.8
200,40,0.2,1.0,1.0,1,192,4.0,0.15,1.8708286933869707,False,5,0.8
200,40,0.2,1.0,1.0,1,193,4.0,0.15,1.8708286933869707,False,5,0.8
200,40,0.2,1.0,1.0,1,194,4.0,0.15,1.8708286933869707,False,5,0.8
200,40,0.2,1.0,1.0,1,195,4.0,0.15,1.8708286933869707,False,5,0.8
200,40,0.2,1.0,1.0,1,196,4.0,0.15,1.8708286933869707,False,5,0.8
200,40,0.2,1.0,1.0,1,197,4.0,0.15,1.8708286933869707,False,5,0.8
200,40,0.2,1.0,1.0,1,198,4.0,0.15,1.8708286933869707,False,5,0.8
200,40,0.2,1.0,1.0,1,199,4.0,0.15,1.8708286933869707,False,5,0.8
200,40,0.2,1.0,1.0,1,200,4.0,0.15,1.8708286933869707,False,5,0.8
200,40,0.2,1.0,1.0,1,201,4.0,0.15,1.8708286933869707,False,5,0.8
200,40,0.2,1.0,1.0,1,202,4.0,0.15,1.8708286933869707,False,5,0.8
200,40,0.2,1.0,1.0,1,203,4.0,0.15,1.8708286933869707,False,5,0.8
200,40,0.2,1.0,1.0,1,204,4.0,0.15,1.8708286933869707,False,5,0.8
200,40,0.2,1.0,1.0,1,205,4.0,0.15,1.8708286933869707,False,5,0.8
200,40,0.2,1.0,1.0,1,206,4.0,0.15,1.8708286933869707,False,5,0.8
200,40,0.2,1.0,1.0,1,207,4.0,0.15,1.8708286933869707,False,5,0.8
200,40,0.2,1.0,1.0,1,208,4.0,0.15,1.8708286933869707,False,5,0.8
200,40,0.2,1.0,1.0,1,209,4.0,0.15,1.8708286933869707,False,5,0.8
200,40,0.2,1.0,1.0,1,210,4.0,0.15,1.8708286933869707,False,5,0.8
200,40,0.2,1.0,1.0,1,211,4.0,0.15,1.8708286933869707,False,5,0.8
200,40,0.2,1.0,1.0,1,212,4.0,0.15,1.8708286933869707,False,5,0.8
200,40,0.2,1.0,1.0,1,213,4.0,0.15,1.8708286933869707,False,5,0.8
200,40,0.2,1.0,1.0,1,214,4.0,0.15,1.8708286933869707,False,5,0.8
200,40,0.2,1.0,1.0,1,215,4.0,0.15,1.8708286933869707,False,5,0.8
200,40,0.2,1.0,1.0,1,216,4.0,0.15,1.8708286933869707,False,5,0.8
200,40,0.2,1.0,1.0,1,217,4.0,0.15,1.8708286933869707,False,5,0.8
200,40,0.2,1.0,1.0,1,218,4.0,0.15,1.8708286933869707,False,5,0.8
200,40,0.2,1.0,1.0,1,219,4.0,0.15,1.8708286933869707,False,5,0.8
200,40,0.2,1.0,1.0,1,220,4.0,0.15,1.8708286933869707,False,5,0.8
200,40,0.2,1.0,1.0,1,221,4.0,0.15,1.8708286933869707,False,5,0.8
200,40,0.2,1.0,1.0,1,222,4.0,0.15,1.8708286933869707,False,0,0.8
200,40,0.2,1.0,1.0,1,223,4.0,0.15,1.8708286933869707,False,0,0.8
200,40,0.2,1.0,1.0,1,224,4.0,0.15,1.8708286933869707,False,0,0.8
200,40,0.2,1.0,1.0,1,225,4.0,0.15,1.8708286933869707,False,0,0.8
200,40,0.2,1.0,1.0,1,226,4.0,0.15,1.8708286933869707,False,0,0.8
200,40,0.2,1.0,1.0,1,227,4.0,0.15,1.8708286933869707,False,0,0.8
200,40,0.2,1.0,1.0,1,228,4.0,0.15,1.8708286933869707,False,1,0.8
200,40,0.2,1.0,1.0,1,229,4.0,0.15,1.8708286933869707,False,2,0.8
200,40,0.2,1.0,1.0,1,230,4.0,0.15,1.8708286933869707,False,3,0.8
200,40,0.2,1.0,1.0,1,231,4.0,0.15,1.8708286933869707,False,4,0.8
200,40,0.2,1.0,1.0,1,232,4.0,0.15,1.8708286933869707,False,5,0.8
200,40,0.2,1.0,1.0,1,233,4.0,0.15,1.8708286933869707,False,5,0.8
200,40,0.2,1.0,1.0,1,234,4.0,0.15,1.8708286933869707,False,5,0.8
200,40,0.2,1.0,1.0,1,235,4.0,0.15,1.8708286933869707,False,5,0.8
200,40,0.2,1.0,1.0,1,236,4.0,0.15,1.8708286933869707,False,5,0.8
200,40,0.2,1.0,1.0,1,237,4.0,0.15,1.8708286933869707,False,5,0.8
200,40,0.2,1.0,1.0,1,238,4.0,0.15,1.8708286933869707,False,5,0.8
200,40,0.2,1.0,1.0,1,239,4.0,0.15,1.8708286933869707,False,5,0.8
200,40,0.2,1.0,1.0,1,240,4.0,0.15,1.8708286933869707,False,5,0.8
200,40,0.2,1.0,1.0,1,241,4.0,0.15,1.8708286933869707,False,5,0.8
200,40,0.2,1.0,1.0,1,242,4.0,0.15,1.8708286933869707,False,5,0.8
200,40,0.2,1.0,1.0,1,243,4.0,0.15,1.8708286933869707,False,5,0.8
200,40,0.2,1.0,1.0,1,244,4.0,0.15,1.8708286933869707,False,5,0.8
200,40,0.2,1.0,1.0,1,245,4.0,0.15,1.8708286933869707,False,5,0.8
200,40,0.2,1.0,1.0,1,246,4.0,0.15,1.8708286933869707,False,5,0.8
200,40,0.2,1.0,1.0,1,247,4.0,0.15,1.8708286933869707,False,5,0.8
200,40,0.2,1.0,1.0,1,248,4.0,0.15,1.8708286933869707,False,5,0.8
200,40,0.2,1.0,1.0,1,249,4.0,0.15,1.8708286933869707,False,5,0.8
200,40,0.2,1.0,1.0,1,250,4.0,0.15,1.8708286933869707,False,5,0.8
200,40,0.2,1.0,1.0,1,251,4.0,0.15,1.8708286933869707,False,5,0.8
200,40,0.2,1.0,1.0,1,252,4.0,0.15,1.8708286933869707,False,5,0.8
200,40,0.2,1.0,1.0,1,253,4.0,0.15,1.8708286933869707,False,5,0.8
200,40,0.2,1.0,1.0,1,254,4.0,0.15,1.8708286933869707,False,5,0.8
200,40,0.2,1.0,1.0,1,255,4.0,0.15,1.8708286933869707,False,5,0.8
200,40,0.2,1.0,1.0,1,256,4.0,0.15,1.8708286933869707,False,5,0.8
200,40,0.2,1.0,1.0,1,257,4.0,0.15,1.8708286933869707,False,5,0.8
200,40,0.2,1.0,1.0,1,258,4.0,0.15,1.8708286933869707,False,5,0.8
200,40,0.2,1.0,1.0,1,259,4.0,0.15,1.8708286933869707,False,5,0.8
200,40,0.2,1.0,1.0,1,260,4.0,0.15,1.8708286933869707,False,5,0.8
200,40,0.2,1.0,1.0,1,261,4.0,0.15,1.8708286933869707,False,5,0.8
200,40,0.2,1.0,1.0,1,262,4.0,0.15,1.8708286933869707,False,0,0.8
200,40,0.2,1.0,1.0,1,263,4.0,0.15,1.8708286933869707,False,0,0.8
200,40,0.2,1.0,1.0,1,264,4.0,0.15,1.8708286933869707,False,0,0.8
200,40,0.2,1.0,1.0,1,265,4.0,0.15,1.8708286933869707,False,0,0.8
200,40,0.2,1.0,1.0,1,266,4.0,0.15,1.8708286933869707,False,0,0.8
200,40,0.2,1.0,1.0,1,267,4.0,0.15,1.8708286933869707,False,0,0.8
200,40,0.2,1.0,1.0,1,268,4.0,0.15,1.8708286933869707,False,1,0.8
200,40,0.2,1.0,1.0,1,269,4.0,0.15,1.8708286933869707,False,2,0.8
200,40,0.2,1.0,1.0,1,270,4.0,0.15,1.8708286933869707,False,3,0.8
200,40,0.2,1.0,1.0,1,271,4.0,0.15,1.8708286933869707,False,4,0.8
200,40,0.2,1.0,1.0,1,272,4.0,0.15,1.8708286933869707,False,5,0.8
200,40,0.2,1.0,1.0,1,273,4.0,0.15,1.8708286933869707,False,5,0.8
200,40,0.2,1.0,1.0,1,274,4.0,0.15,1.8708286933869707,False,5,0.8
200,40,0.2,1.0,1.0,1,275,4.0,0.15,1.8708286933869707,False,5,0.8
200,40,0.2,1.0,1.0,1,276,4.0,0.15,1.8708286933869707,False,5,0.8
200,40,0.2,1.0,1.0,1,277,4.0,0.15,1.8708286933869707,False,5,0.8
200,40,0.2,1.0,1.0,1,278,4.0,0.15,1.8708286933869707,False,5,0.8
200,40,0.2,1.0,1.0,1,279,4.0,0.15,1.8708286933869707,False,5,0.8
200,40,0.2,1.0,1.0,1,280,4.0,0.15,1.8708286933869707,False,5,0.8
200,40,0.2,1.0,1.0,1,281,4.0,0.15,1.8708286933869707,False,5,0.8
200,40,0.2,1.0,1.0,1,282,4.0,0.15,1.8708286933869707,False,5,0.8
200,40,0.2,1.0,1.0,1,283,4.0,0.15,1.8708286933869707,False,5,0.8
200,40,0.2,1.0,1.0,1,284,4.0,0.15,1.8708286933869707,False,5,0.8
200,40,0.2,1.0,1.0,1,285,4.0,0.15,1.8708286933869707,False,5,0.8
200,40,0.2,1.0,1.0,1,286,4.0,0.15,1.8708286933869707,False,5,0.8
200,40,0.2,1.0,1.0,1,287,4.0,0.15,1.8708286933869707,False,5,0.8
200,40,0.2,1.0,1.0,1,288,4.0,0.15,1.8708286933869707,False,5,0.8
200,40,0.2,1.0,1.0,1,289,4.0,0.15,1.8708286933869707,False,5,0.8
200,40,0.2,1.0,1.0,1,290,4.0,0.15,1.8708286933869707,False,5,0.8
200,40,0.2,1.0,1.0,1,291,4.0,0.15,1.8708286933869707,False,5,0.8
200,40,0.2,1.0,1.0,1,292,4.0,0.15,1.8708286933869707,False,5,0.8
200,40,0.2,1.0,1.0,1,293,4.0,0.15,1.8708286933869707,False,5,0.8
200,40,0.2,1.0,1.0,1,294,4.0,0.15,1.8708286933869707,False,5,0.8
200,40,0.2,1.0,1.0,1,295,4.0,0.15,1.8708286933869707,False,5,0.8
200,40,0.2,1.0,1.0,1,296,4.0,0.15,1.8708286933869707,False,5,0.8
200,40,0.2,1.0,1.0,1,297,4.0,0.15,1.8708286933869707,False,5,0.8
200,40,0.2,1.0,1.0,1,298,4.0,0.15,1.8708286933869707,False,5,0.8
200,40,0.2,1.0,1.0,1,299,4.0,0.15,1.8708286933869707,False,5,0.8
200,40,0.2,1.0,1.0,1,300,4.0,0.15,1.8708286933869707,False,5,0.8
200,40,0.2,1.0,1.0,1,301,4.0,0.15,1.8708286933869707,False,5,0.8
200,40,0.2,1.0,1.0,1,302,4.0,0.15,1.8708286933869707,False,0,0.8
200,40,0.2,1.0,1.0,1,303,4.0,0.15,1.8708286933869707,False,0,0.8
200,40,0.2,1.0,1.0,1,304,4.0,0.15,1.8708286933869707,False,0,0.8
200,40,0.2,1.0,1.0,1,305,4.0,0.15,1.8708286933869707,False,0,0.8
200,40,0.2,1.0,1.0,1,306,4.0,0.15,1.8708286933869707,False,0,0.8
200,40,0.2,1.0,1.0,1,307,4.0,0.15,1.8708286933869707,False,0,0.8
200,40,0.2,1.0,1.0,1,308,4.0,0.15,1.8708286933869707,False,1,0.8
200,40,0.2,1.0,1.0,1,309,4.0,0.15,1.8708286933869707,False,2,0.8
200,40,0.2,1.0,1.0,1,310,4.0,0.15,1.8708286933869707,False,3,0.8
200,40,0.2,1.0,1.0,1,311,4.0,0.15,1.8708286933869707,False,4,0.8
200,40,0.2,1.0,1.0,1,312,4.0,0.15,1.8708286933869707,False,5,0.8
200,40,0.2,1.0,1.0,1,313,4.0,0.15,1.8708286933869707,False,5,0.8
200,40,0.2,1.0,1.0,1,314,4.0,0.15,1.8708286933869707,False,5,0.8
200,40,0.2,1.0,1.0,1,315,4.0,0.15,1.8708286933869707,False,5,0.8
200,40,0.2,1.0,1.0,1,316,4.0,0.15,1.8708286933869707,False,5,0.8
200,40,0.2,1.0,1.0,1,317,4.0,0.15,1.8708286933869707,False,5,0.8
200,40,0.2,1.0,1.0,1,318,4.0,0.15,1.8708286933869707,False,5,0.8
200,40,0.2,1.0,1.0,1,319,4.0,0.15,1.8708286933869707,False,5,0.8
200,40,0.2,1.0,1.0,1,320,4.0,0.15,1.8708286933869707,False,5,0.8
200,40,0.2,1.0,1.0,1,321,4.0,0.15,1.8708286933869707,False,5,0.8
200,40,0.2,1.0,1.0,1,322,4.0,0.15,1.8708286933869707,False,5,0.8
200,40,0.2,1.0,1.0,1,323,4.0,0.15,1.8708286933869707,False,5,0.8
200,40,0.2,1.0,1.0,1,324,4.0,0.15,1.8708286933869707,False,5,0.8
200,40,0.2,1.0,1.0,1,325,4.0,0.15,1.8708286933869707,False,5,0.8
200,40,0.2,1.0,1.0,1,326,4.0,0.15,1.8708286933869707,False,5,0.8
200,40,0.2,1.0,1.0,1,327,4.0,0.15,1.8708286933869707,False,5,0.8
200,40,0.2,1.0,1.0,1,328,4.0,0.15,1.8708286933869707,False,5,0.8
200,40,0.2,1.0,1.0,1,329,4.0,0.15,1.8708286933869707,False,5,0.8
200,40,0.2,1.0,1.0,1,330,4.0,0.15,1.8708286933869707,False,5,0.8
200,40,0.2,1.0,1.0,1,331,4.0,0.15,1.8708286933869707,False,5,0.8
200,40,0.2,1.0,1.0,1,332,4.0,0.15,1.8708286933869707,False,5,0.8
200,40,0.2,1.0,1.0,1,333,4.0,0.15,1.8708286933869707,False,5,0.8
200,40,0.2,1.0,1.0,1,334,4.0,0.15,1.8708286933869707,False,5,0.8
200,40,0.2,1.0,1.0,1,335,4.0,0.15,1.8708286933869707,False,5,0.8
200,40,0.2,1.0,1.0,1,336,4.0,0.15,1.8708286933869707,False,5,0.8
200,40,0.2,1.0,1.0,1,337,4.0,0.15,1.8708286933869707,False,5,0.8
200,40,0.2,1.0,1.0,1,338,4.0,0.15,1.8708286933869707,False,5,0.8
200,40,0.2,1.0,1.0,1,339,4.0,0.15,1.8708286933869707,False,5,0.8
200,40,0.2,1.0,1.0,1,340,4.0,0.15,1.8708286933869707,False,5,0.8
200,40,0.2,1.0,1.0,1,341,4.0,0.15,1.8708286933869707,False,5,0.8
200,40,0.2,1.0,1.0,1,342,4.0,0.15,1.8708286933869707,False,0,0.8
200,40,0.2,1.0,1.0,1,343,4.0,0.15,1.8708286933869707,False,0,0.8
200,40,0.2,1.0,1.0,1,344,4.0,0.15,1.8708286933869707,False,0,0.8
200,40,0.2,1.0,1.0,1,345,4.0,0.15,1.8708286933869707,False,0,0.8
200,40,0.2,1.0,1.0,1,346,4.0,0.15,1.8708286933869707,False,0,0.8
200,40,0.2,1.0,1.0,1,347,4.0,0.15,1.8708286933869707,False,0,0.8
200,40,0.2,1.0,1.0,1,348,4.0,0.15,1.8708286933869707,False,1,0.8
200,40,0.2,1.0,1.0,1,349,4.0,0.15,1.8708286933869707,False,2,0.8
200,40,0.2,1.0,1.0,1,350,4.0,0.15,1.8708286933869707,False,3,0.8
200,40,0.2,1.0,1.0,1,351,4.0,0.15,1.8708286933869707,False,4,0.8
200,40,0.2,1.0,1.0,1,352,4.0,0.15,1.8708286933869707,False,5,0.8
200,40,0.2,1.0,1.0,1,353,4.0,0.15,1.8708286933869707,False,5,0.8
200,40,0.2,1.0,1.0,1,354,4.0,0.15,1.8708286933869707,False,5,0.8
200,40,0.2,1.0,1.0,1,355,4.0,0.15,1.8708286933869707,False,5,0.8
200,40,0.2,1.0,1.0,1,356,4.0,0.15,1.8708286933869707,False,5,0.8
200,40,0.2,1.0,1.0,1,357,4.0,0.15,1.8708286933869707,False,5,0.8
200,40,0.2,1.0,1.0,1,358,4.0,0.15,1.8708286933869707,False,5,0.8
200,40,0.2,1.0,1.0,1,359,4.0,0.15,1.8708286933869707,False,5,0.8
200,40,0.2,1.0,1.0,1,360,4.0,0.15,1.8708286933869707,False,5,0.8
200,40,0.2,1.0,1.0,1,361,4.0,0.15,1.8708286933869707,False,5,0.8
200,40,0.2,1.0,1.0,1,362,4.0,0.15,1.8708286933869707,False,5,0.8
200,40,0.2,1.0,1.0,1,363,4.0,0.15,1.8708286933869707,False,5,0.8
200,40,0.2,1.0,1.0,1,364,4.0,0.15,1.8708286933869707,False,5,0.8
200,40,0.2,1.0,1.0,1,365,4.0,0.15,1.8708286933869707,False,5,0.8
200,40,0.2,1.0,1.0,1,366,4.0,0.15,1.8708286933869707,False,5,0.8
200,40,0.2,1.0,1.0,1,367,4.0,0.15,1.8708286933869707,False,5,0.8
200,40,0.2,1.0,1.0,1,368,4.0,0.15,1.8708286933869707,False,5,0.8
200,40,0.2,1.0,1.0,1,369,4.0,0.15,1.8708286933869707,False,5,0.8
200,40,0.2,1.0,1.0,1,370,4.0,0.15,1.8708286933869707,False,5,0.8
200,40,0.2,1.0,1.0,1,371,4.0,0.15,1.8708286933869707,False,5,0.8
200,40,0.2,1.0,1.0,1,372,4.0,0.15,1.8708286933869707,False,5,0.8
200,40,0.2,1.0,1.0,1,373,4.0,0.15,1.8708286933869707,False,5,0.8
200,40,0.2,1.0,1.0,1,374,4.0,0.15,1.8708286933869707,False,5,0.8
200,40,0.2,1.0,1.0,1,375,4.0,0.15,1.8708286933869707,False,5,0.8
200,40,0.2,1.0,1.0,1,376,4.0,0.15,1.8708286933869707,False,5,0.8
200,40,0.2,1.0,1.0,1,377,4.0,0.15,1.8708286933869707,False,5,0.8
200,40,0.2,1.0,1.0,1,378,4.0,0.15,1.8708286933869707,False,5,0.8
200,40,0.2,1.0,1.0,1,379,4.0,0.15,1.8708286933869707,False,5,0.8
200,40,0.2,1.0,1.0,1,380,4.0,0.15,1.8708286933869707,False,5,0.8
200,40,0.2,1.0,1.0,1,381,4.0,0.15,1.8708286933869707,False,5,0.8
200,40,0.2,1.0,1.0,1,382,4.0,0.15,1.8708286933869707,False,0,0.8
200,40,0.2,1.0,1.0,1,383,4.0,0.15,1.8708286933869707,False,0,0.8
200,40,0.2,1.0,1.0,1,384,4.0,0.15,1.8708286933869707,False,0,0.8
200,40,0.2,1.0,1.0,1,385,4.0,0.15,1.8708286933869707,False,0,0.8
200,40,0.2,1.0,1.0,1,386,4.0,0.15,1.8708286933869707,False,0,0.8
200,40,0.2,1.0,1.0,1,387,4.0,0.15,1.8708286933869707,False,0,0.8
200,40,0.2,1.0,1.0,1,388,4.0,0.15,1.8708286933869707,False,1,0.8
200,40,0.2,1.0,1.0,1,389,4.0,0.15,1.8708286933869707,False,2,0.8
200,40,0.2,1.0,1.0,1,390,4.0,0.15,1.8708286933869707,False,3,0.8
200,40,0.2,1.0,1.0,1,391,4.0,0.15,1.8708286933869707,False,4,0.8
200,40,0.2,1.0,1.0,1,392,4.0,0.15,1.8708286933869707,False,5,0.8
200,40,0.2,1.0,1.0,1,393,4.0,0.15,1.8708286933869707,False,5,0.8
200,40,0.2,1.0,1.0,1,394,4.0,0.15,1.8708286933869707,False,5,0.8
200,40,0.2,1.0,1.0,1,395,4.0,0.15,1.8708286933869707,False,5,0.8
200,40,0.2,1.0,1.0,1,396,4.0,0.15,1.8708286933869707,False,5,0.8
200,40,0.2,1.0,1.0,1,397,4.0,0.15,1.8708286933869707,False,5,0.8
200,40,0.2,1.0,1.0,1,398,4.0,0.15,1.8708286933869707,False,5,0.8
200,40,0.2,1.0,1.0,1,399,4.0,0.15,1.8708286933869707,False,5,0.8
200,40,0.2,1.0,1.0,1,400,4.0,0.15,1.8708286933869707,False,5,0.8
200,60,0.3,0.0,0.0,1,1,1.3833333333333333,0.4,1.5608936186969593,False,3,0.415
200,60,0.3,0.0,0.0,1,2,1.35,0.38333333333333336,1.5898113095584645,False,2,0.405
200,60,0.3,0.0,0.0,1,3,1.4,0.35,1.5937377450509227,False,1,0.42
200,60,0.3,0.0,0.0,1,4,1.4833333333333334,0.31666666666666665,1.4887541398393789,False,2,0.445
200,60,0.3,0.0,0.0,1,5,1.5333333333333334,0.35,1.564892612574067,False,2,0.46
200,60,0.3,0.0,0.0,1,6,1.5666666666666667,0.4,1.7355754729259751,False,2,0.47
200,60,0.3,0.0,0.0,1,7,1.45,0.4166666666666667,1.647472812117598,False,0,0.435
200,60,0.3,0.0,0.0,1,8,1.3666666666666667,0.38333333333333336,1.4715826703096078,False,1,0.41
200,60,0.3,0.0,0.0,1,9,1.4,0.4,1.5513435037626795,False,0,0.42
200,60,0.3,0.0,0.0,1,10,1.3,0.4166666666666667,1.46401275039985,False,1,0.39
200,60,0.3,0.0,0.0,1,11,1.2666666666666666,0.4166666666666667,1.492946378437246,False,0,0.37999999999999995
200,60,0.3,0.0,0.0,1,12,1.3833333333333333,0.4,1.5175821412877641,False,0,0.415
200,60,0.3,0.0,0.0,1,13,1.4166666666666667,0.35,1.4752589226603203,False,1,0.425
200,60,0.3,0.0,0.0,1,14,1.3666666666666667,0.38333333333333336,1.5051762539834181,False,2,0.41
200,60,0.3,0.0,0.0,1,15,1.4333333333333333,0.36666666666666664,1.6162370563200876,False,1,0.43
200,60,0.3,0.0,0.0,1,16,1.3833333333333333,0.38333333333333336,1.582104786528236,False,1,0.415
200,60,0.3,0.0,0.0,1,17,1.3833333333333333,0.4166666666666667,1.6236960580382305,False,1,0.415
200,60,0.3,0.0,0.0,1,18,1.3,0.5,1.6663332999933316,False,2,0.39
200,60,0.3,0.0,0.0,1,19,1.25,0.48333333333333334,1.5771810295587505,False,2,0.375
200,60,0.3,0.0,0.0,1,20,1.3166666666666667,0.43333333333333335,1.6277967386078098,False,3,0.39499999999999996
200,60,0.3,0.0,0.0,1,21,1.3166666666666667,0.43333333333333335,1.5437148556503417,False,3,0.39499999999999996
200,60,0.3,0.0,0.0,1,22,1.4166666666666667,0.4166666666666667,1.686136280244143,False,3,0.425
200,60,0.3,0.0,0.0,1,23,1.3333333333333333,0.45,1.6898389140848769,False,1,0.39999999999999997
200,60,0.3,0.0,0.0,1,24,1.35,0.43333333333333335,1.6002603954773527,False,0,0.405
200,60,0.3,0.0,0.0,1,25,1.4,0.4,1.614517471774978,False,0,0.42
200,60,0.3,0.0,0.0,1,26,1.3333333333333333,0.43333333333333335,1.5456030825826172,False,0,0.39999999999999997
200,60,0.3,0.0,0.0,1,27,1.4,0.45,1.6552945357246849,False,1,0.42
200,60,0.3,0.0,0.0,1,28,1.3,0.43333333333333335,1.5307950004273378,False,0,0.39
200,60,0.3,0.0,0.0,1,29,1.0833333333333333,0.45,1.3575918221452115,False,0,0.32499999999999996
200,60,0.3,0.0,0.0,1,30,1.2,0.4,1.3140268896284681,False,0,0.36
200,60,0.3,0.0,0.0,1,31,1.3166666666666667,0.4166666666666667,1.4661931053658048,False,0,0.39499999999999996
200,60,0.3,0.0,0.0,1,32,1.3833333333333333,0.4166666666666667,1.6236960580382305,False,0,0.415
200,60,0.3,0.0,0.0,1,33,1.3666666666666667,0.45,1.6927951900792828,False,1,0.41
200,60,0.3,0.0,0.0,1,34,1.3,0.5,1.676305461424021,False,0,0.39
200,60,0.3,0.0,0.0,1,35,1.3333333333333333,0.45,1.6499158227686108,False,0,0.39999999999999997
200,60,0.3,0.0,0.0,1,36,1.35,0.45,1.6815171720800237,False,0,0.405
200,60,0.3,0.0,0.0,1,37,1.4,0.4166666666666667,1.6950909513454826,False,0,0.42
200,60,0.3,0.0,0.0,1,38,1.3833333333333333,0.43333333333333335,1.7232882005695456,False,0,0.415
200,60,0.3,0.0,0.0,1,39,1.3666666666666667,0.4666666666666667,1.7508727982225196,False,0,0.41
200,60,0.3,0.0,0.0,1,40,1.3166666666666667,0.4666666666666667,1.6682492486302984,False,1,0.39499999999999996
200,60,0.3,0.0,0.0,1,41,1.4666666666666666,0.4166666666666667,1.6579773487261185,False,2,0.43999999999999995
200,60,0.3,0.0,0.0,1,42,1.5166666666666666,0.4666666666666667,1.8573427853312976,False,0,0.45499999999999996
200,60,0.3,0.0,0.0,1,43,1.4833333333333334,0.45,1.8573427853312976,False,0,0.445
200,60,0.3,0.0,0.0,1,44,1.4,0.4,1.614517471774978,False,1,0.42
200,60,0.3,0.0,0.0,1,45,1.4666666666666666,0.4,1.687865186822955,False,1,0.43999999999999995
200,60,0.3,0.0,0.0,1,46,1.4333333333333333,0.43333333333333335,1.6868774571839993,False,2,0.43
200,60,0.3,0.0,0.0,1,47,1.55,0.4166666666666667,1.7928097128994662,False,1,0.46499999999999997
200,60,0.3,0.0,0.0,1,48,1.5833333333333333,0.38333333333333336,1.686136280244143,False,2,0.475
200,60,0.3,0.0,0.0,1,49,1.6,0.4,1.7530925056406275,False,2,0.48
200,60,0.3,0.0,0.0,1,50,1.5333333333333334,0.4166666666666667,1.6478942792411033,False,0,0.46
200,60,0.3,0.0,0.0,1,51,1.6,0.36666666666666664,1.781385228784985,False,0,0.48
200,60,0.3,0.0,0.0,1,52,1.5166666666666666,0.4,1.7271524413193977,False,1,0.45499999999999996
200,60,0.3,0.0,0.0,1,53,1.5166666666666666,0.35,1.6380035273330626,False,2,0.45499999999999996
200,60,0.3,0.0,0.0,1,54,1.6,0.3333333333333333,1.624807680927192,False,3,0.48
200,60,0.3,0.0,0.0,1,55,1.6666666666666667,0.3333333333333333,1.7094508539944113,False,4,0.5
200,60,0.3,0.0,0.0,1,56,1.5833333333333333,0.38333333333333336,1.7539637649874324,False,4,0.475
200,60,0.3,0.0,0.0,1,57,1.7,0.36666666666666664,1.8556220879622374,False,0,0.51
200,60,0.3,0.0,0.0,1,58,1.7333333333333334,0.36666666666666664,1.8607047649270483,False,1,0.52
200,60,0.3,0.0,0.0,1,59,1.65,0.36666666666666664,1.8241436346954698,False,2,0.49499999999999994
200,60,0.3,0.0,0.0,1,60,1.5833333333333333,0.38333333333333336,1.81007980180126,False,0,0.475
200,60,0.3,0.0,0.0,1,61,1.6833333333333333,0.36666666666666664,1.8026985943918141,False,0,0.505
200,60,0.3,0.0,0.0,1,62,1.65,0.35,1.7303660499058189,False,0,0.49499999999999994
200,60,0.3,0.0,0.0,1,63,1.75,0.35,1.8223153770226856,False,0,0.525
200,60,0.3,0.0,0.0,1,64,1.7,0.38333333333333336,1.8823743871327334,False,0,0.51
200,60,0.3,0.0,0.0,1,65,1.6666666666666667,0.35,1.757523510195209,False,0,0.5
200,60,0.3,0.0,0.0,1,66,1.5166666666666666,0.3333333333333333,1.5757714160231349,False,0,0.45499999999999996
200,60,0.3,0.0,0.0,1,67,1.6333333333333333,0.2833333333333333,1.6428295373802142,False,1,0.49
200,60,0.3,0.0,0.0,1,68,1.6666666666666667,0.3,1.728840330651992,False,0,0.5
200,60,0.3,0.0,0.0,1,69,1.5666666666666667,0.36666666666666664,1.74515201502779,False,1,0.47
200,60,0.3,0.0,0.0,1,70,1.5333333333333334,0.36666666666666664,1.7269111795984824,False,0,0.46
200,60,0.3,0.0,0.0,1,71,1.6333333333333333,0.35,1.769808526994438,False,0,0.49
200,60,0.3,0.0,0.0,1,72,1.6,0.36666666666666664,1.772004514666935,False,1,0.48
200,60,0.3,0.0,0.0,1,73,1.6,0.35,1.772004514666935,False,1,0.48
200,60,0.3,0.0,0.0,1,74,1.6,0.35,1.6653327995729061,False,1,0.48
200,60,0.3,0.0,0.0,1,75,1.55,0.4166666666666667,1.7552302792891117,False,0,0.46499999999999997
200,60,0.3,0.0,0.0,1,76,1.5666666666666667,0.4166666666666667,1.7641491496532322,False,0,0.47
200,60,0.3,0.0,0.0,1,77,1.5333333333333334,0.38333333333333336,1.6779617264870959,False,0,0.46
200,60,0.3,0.0,0.0,1,78,1.5166666666666666,0.4,1.6881120289312028,False,0,0.45499999999999996
200,60,0.3,0.0,0.0,1,79,1.5,0.43333333333333335,1.7748239349298849,False,1,0.44999999999999996
200,60,0.3,0.0,0.0,1,80,1.4666666666666666,0.38333333333333336,1.697710877099579,False,1,0.43999999999999995
200,60,0.3,0.0,0.0,1,81,1.3333333333333333,0.4166666666666667,1.6599866130651644,False,0,0.39999999999999997
200,60,0.3,0.0,0.0,1,82,1.5,0.36666666666666664,1.7368553960150703,False,0,0.44999999999999996
200,60,0.3,0.0,0.0,1,83,1.4,0.4166666666666667,1.7048949136725895,False,1,0.42
200,60,0.3,0.0,0.0,1,84,1.45,0.4166666666666667,1.745709025009609,False,1,0.435
200,60,0.3,0.0,0.0,1,85,1.45,0.38333333333333336,1.7168284713389395,False,2,0.435
200,60,0.3,0.0,0.0,1,86,1.4666666666666666,0.43333333333333335,1.7838784213679535,False,3,0.43999999999999995
200,60,0.3,0.0,0.0,1,87,1.4833333333333334,0.43333333333333335,1.7747456781810238,False,4,0.445
200,60,0.3,0.0,0.0,1,88,1.5666666666666667,0.4166666666666667,1.8472201336663214,False,5,0.47
200,60,0.3,0.0,0.0,1,89,1.5,0.38333333333333336,1.7175564037317668,False,4,0.44999999999999996
200,60,0.3,0.0,0.0,1,90,1.3833333333333333,0.4666666666666667,1.7520622769246024,False,5,0.415
200,60,0.3,0.0,0.0,1,91,1.4166666666666667,0.4166666666666667,1.7348551012180302,False,5,0.425
200,60,0.3,0.0,0.0,1,92,1.4666666666666666,0.38333333333333336,1.7269111795984824,False,5,0.43999999999999995
200,60,0.3,0.0,0.0,1,93,1.55,0.36666666666666664,1.7834890897713205,False,5,0.46499999999999997
200,60,0.3,0.0,0.0,1,94,1.6666666666666667,0.4,1.903213656482693,False,5,0.5
200,60,0.3,0.0,0.0,1,95,1.6166666666666667,0.4,1.853749953172997,False,5,0.485
200,60,0.3,0.0,0.0,1,96,1.5666666666666667,0.4166666666666667,1.8740923729160797,False,5,0.47
200,60,0.3,0.0,0.0,1,97,1.6166666666666667,0.4,1.8627190400654152,False,5,0.485
200,60,0.3,0.0,0.0,1,98,1.5666666666666667,0.4,1.8290859891091933,False,5,0.47
200,60,0.3,0.0,0.0,1,99,1.6,0.35,1.7530925056406275,False,5,0.48
200,60,0.3,0.0,0.0,1,100,1.4666666666666666,0.4,1.7365355036841474,True,0,0.43999999999999995
200,60,0.3,0.0,0.0,1,101,1.4666666666666666,0.4166666666666667,1.7838784213679535,True,0,0.43999999999999995
200,60,0.3,0.0,0.0,1,102,1.3833333333333333,0.45,1.76154919192044,True,0,0.415
200,60,0.3,0.0,0.0,1,103,1.25,0.4666666666666667,1.6085707942145413,True,0,0.375
200,60,0.3,0.0,0.0,1,104,1.1666666666666667,0.4666666666666667,1.5616942366829971,True,0,0.35000000000000003
200,60,0.3,0.0,0.0,1,105,1.1166666666666667,0.45,1.4729976993268599,True,0,0.335
200,60,0.3,0.0,0.0,1,106,1.1,0.48333333333333334,1.4910846164230027,True,0,0.33
200,60,0.3,0.0,0.0,1,107,0.9833333333333333,0.5166666666666667,1.3843369853070058,True,0,0.295
200,60,0.3,0.0,0.0,1,108,0.9666666666666667,0.5166666666666667,1.3161391348266422,False,1,0.29
200,60,0.3,0.0,0.0,1,109,1.0166666666666666,0.5,1.3353110332636196,False,2,0.305
200,60,0.3,0.0,0.0,1,110,0.9833333333333333,0.5166666666666667,1.3600449338982232,False,3,0.295
200,60,0.3,0.0,0.0,1,111,1.0,0.55,1.4023789311975086,False,4,0.3
200,60,0.3,0.0,0.0,1,112,1.1166666666666667,0.48333333333333334,1.4386529193041044,False,5,0.335
200,60,0.3,0.0,0.0,1,113,1.1666666666666667,0.48333333333333334,1.5184055965240497,False,5,0.35000000000000003
200,60,0.3,0.0,0.0,1,114,1.1666666666666667,0.43333333333333335,1.4395215254459457,False,5,0.35000000000000003
200,60,0.3,0.0,0.0,1,115,1.3333333333333333,0.4166666666666667,1.6397831834998458,False,5,0.39999999999999997
200,60,0.3,0.0,0.0,1,116,1.35,0.45,1.661575557515617,False,5,0.405
200,60,0.3,0.0,0.0,1,117,1.4833333333333334,0.4166666666666667,1.7367754284561054,False,0,0.445
200,60,0.3,0.0,0.0,1,118,1.6166666666666667,0.4166666666666667,1.8174310318566578,False,0,0.485
200,60,0.3,0.0,0.0,1,119,1.5666666666666667,0.36666666666666664,1.7259457954666158,False,1,0.47
200,60,0.3,0.0,0.0,1,120,1.6,0.36666666666666664,1.7530925056406275,False,0,0.48
200,60,0.3,0.0,0.0,1,121,1.6666666666666667,0.36666666666666664,1.7950549357115013,False,0,0.5
200,60,0.3,0.0,0.0,1,122,1.7333333333333334,0.31666666666666665,1.6918103387266028,False,0,0.52
200,60,0.3,0.0,0.0,1,123,1.7666666666666666,0.26666666666666666,1.5744487571492725,False,1,0.5299999999999999
200,60,0.3,0.0,0.0,1,124,1.8166666666666667,0.3,1.7174755375906297,False,0,0.5449999999999999
200,60,0.3,0.0,0.0,1,125,1.7,0.35,1.725301905947671,False,1,0.51
200,60,0.3,0.0,0.0,1,126,1.8333333333333333,0.31666666666666665,1.8089284734953515,False,1,0.5499999999999999
200,60,0.3,0.0,0.0,1,127,1.8166666666666667,0.31666666666666665,1.7558631938609441,False,0,0.5449999999999999
200,60,0.3,0.0,0.0,1,128,1.9,0.31666666666666665,1.823001188516709,False,0,0.57
200,60,0.3,0.0,0.0,1,129,1.8,0.3333333333333333,1.7962924780409972,False,1,0.54
200,60,0.3,0.0,0.0,1,130,1.8,0.3,1.7301252363147974,False,1,0.54
200,60,0.3,0.0,0.0,1,131,1.8166666666666667,0.3,1.7367754284561054,False,2,0.5449999999999999
200,60,0.3,0.0,0.0,1,132,1.7833333333333334,0.2833333333333333,1.6841582137343536,False,2,0.535
200,60,0.3,0.0,0.0,1,133,1.7666666666666666,0.25,1.6367311596254557,False,1,0.5299999999999999
200,60,0.3,0.0,0.0,1,134,1.6833333333333333,0.3,1.6682492486302984,False,2,0.505
200,60,0.3,0.0,0.0,1,135,1.5833333333333333,0.3,1.6154634697888475,False,1,0.475
200,60,0.3,0.0,0.0,1,136,1.5166666666666666,0.3333333333333333,1.5544738302360992,False,0,0.45499999999999996
200,60,0.3,0.0,0.0,1,137,1.5333333333333334,0.35,1.6579773487261185,False,0,0.46
200,60,0.3,0.0,0.0,1,138,1.5,0.4,1.6881943016134133,False,0,0.44999999999999996
200,60,0.3,0.0,0.0,1,139,1.4833333333333334,0.36666666666666664,1.6582286399113428,False,1,0.445
200,60,0.3,0.0,0.0,1,140,1.4833333333333334,0.38333333333333336,1.6380035273330626,False,1,0.445
200,60,0.3,0.0,0.0,1,141,1.6166666666666667,0.35,1.674232825970019,False,1,0.485
200,60,0.3,0.0,0.0,1,142,1.6833333333333333,0.3,1.6881120289312028,False,0,0.505
200,60,0.3,0.0,0.0,1,143,1.6,0.3333333333333333,1.7146428199482247,False,1,0.48
200,60,0.3,0.0,0.0,1,144,1.4333333333333333,0.38333333333333336,1.6367311596254557,False,2,0.43
200,60,0.3,0.0,0.0,1,145,1.4,0.38333333333333336,1.5832456116050557,False,3,0.42
200,60,0.3,0.0,0.0,1,146,1.3666666666666667,0.4166666666666667,1.5912957683040014,False,4,0.41
200,60,0.3,0.0,0.0,1,147,1.4333333333333333,0.38333333333333336,1.6162370563200876,False,2,0.43
200,60,0.3,0.0,0.0,1,148,1.4666666666666666,0.31666666666666665,1.4884742374510738,False,0,0.43999999999999995
200,60,0.3,0.0,0.0,1,149,1.5333333333333334,0.3,1.564892612574067,False,1,0.46
200,60,0.3,0.0,0.0,1,150,1.5833333333333333,0.3,1.6154634697888475,False,0,0.475
200,60,0.3,0.0,0.0,1,151,1.6333333333333333,0.3,1.6428295373802142,False,0,0.49
200,60,0.3,0.0,0.0,1,152,1.5,0.38333333333333336,1.5968719422671311,False,0,0.44999999999999996
200,60,0.3,0.0,0.0,1,153,1.4333333333333333,0.38333333333333336,1.6367311596254557,False,0,0.43
200,60,0.3,0.0,0.0,1,154,1.3666666666666667,0.4166666666666667,1.6428295373802142,False,1,0.41
200,60,0.3,0.0,0.0,1,155,1.3833333333333333,0.38333333333333336,1.5926044357871445,False,1,0.415
200,60,0.3,0.0,0.0,1,156,1.3333333333333333,0.4166666666666667,1.5776212754932308,False,0,0.39999999999999997
200,60,0.3,0.0,0.0,1,157,1.3833333333333333,0.3333333333333333,1.4501915582279314,False,1,0.415
200,60,0.3,0.0,0.0,1,158,1.4333333333333333,0.31666666666666665,1.4302291968616623,False,0,0.43
200,60,0.3,0.0,0.0,1,159,1.5166666666666666,0.3,1.4316850988336165,False,0,0.45499999999999996
200,60,0.3,0.0,0.0,1,160,1.5666666666666667,0.3,1.4647715028479888,False,0,0.47
200,60,0.3,0.0,0.0,1,161,1.55,0.31666666666666665,1.4880076164679623,False,1,0.46499999999999997
200,60,0.3,0.0,0.0,1,162,1.5833333333333333,0.31666666666666665,1.6051133570215186,False,1,0.475
200,60,0.3,0.0,0.0,1,163,1.6666666666666667,0.2833333333333333,1.5881505666095461,False,0,0.5
200,60,0.3,0.0,0.0,1,164,1.8,0.26666666666666666,1.6512621435334447,False,1,0.54
200,60,0.3,0.0,0.0,1,165,1.8166666666666667,0.3333333333333333,1.7174755375906297,False,0,0.5449999999999999
200,60,0.3,0.0,0.0,1,166,1.7333333333333334,0.31666666666666665,1.6418147141366335,False,0,0.52
200,60,0.3,0.0,0.0,1,167,1.7166666666666666,0.31666666666666665,1.6841582137343536,False,0,0.5149999999999999
200,60,0.3,0.0,0.0,1,168,1.7666666666666666,0.31666666666666665,1.7162620882474668,False,1,0.5299999999999999
200,60,0.3,0.0,0.0,1,169,1.9166666666666667,0.26666666666666666,1.7728664799007159,False,1,0.575
200,60,0.3,0.0,0.0,1,170,1.85,0.2833333333333333,1.7684739183827394,False,1,0.555
200,60,0.3,0.0,0.0,1,171,1.65,0.35,1.7684739183827394,False,1,0.49499999999999994
200,60,0.3,0.0,0.0,1,172,1.6666666666666667,0.3333333333333333,1.6499158227686108,False,1,0.5
200,60,0.3,0.0,0.0,1,173,1.7,0.36666666666666664,1.6960738977611403,False,2,0.51
200,60,0.3,0.0,0.0,1,174,1.75,0.36666666666666664,1.7665880485651808,False,2,0.525
200,60,0.3,0.0,0.0,1,175,1.8166666666666667,0.31666666666666665,1.7747456781810238,False,3,0.5449999999999999
200,60,0.3,0.0,0.0,1,176,1.7666666666666666,0.3,1.7162620882474668,False,2,0.5299999999999999
200,60,0.3,0.0,0.0,1,177,1.8,0.2833333333333333,1.7301252363147974,False,1,0.54
200,60,0.3,0.0,0.0,1,178,1.7833333333333334,0.36666666666666664,1.8356803159107584,False,2,0.535
200,60,0.3,0.0,0.0,1,179,1.7,0.3333333333333333,1.78232058470598,False,2,0.51
200,60,0.3,0.0,0.0,1,180,1.7166666666666666,0.3333333333333333,1.7520622769246024,False,2,0.5149999999999999
200,60,0.3,0.0,0.0,1,181,1.7833333333333334,0.31666666666666665,1.7897082319628403,False,2,0.535
200,60,0.3,0.0,0.0,1,182,1.8833333333333333,0.3,1.7709852875980898,False,3,0.565
200,60,0.3,0.0,0.0,1,183,1.8333333333333333,0.35,1.8454147380888546,False,4,0.5499999999999999
200,60,0.3,0.0,0.0,1,184,1.75,0.36666666666666664,1.8763883748662837,False,4,0.525
200,60,0.3,0.0,0.0,1,185,1.7,0.3333333333333333,1.7729448195962934,False,5,0.51
200,60,0.3,0.0,0.0,1,186,1.7666666666666666,0.31666666666666665,1.754676291766914,False,5,0.5299999999999999
200,60,0.3,0.0,0.0,1,187,1.6333333333333333,0.3333333333333333,1.6629959577688562,False,4,0.49
200,60,0.3,0.0,0.0,1,188,1.7166666666666666,0.31666666666666665,1.7520622769246024,False,5,0.5149999999999999
200,60,0.3,0.0,0.0,1,189,1.65,0.3,1.661575557515617,False,4,0.49499999999999994
200,60,0.3,0.0,0.0,1,190,1.6166666666666667,0.35,1.7038355424029503,False,5,0.485
200,60,0.3,0.0,0.0,1,191,1.65,0.3333333333333333,1.7109938632268673,False,5,0.49499999999999994
200,60,0.3,0.0,0.0,1,192,1.5833333333333333,0.38333333333333336,1.7348551012180302,False,5,0.475
200,60,0.3,0.0,0.0,1,193,1.5666666666666667,0.36666666666666664,1.7065234314893605,False,5,0.47
200,60,0.3,0.0,0.0,1,194,1.55,0.38333333333333336,1.6575584454250776,False,5,0.46499999999999997
200,60,0.3,0.0,0.0,1,195,1.7,0.31666666666666665,1.7156145643277028,False,5,0.51
200,60,0.3,0.0,0.0,1,196,1.6833333333333333,0.31666666666666665,1.7463453903000465,False,4,0.505
200,60,0.3,0.0,0.0,1,197,1.6833333333333333,0.35,1.8573427853312976,False,5,0.505
200,60,0.3,0.0,0.0,1,198,1.6,0.35,1.7530925056406275,False,4,0.48
200,60,0.3,0.0,0.0,1,199,1.7333333333333334,0.3333333333333333,1.7876116903722563,False,5,0.52
200,60,0.3,0.0,0.0,1,200,1.7,0.35,1.80092568789868,False,1,0.51
200,60,0.3,0.0,0.0,1,201,1.75,0.31666666666666665,1.7187689392895913,False,0,0.525
200,60,0.3,0.0,0.0,1,202,1.7833333333333334,0.35,1.7989966339292824,False,0,0.535
200,60,0.3,0.0,0.0,1,203,1.7166666666666666,0.36666666666666664,1.7803713719958043,False,0,0.5149999999999999
200,60,0.3,0.0,0.0,1,204,1.7666666666666666,0.3333333333333333,1.792267341169342,False,0,0.5299999999999999
200,60,0.3,0.0,0.0,1,205,1.8,0.3333333333333333,1.7962924780409972,False,0,0.54
200,60,0.3,0.0,0.0,1,206,1.65,0.35,1.8149839301400623,False,0,0.49499999999999994
200,60,0.3,0.0,0.0,1,207,1.6833333333333333,0.3,1.7841119795448814,False,1,0.505
200,60,0.3,0.0,0.0,1,208,1.75,0.3,1.7759973723704285,False,1,0.525
200,60,0.3,0.0,0.0,1,209,1.65,0.3333333333333333,1.7495237447183543,False,1,0.49499999999999994
200,60,0.3,0.0,0.0,1,210,1.5666666666666667,0.38333333333333336,1.74515201502779,False,2,0.47
200,60,0.3,0.0,0.0,1,211,1.6,0.4,1.8636880997992484,False,0,0.48
200,60,0.3,0.0,0.0,1,212,1.6166666666666667,0.3333333333333333,1.8174310318566578,False,0,0.485
200,60,0.3,0.0,0.0,1,213,1.5833333333333333,0.35,1.81007980180126,False,0,0.475
200,60,0.3,0.0,0.0,1,214,1.65,0.35,1.7965244223221681,False,1,0.49499999999999994
200,60,0.3,0.0,0.0,1,215,1.5833333333333333,0.38333333333333336,1.7915697648214044,False,0,0.475
200,60,0.3,0.0,0.0,1,216,1.45,0.4,1.6675830813885506,False,0,0.435
200,60,0.3,0.0,0.0,1,217,1.4166666666666667,0.36666666666666664,1.594696069963037,False,1,0.425
200,60,0.3,0.0,0.0,1,218,1.5,0.35,1.648231375343482,False,0,0.44999999999999996
200,60,0.3,0.0,0.0,1,219,1.5666666666666667,0.36666666666666664,1.6669999666733317,False,1,0.47
200,60,0.3,0.0,0.0,1,220,1.5,0.45,1.7748239349298849,False,0,0.44999999999999996
200,60,0.3,0.0,0.0,1,221,1.5,0.45,1.8393839548428526,False,1,0.44999999999999996
200,60,0.3,0.0,0.0,1,222,1.55,0.4,1.7928097128994662,False,2,0.46499999999999997
200,60,0.3,0.0,0.0,1,223,1.5666666666666667,0.38333333333333336,1.754676291766914,False,3,0.47
200,60,0.3,0.0,0.0,1,224,1.6,0.36666666666666664,1.8092355660149215,False,0,0.48
200,60,0.3,0.0,0.0,1,225,1.55,0.38333333333333336,1.745709025009609,False,1,0.46499999999999997
200,60,0.3,0.0,0.0,1,226,1.5166666666666666,0.36666666666666664,1.7174755375906297,False,1,0.45499999999999996
200,60,0.3,0.0,0.0,1,227,1.4666666666666666,0.38333333333333336,1.697710877099579,False,2,0.43999999999999995
200,60,0.3,0.0,0.0,1,228,1.4833333333333334,0.4166666666666667,1.7653296827756817,False,0,0.445
200,60,0.3,0.0,0.0,1,229,1.4166666666666667,0.43333333333333335,1.7728664799007159,False,1,0.425
200,60,0.3,0.0,0.0,1,230,1.4833333333333334,0.38333333333333336,1.7841119795448814,False,0,0.445
200,60,0.3,0.0,0.0,1,231,1.5,0.38333333333333336,1.7748239349298849,False,0,0.44999999999999996
200,60,0.3,0.0,0.0,1,232,1.5,0.36666666666666664,1.7654083569153813,False,0,0.44999999999999996
200,60,0.3,0.0,0.0,1,233,1.6166666666666667,0.35,1.7989966339292824,False,0,0.485
200,60,0.3,0.0,0.0,1,234,1.6833333333333333,0.3,1.7653296827756817,False,1,0.505
200,60,0.3,0.0,0.0,1,235,1.6,0.45,1.845715759987617,False,2,0.48
200,60,0.3,0.0,0.0,1,236,1.4833333333333334,0.43333333333333335,1.793429365458503,False,2,0.445
200,60,0.3,0.0,0.0,1,237,1.6166666666666667,0.38333333333333336,1.7897082319628403,False,2,0.485
200,60,0.3,0.0,0.0,1,238,1.7,0.36666666666666664,1.8284784202536637,False,0,0.51
200,60,0.3,0.0,0.0,1,239,1.65,0.35,1.7684739183827394,False,1,0.49499999999999994
200,60,0.3,0.0,0.0,1,240,1.6,0.36666666666666664,1.772004514666935,False,2,0.48
200,60,0.3,0.0,0.0,1,241,1.6333333333333333,0.4,1.7792008193443358,False,0,0.49
200,60,0.3,0.0,0.0,1,242,1.5833333333333333,0.4,1.7728664799007159,False,0,0.475
200,60,0.3,0.0,0.0,1,243,1.5666666666666667,0.4,1.7829438827088442,False,0,0.47
200,60,0.3,0.0,0.0,1,244,1.55,0.38333333333333336,1.7361355553834692,False,1,0.46499999999999997
200,60,0.3,0.0,0.0,1,245,1.5666666666666667,0.38333333333333336,1.7162620882474668,False,2,0.47
200,60,0.3,0.0,0.0,1,246,1.6,0.35,1.6950909513454826,False,1,0.48
200,60,0.3,0.0,0.0,1,247,1.65,0.35,1.7872231720371876,False,2,0.49499999999999994
200,60,0.3,0.0,0.0,1,248,1.6,0.4,1.8814887722226779,False,1,0.48
200,60,0.3,0.0,0.0,1,249,1.7833333333333334,0.3333333333333333,1.880528885417315,False,0,0.535
200,60,0.3,0.0,0.0,1,250,1.8333333333333333,0.3,1.890032333644645,False,0,0.5499999999999999
200,60,0.3,0.0,0.0,1,251,1.7833333333333334,0.31666666666666665,1.853749953172997,False,1,0.535
200,60,0.3,0.0,0.0,1,252,1.75,0.35,1.894069692487581,False,0,0.525
200,60,0.3,0.0,0.0,1,253,1.65,0.36666666666666664,1.7590243507884327,False,0,0.49499999999999994
200,60,0.3,0.0,0.0,1,254,1.7166666666666666,0.36666666666666664,1.853749953172997,False,0,0.5149999999999999
200,60,0.3,0.0,0.0,1,255,1.7666666666666666,0.3333333333333333,1.8472201336663214,False,0,0.5299999999999999
200,60,0.3,0.0,0.0,1,256,1.65,0.36666666666666664,1.7778732613247024,False,0,0.49499999999999994
200,60,0.3,0.0,0.0,1,257,1.75,0.3333333333333333,1.8585388526115527,False,0,0.525
200,60,0.3,0.0,0.0,1,258,1.8666666666666667,0.31666666666666665,1.8660713336371206,False,1,0.5599999999999999
200,60,0.3,0.0,0.0,1,259,1.7666666666666666,0.35,1.810770247405476,False,0,0.5299999999999999
200,60,0.3,0.0,0.0,1,260,1.6666666666666667,0.38333333333333336,1.8043158136965811,False,0,0.5
200,60,0.3,0.0,0.0,1,261,1.75,0.36666666666666664,1.9115874729309843,False,0,0.525
200,60,0.3,0.0,0.0,1,262,1.7833333333333334,0.3333333333333333,1.8265784650238512,False,0,0.535
200,60,0.3,0.0,0.0,1,263,1.6333333333333333,0.43333333333333335,1.87053171287976,False,0,0.49
200,60,0.3,0.0,0.0,1,264,1.6333333333333333,0.4166666666666667,1.8436075745366445,False,1,0.49
200,60,0.3,0.0,0.0,1,265,1.6,0.43333333333333335,1.8636880997992484,False,2,0.48
200,60,0.3,0.0,0.0,1,266,1.5333333333333334,0.4166666666666667,1.8208667044996885,False,3,0.46
200,60,0.3,0.0,0.0,1,267,1.55,0.38333333333333336,1.7552302792891117,False,4,0.46499999999999997
200,60,0.3,0.0,0.0,1,268,1.6666666666666667,0.35,1.8043158136965811,False,5,0.5
200,60,0.3,0.0,0.0,1,269,1.5,0.38333333333333336,1.7272328544042153,False,5,0.44999999999999996
200,60,0.3,0.0,0.0,1,270,1.5666666666666667,0.35,1.754676291766914,False,4,0.47
200,60,0.3,0.0,0.0,1,271,1.55,0.3333333333333333,1.764700163389426,False,4,0.46499999999999997
200,60,0.3,0.0,0.0,1,272,1.4833333333333334,0.36666666666666664,1.7653296827756817,False,5,0.445
200,60,0.3,0.0,0.0,1,273,1.4666666666666666,0.4,1.7650936393164969,False,5,0.43999999999999995
200,60,0.3,0.0,0.0,1,274,1.5166666666666666,0.38333333333333336,1.8026985943918141,False,5,0.45499999999999996
200,60,0.3,0.0,0.0,1,275,1.5166666666666666,0.4,1.7077438007174521,False,5,0.45499999999999996
200,60,0.3,0.0,0.0,1,276,1.5,0.4166666666666667,1.7175564037317668,False,5,0.44999999999999996
200,60,0.3,0.0,0.0,1,277,1.45,0.4,1.7168284713389395,False,5,0.435
200,60,0.3,0.0,0.0,1,278,1.4833333333333334,0.43333333333333335,1.7463453903000465,False,5,0.445
200,60,0.3,0.0,0.0,1,279,1.45,0.4,1.7265090018106866,False,5,0.435
200,60,0.3,0.0,0.0,1,280,1.4166666666666667,0.4166666666666667,1.7252214028607715,False,5,0.425
200,60,0.3,0.0,0.0,1,281,1.3166666666666667,0.43333333333333335,1.697956287881274,False,5,0.39499999999999996
200,60,0.3,0.0,0.0,1,282,1.3833333333333333,0.43333333333333335,1.6940254491070146,False,4,0.415
200,60,0.3,0.0,0.0,1,283,1.4333333333333333,0.45,1.8015425489162213,False,5,0.43
200,60,0.3,0.0,0.0,1,284,1.4,0.4,1.6653327995729061,False,5,0.42
200,60,0.3,0.0,0.0,1,285,1.35,0.4166666666666667,1.6413916859380844,False,5,0.405
200,60,0.3,0.0,0.0,1,286,1.2,0.48333333333333334,1.6309506430300091,False,5,0.36
200,60,0.3,0.0,0.0,1,287,1.25,0.4166666666666667,1.62916133843971,False,0,0.375
200,60,0.3,0.0,0.0,1,288,1.3166666666666667,0.36666666666666664,1.5219687542419815,False,1,0.39499999999999996
200,60,0.3,0.0,0.0,1,289,1.3166666666666667,0.4,1.6682492486302984,False,0,0.39499999999999996
200,60,0.3,0.0,0.0,1,290,1.3333333333333333,0.4,1.6295875415440422,False,0,0.39999999999999997
200,60,0.3,0.0,0.0,1,291,1.2,0.5666666666666667,1.7682382946499793,False,0,0.36
200,60,0.3,0.0,0.0,1,292,1.3,0.48333333333333334,1.7349351572897473,False,0,0.39
200,60,0.3,0.0,0.0,1,293,1.4666666666666666,0.36666666666666664,1.7074997966487597,False,1,0.43999999999999995
200,60,0.3,0.0,0.0,1,294,1.35,0.43333333333333335,1.661575557515617,False,2,0.405
200,60,0.3,0.0,0.0,1,295,1.4166666666666667,0.45,1.7634404504326826,False,2,0.425
200,60,0.3,0.0,0.0,1,296,1.4333333333333333,0.4166666666666667,1.74515201502779,False,0,0.43
200,60,0.3,0.0,0.0,1,297,1.5166666666666666,0.4,1.7747456781810238,False,0,0.45499999999999996
200,60,0.3,0.0,0.0,1,298,1.4833333333333334,0.38333333333333336,1.697956287881274,False,1,0.445
200,60,0.3,0.0,0.0,1,299,1.45,0.38333333333333336,1.707093045696885,False,1,0.435
200,60,0.3,0.0,0.0,1,300,1.45,0.4166666666666667,1.7265090018106866,False,0,0.435
200,60,0.3,0.0,0.0,1,301,1.4666666666666666,0.38333333333333336,1.697710877099579,False,0,0.43999999999999995
200,60,0.3,0.0,0.0,1,302,1.4833333333333334,0.36666666666666664,1.6881120289312028,False,0,0.445
200,60,0.3,0.0,0.0,1,303,1.5333333333333334,0.3333333333333333,1.687865186822955,False,1,0.46
200,60,0.3,0.0,0.0,1,304,1.4333333333333333,0.38333333333333336,1.6162370563200876,False,2,0.43
200,60,0.3,0.0,0.0,1,305,1.4166666666666667,0.4,1.70579079087156,False,3,0.425
200,60,0.3,0.0,0.0,1,306,1.4333333333333333,0.35,1.6468825769380835,False,0,0.43
200,60,0.3,0.0,0.0,1,307,1.4833333333333334,0.38333333333333336,1.6881120289312028,False,0,0.445
200,60,0.3,0.0,0.0,1,308,1.5333333333333334,0.36666666666666664,1.697710877099579,False,1,0.46
200,60,0.3,0.0,0.0,1,309,1.55,0.4166666666666667,1.8296174463531987,False,2,0.46499999999999997
200,60,0.3,0.0,0.0,1,310,1.5833333333333333,0.35,1.7539637649874324,False,0,0.475
200,60,0.3,0.0,0.0,1,311,1.65,0.35,1.7965244223221681,False,0,0.49499999999999994
200,60,0.3,0.0,0.0,1,312,1.6,0.31666666666666665,1.6753109164172084,False,0,0.48
200,60,0.3,0.0,0.0,1,313,1.6166666666666667,0.36666666666666664,1.8082373246402759,False,1,0.485
200,60,0.3,0.0,0.0,1,314,1.7,0.38333333333333336,1.8734993995195195,False,1,0.51
200,60,0.3,0.0,0.0,1,315,1.7666666666666666,0.3333333333333333,1.9005847053531242,False,1,0.5299999999999999
200,60,0.3,0.0,0.0,1,316,1.65,0.38333333333333336,1.8149839301400623,False,0,0.49499999999999994
200,60,0.3,0.0,0.0,1,317,1.6666666666666667,0.35,1.8226964152656422,False,0,0.5
200,60,0.3,0.0,0.0,1,318,1.7333333333333334,0.35,1.8873850222522754,False,1,0.52
200,60,0.3,0.0,0.0,1,319,1.6,0.4,1.845715759987617,False,2,0.48
200,60,0.3,0.0,0.0,1,320,1.4833333333333334,0.43333333333333335,1.7271524413193977,False,2,0.445
200,60,0.3,0.0,0.0,1,321,1.5166666666666666,0.38333333333333336,1.6881120289312028,False,2,0.45499999999999996
200,60,0.3,0.0,0.0,1,322,1.5833333333333333,0.35,1.7252214028607715,False,2,0.475
200,60,0.3,0.0,0.0,1,323,1.6833333333333333,0.35,1.830224637093005,False,1,0.505
200,60,0.3,0.0,0.0,1,324,1.7166666666666666,0.31666666666666665,1.8356803159107584,False,2,0.5149999999999999
200,60,0.3,0.0,0.0,1,325,1.7,0.31666666666666665,1.8284784202536637,False,0,0.51
200,60,0.3,0.0,0.0,1,326,1.5833333333333333,0.38333333333333336,1.8374952758820604,False,0,0.475
200,60,0.3,0.0,0.0,1,327,1.6333333333333333,0.31666666666666665,1.7603661235347858,False,1,0.49
200,60,0.3,0.0,0.0,1,328,1.55,0.38333333333333336,1.764700163389426,False,0,0.46499999999999997
200,60,0.3,0.0,0.0,1,329,1.5833333333333333,0.38333333333333336,1.8008485654145259,False,0,0.475
200,60,0.3,0.0,0.0,1,330,1.5333333333333334,0.38333333333333336,1.746106780494506,False,1,0.46
200,60,0.3,0.0,0.0,1,331,1.5,0.4,1.746424919657298,False,0,0.44999999999999996
200,60,0.3,0.0,0.0,1,332,1.55,0.35,1.7552302792891117,False,0,0.46499999999999997
200,60,0.3,0.0,0.0,1,333,1.6,0.38333333333333336,1.7435595774162693,False,0,0.48
200,60,0.3,0.0,0.0,1,334,1.6166666666666667,0.35,1.7038355424029503,False,0,0.485
200,60,0.3,0.0,0.0,1,335,1.5666666666666667,0.38333333333333336,1.8199511592958264,False,0,0.47
200,60,0.3,0.0,0.0,1,336,1.3333333333333333,0.4666666666666667,1.766981104093143,False,1,0.39999999999999997
200,60,0.3,0.0,0.0,1,337,1.4666666666666666,0.38333333333333336,1.7269111795984824,False,2,0.43999999999999995
200,60,0.3,0.0,0.0,1,338,1.4,0.43333333333333335,1.7530925056406275,False,1,0.42
200,60,0.3,0.0,0.0,1,339,1.3833333333333333,0.48333333333333334,1.7897082319628403,False,0,0.415
200,60,0.3,0.0,0.0,1,340,1.3333333333333333,0.45,1.7094508539944113,False,1,0.39999999999999997
200,60,0.3,0.0,0.0,1,341,1.4333333333333333,0.4,1.7162620882474668,False,0,0.43
200,60,0.3,0.0,0.0,1,342,1.2333333333333334,0.48333333333333334,1.6265163865007803,False,0,0.37
200,60,0.3,0.0,0.0,1,343,1.4166666666666667,0.38333333333333336,1.6662499479036417,False,0,0.425
200,60,0.3,0.0,0.0,1,344,1.45,0.4,1.7265090018106866,False,0,0.435
200,60,0.3,0.0,0.0,1,345,1.4666666666666666,0.4,1.697710877099579,False,0,0.43999999999999995
200,60,0.3,0.0,0.0,1,346,1.3833333333333333,0.43333333333333335,1.6440971855567283,False,1,0.415
200,60,0.3,0.0,0.0,1,347,1.4666666666666666,0.43333333333333335,1.80246744461277,False,0,0.43999999999999995
200,60,0.3,0.0,0.0,1,348,1.4833333333333334,0.38333333333333336,1.7367754284561054,False,1,0.445
200,60,0.3,0.0,0.0,1,349,1.3666666666666667,0.45,1.7508727982225196,False,0,0.41
200,60,0.3,0.0,0.0,1,350,1.3833333333333333,0.4,1.674232825970019,False,0,0.415
200,60,0.3,0.0,0.0,1,351,1.3833333333333333,0.48333333333333334,1.853749953172997,False,0,0.415
200,60,0.3,0.0,0.0,1,352,1.3666666666666667,0.4666666666666667,1.7603661235347858,False,0,0.41
200,60,0.3,0.0,0.0,1,353,1.3833333333333333,0.48333333333333334,1.8174310318566578,False,1,0.415
200,60,0.3,0.0,0.0,1,354,1.4333333333333333,0.4,1.7641491496532322,False,0,0.43
200,60,0.3,0.0,0.0,1,355,1.5333333333333334,0.36666666666666664,1.80246744461277,False,1,0.46
200,60,0.3,0.0,0.0,1,356,1.4166666666666667,0.4166666666666667,1.7444355979959694,False,1,0.425
200,60,0.3,0.0,0.0,1,357,1.45,0.43333333333333335,1.8204852832875817,False,0,0.435
200,60,0.3,0.0,0.0,1,358,1.4166666666666667,0.45,1.8465433171800283,False,0,0.425
200,60,0.3,0.0,0.0,1,359,1.5333333333333334,0.4166666666666667,1.8749814813900312,False,1,0.46
200,60,0.3,0.0,0.0,1,360,1.4833333333333334,0.4,1.7077438007174521,False,1,0.445
200,60,0.3,0.0,0.0,1,361,1.4833333333333334,0.4166666666666667,1.830224637093005,False,1,0.445
200,60,0.3,0.0,0.0,1,362,1.4833333333333334,0.43333333333333335,1.8119204054139784,False,1,0.445
200,60,0.3,0.0,0.0,1,363,1.5166666666666666,0.4166666666666667,1.8393084449204151,False,0,0.45499999999999996
200,60,0.3,0.0,0.0,1,364,1.5166666666666666,0.45,1.9016805433323676,False,0,0.45499999999999996
200,60,0.3,0.0,0.0,1,365,1.4833333333333334,0.4,1.7653296827756817,False,1,0.445
200,60,0.3,0.0,0.0,1,366,1.4833333333333334,0.45,1.8662946057778647,False,1,0.445
200,60,0.3,0.0,0.0,1,367,1.4666666666666666,0.48333333333333334,1.9275776393067947,False,2,0.43999999999999995
200,60,0.3,0.0,0.0,1,368,1.55,0.45,1.909842925478428,False,3,0.46499999999999997
200,60,0.3,0.0,0.0,1,369,1.45,0.48333333333333334,1.8656991540260004,False,3,0.435
200,60,0.3,0.0,0.0,1,370,1.5166666666666666,0.45,1.8752036926395192,False,4,0.45499999999999996
200,60,0.3,0.0,0.0,1,371,1.6,0.4,1.8547236990991407,False,5,0.48
200,60,0.3,0.0,0.0,1,372,1.5666666666666667,0.4166666666666667,1.88296456566648,False,5,0.47
200,60,0.3,0.0,0.0,1,373,1.55,0.4166666666666667,1.8113070786957504,False,5,0.46499999999999997
200,60,0.3,0.0,0.0,1,374,1.45,0.4666666666666667,1.8204852832875817,False,4,0.435
200,60,0.3,0.0,0.0,1,375,1.55,0.45,1.8923089952048882,False,5,0.46499999999999997
200,60,0.3,0.0,0.0,1,376,1.5833333333333333,0.4166666666666667,1.855547238836984,False,5,0.475
200,60,0.3,0.0,0.0,1,377,1.6166666666666667,0.4666666666666667,1.880528885417315,False,4,0.485
200,60,0.3,0.0,0.0,1,378,1.6,0.48333333333333334,1.9078784028338913,False,4,0.48
200,60,0.3,0.0,0.0,1,379,1.65,0.36666666666666664,1.7399712641305316,False,5,0.49499999999999994
200,60,0.3,0.0,0.0,1,380,1.7,0.38333333333333336,1.8645821694595994,False,5,0.51
200,60,0.3,0.0,0.0,1,381,1.6833333333333333,0.35,1.8210955188811182,False,4,0.505
200,60,0.3,0.0,0.0,1,382,1.7166666666666666,0.35,1.880528885417315,False,5,0.5149999999999999
200,60,0.3,0.0,0.0,1,383,1.6166666666666667,0.4166666666666667,1.880528885417315,False,5,0.485
200,60,0.3,0.0,0.0,1,384,1.55,0.4,1.8477463750922816,False,5,0.46499999999999997
200,60,0.3,0.0,0.0,1,385,1.5166666666666666,0.4666666666666667,1.9016805433323676,False,4,0.45499999999999996
200,60,0.3,0.0,0.0,1,386,1.6666666666666667,0.36666666666666664,1.894436298451043,False,4,0.5
200,60,0.3,0.0,0.0,1,387,1.5333333333333334,0.38333333333333336,1.8208667044996885,False,5,0.46
200,60,0.3,0.0,0.0,1,388,1.55,0.36666666666666664,1.7361355553834692,False,5,0.46499999999999997
200,60,0.3,0.0,0.0,1,389,1.5666666666666667,0.36666666666666664,1.7259457954666158,False,5,0.47
200,60,0.3,0.0,0.0,1,390,1.5833333333333333,0.38333333333333336,1.7822426571286214,False,5,0.475
200,60,0.3,0.0,0.0,1,391,1.6166666666666667,0.36666666666666664,1.7803713719958043,False,0,0.485
200,60,0.3,0.0,0.0,1,392,1.6,0.36666666666666664,1.7625738755203046,False,1,0.48
200,60,0.3,0.0,0.0,1,393,1.5833333333333333,0.3,1.6359672640028249,False,1,0.475
200,60,0.3,0.0,0.0,1,394,1.6333333333333333,0.36666666666666664,1.7792008193443358,False,1,0.49
200,60,0.3,0.0,0.0,1,395,1.6,0.35,1.7146428199482247,False,0,0.48
200,60,0.3,0.0,0.0,1,396,1.55,0.38333333333333336,1.7265090018106866,False,1,0.46499999999999997
200,60,0.3,0.0,0.0,1,397,1.6166666666666667,0.3333333333333333,1.7329326459950933,False,0,0.485
200,60,0.3,0.0,0.0,1,398,1.6166666666666667,0.36666666666666664,1.7897082319628403,False,0,0.485
200,60,0.3,0.0,0.0,1,399,1.55,0.36666666666666664,1.6874537030686205,False,1,0.46499999999999997
200,60,0.3,0.0,0.0,1,400,1.4333333333333333,0.4,1.6367311596254557,False,1,0.43
200,60,0.3,0.25,0.25,1,1,1.6333333333333333,0.3333333333333333,1.6121069719124996,False,1,0.49
200,60,0.3,0.25,0.25,1,2,1.4666666666666666,0.35,1.499629583893599,False,0,0.43999999999999995
200,60,0.3,0.25,0.25,1,3,1.45,0.35,1.5537588830531803,False,0,0.435
200,60,0.3,0.25,0.25,1,4,1.5166666666666666,0.3333333333333333,1.5437148556503417,False,0,0.45499999999999996
200,60,0.3,0.25,0.25,1,5,1.6333333333333333,0.3,1.5702087617751836,False,1,0.49
200,60,0.3,0.25,0.25,1,6,1.7666666666666666,0.25,1.54236470683457,False,0,0.5299999999999999
200,60,0.3,0.25,0.25,1,7,1.85,0.2,1.5036067748362048,False,0,0.555
200,60,0.3,0.25,0.25,1,8,1.8166666666666667,0.23333333333333334,1.5863129857909153,False,1,0.5449999999999999
200,60,0.3,0.25,0.25,1,9,1.9333333333333333,0.23333333333333334,1.6316317667360556,False,1,0.58
200,60,0.3,0.25,0.25,1,10,1.9333333333333333,0.26666666666666666,1.6719914938645937,False,1,0.58
200,60,0.3,0.25,0.25,1,11,1.9166666666666667,0.2833333333333333,1.686136280244143,False,0,0.575
200,60,0.3,0.25,0.25,1,12,1.95,0.25,1.6675830813885506,False,0,0.585
200,60,0.3,0.25,0.25,1,13,1.9333333333333333,0.31666666666666665,1.8061622912192088,False,1,0.58
200,60,0.3,0.25,0.25,1,14,1.95,0.3,1.8113070786957504,False,2,0.585
200,60,0.3,0.25,0.25,1,15,1.9166666666666667,0.2833333333333333,1.7822426571286214,False,1,0.575
200,60,0.3,0.25,0.25,1,16,1.8666666666666667,0.26666666666666666,1.697710877099579,False,1,0.5599999999999999
200,60,0.3,0.25,0.25,1,17,1.8333333333333333,0.2833333333333333,1.7045690234060795,False,2,0.5499999999999999
200,60,0.3,0.25,0.25,1,18,1.8333333333333333,0.31666666666666665,1.7810733343190062,False,3,0.5499999999999999
200,60,0.3,0.25,0.25,1,19,1.8666666666666667,0.35,1.8749814813900312,False,4,0.5599999999999999
200,60,0.3,0.25,0.25,1,20,1.7333333333333334,0.38333333333333336,1.8607047649270483,False,5,0.52
200,60,0.3,0.25,0.25,1,21,1.6,0.38333333333333336,1.7146428199482247,False,5,0.48
200,60,0.3,0.25,0.25,1,22,1.5666666666666667,0.38333333333333336,1.6769681637473688,False,5,0.47
200,60,0.3,0.25,0.25,1,23,1.4833333333333334,0.43333333333333335,1.7174755375906297,False,4,0.445
200,60,0.3,0.25,0.25,1,24,1.5166666666666666,0.36666666666666664,1.5863129857909153,False,5,0.45499999999999996
200,60,0.3,0.25,0.25,1,25,1.55,0.3333333333333333,1.5644487847162016,False,1,0.46499999999999997
200,60,0.3,0.25,0.25,1,26,1.55,0.31666666666666665,1.5537588830531803,False,1,0.46499999999999997
200,60,0.3,0.25,0.25,1,27,1.5,0.4,1.648231375343482,False,2,0.44999999999999996
200,60,0.3,0.25,0.25,1,28,1.4333333333333333,0.43333333333333335,1.6769681637473688,False,2,0.43
200,60,0.3,0.25,0.25,1,29,1.4333333333333333,0.4166666666666667,1.6367311596254557,False,2,0.43
200,60,0.3,0.25,0.25,1,30,1.4666666666666666,0.4,1.6579773487261185,False,2,0.43999999999999995
200,60,0.3,0.25,0.25,1,31,1.55,0.4,1.764700163389426,False,3,0.46499999999999997
200,60,0.3,0.25,0.25,1,32,1.5,0.43333333333333335,1.8119970566569177,False,2,0.44999999999999996
200,60,0.3,0.25,0.25,1,33,1.4166666666666667,0.4166666666666667,1.6359672640028249,False,0,0.425
200,60,0.3,0.25,0.25,1,34,1.4833333333333334,0.36666666666666664,1.6881120289312028,False,0,0.445
200,60,0.3,0.25,0.25,1,35,1.4833333333333334,0.4,1.697956287881274,False,0,0.445
200,60,0.3,0.25,0.25,1,36,1.5666666666666667,0.35,1.6967288790165884,False,0,0.47
200,60,0.3,0.25,0.25,1,37,1.4333333333333333,0.38333333333333336,1.6468825769380835,False,0,0.43
200,60,0.3,0.25,0.25,1,38,1.3833333333333333,0.36666666666666664,1.6236960580382305,False,0,0.415
200,60,0.3,0.25,0.25,1,39,1.4833333333333334,0.2833333333333333,1.5544738302360992,False,1,0.445
200,60,0.3,0.25,0.25,1,40,1.5666666666666667,0.3333333333333333,1.7065234314893605,False,1,0.47
200,60,0.3,0.25,0.25,1,41,1.55,0.36666666666666664,1.6775478135262394,False,0,0.46499999999999997
200,60,0.3,0.25,0.25,1,42,1.5666666666666667,0.36666666666666664,1.754676291766914,False,1,0.47
200,60,0.3,0.25,0.25,1,43,1.5666666666666667,0.38333333333333336,1.7065234314893605,False,0,0.47
200,60,0.3,0.25,0.25,1,44,1.6166666666666667,0.31666666666666665,1.6940254491070146,False,0,0.485
200,60,0.3,0.25,0.25,1,45,1.6333333333333333,0.31666666666666665,1.682920741515245,False,1,0.49
200,60,0.3,0.25,0.25,1,46,1.7,0.3333333333333333,1.725301905947671,False,2,0.51
200,60,0.3,0.25,0.25,1,47,1.75,0.31666666666666665,1.7187689392895913,False,3,0.525
200,60,0.3,0.25,0.25,1,48,1.75,0.31666666666666665,1.689427911059441,False,0,0.525
200,60,0.3,0.25,0.25,1,49,1.8666666666666667,0.26666666666666666,1.6679994670929073,False,0,0.5599999999999999
200,60,0.3,0.25,0.25,1,50,1.9333333333333333,0.25,1.6418147141366335,False,1,0.58
200,60,0.3,0.25,0.25,1,51,1.95,0.2833333333333333,1.764700163389426,False,2,0.585
200,60,0.3,0.25,0.25,1,52,2.05,0.25,1.7928097128994662,False,3,0.6149999999999999
200,60,0.3,0.25,0.25,1,53,1.9833333333333334,0.23333333333333334,1.7271524413193977,False,0,0.595
200,60,0.3,0.25,0.25,1,54,1.9333333333333333,0.23333333333333334,1.730767331432956,False,1,0.58
200,60,0.3,0.25,0.25,1,55,1.9333333333333333,0.25,1.730767331432956,False,0,0.58
200,60,0.3,0.25,0.25,1,56,1.9333333333333333,0.25,1.7113996870657915,False,1,0.58
200,60,0.3,0.25,0.25,1,57,1.9,0.2833333333333333,1.7578395831246947,False,1,0.57
200,60,0.3,0.25,0.25,1,58,1.9,0.26666666666666666,1.7387735140993301,False,0,0.57
200,60,0.3,0.25,0.25,1,59,1.9,0.26666666666666666,1.6901676445449625,False,0,0.57
200,60,0.3,0.25,0.25,1,60,1.8833333333333333,0.2833333333333333,1.7709852875980898,False,1,0.565
200,60,0.3,0.25,0.25,1,61,1.8333333333333333,0.2833333333333333,1.7716909687891083,False,1,0.5499999999999999
200,60,0.3,0.25,0.25,1,62,1.7666666666666666,0.3,1.754676291766914,False,1,0.5299999999999999
200,60,0.3,0.25,0.25,1,63,1.6666666666666667,0.31666666666666665,1.7480147469502525,False,1,0.5
200,60,0.3,0.25,0.25,1,64,1.55,0.36666666666666664,1.6675830813885506,False,2,0.46499999999999997
200,60,0.3,0.25,0.25,1,65,1.5333333333333334,0.4,1.7074997966487597,False,3,0.46
200,60,0.3,0.25,0.25,1,66,1.5833333333333333,0.4166666666666667,1.7444355979959694,False,4,0.475
200,60,0.3,0.25,0.25,1,67,1.5666666666666667,0.35,1.6468825769380835,False,5,0.47
200,60,0.3,0.25,0.25,1,68,1.6166666666666667,0.35,1.6940254491070146,False,5,0.485
200,60,0.3,0.25,0.25,1,69,1.6,0.4166666666666667,1.772004514666935,False,5,0.48
200,60,0.3,0.25,0.25,1,70,1.6833333333333333,0.4,1.8119204054139784,False,4,0.505
200,60,0.3,0.25,0.25,1,71,1.6833333333333333,0.4,1.8483476104047336,False,5,0.505
200,60,0.3,0.25,0.25,1,72,1.5666666666666667,0.4166666666666667,1.7355754729259751,False,4,0.47
200,60,0.3,0.25,0.25,1,73,1.65,0.36666666666666664,1.7684739183827394,False,4,0.49499999999999994
200,60,0.3,0.25,0.25,1,74,1.7333333333333334,0.3333333333333333,1.7594190960528864,False,5,0.52
200,60,0.3,0.25,0.25,1,75,1.8333333333333333,0.35,1.8633899812498247,False,5,0.5499999999999999
200,60,0.3,0.25,0.25,1,76,1.8166666666666667,0.36666666666666664,1.8483476104047336,False,5,0.5449999999999999
200,60,0.3,0.25,0.25,1,77,1.8,0.35,1.8421002506197466,False,4,0.54
200,60,0.3,0.25,0.25,1,78,1.75,0.3333333333333333,1.803930892985279,False,2,0.525
200,60,0.3,0.25,0.25,1,79,1.7333333333333334,0.3333333333333333,1.7688665548562132,False,0,0.52
200,60,0.3,0.25,0.25,1,80,1.7,0.3333333333333333,1.6462077633154328,False,0,0.51
200,60,0.3,0.25,0.25,1,81,1.7833333333333334,0.35,1.8082373246402759,False,0,0.535
200,60,0.3,0.25,0.25,1,82,1.7,0.38333333333333336,1.7729448195962934,False,1,0.51
200,60,0.3,0.25,0.25,1,83,1.75,0.35,1.7665880485651808,False,0,0.525
200,60,0.3,0.25,0.25,1,84,1.85,0.3,1.8241436346954698,False,0,0.555
200,60,0.3,0.25,0.25,1,85,1.75,0.35,1.8131464364468746,False,0,0.525
200,60,0.3,0.25,0.25,1,86,1.85,0.31666666666666665,1.8692690193406263,False,0,0.555
200,60,0.3,0.25,0.25,1,87,1.8833333333333333,0.3333333333333333,1.9069317997476702,False,0,0.565
200,60,0.3,0.25,0.25,1,88,1.7166666666666666,0.38333333333333336,1.8447372592202813,False,0,0.5149999999999999
200,60,0.3,0.25,0.25,1,89,1.65,0.38333333333333336,1.7012250488006184,False,0,0.49499999999999994
200,60,0.3,0.25,0.25,1,90,1.7833333333333334,0.31666666666666665,1.8082373246402759,False,1,0.535
200,60,0.3,0.25,0.25,1,91,1.75,0.31666666666666665,1.747617425716128,False,1,0.525
200,60,0.3,0.25,0.25,1,92,1.7666666666666666,0.3,1.7162620882474668,False,1,0.5299999999999999
200,60,0.3,0.25,0.25,1,93,1.8166666666666667,0.3,1.697956287881274,False,1,0.5449999999999999
200,60,0.3,0.25,0.25,1,94,1.8,0.31666666666666665,1.7492855684535902,False,1,0.54
200,60,0.3,0.25,0.25,1,95,1.8166666666666667,0.2833333333333333,1.697956287881274,False,1,0.5449999999999999
200,60,0.3,0.25,0.25,1,96,1.9666666666666666,0.3,1.7978382080215733,False,0,0.59
200,60,0.3,0.25,0.25,1,97,1.9,0.35,1.8321208111548395,False,1,0.57
200,60,0.3,0.25,0.25,1,98,1.8833333333333333,0.3333333333333333,1.8627190400654152,False,1,0.565
200,60,0.3,0.25,0.25,1,99,1.7666666666666666,0.4166666666666667,1.9093337988826249,False,1,0.5299999999999999
200,60,0.3,0.25,0.25,1,100,1.8166666666666667,0.38333333333333336,1.8210955188811182,True,0,0.5449999999999999
200,60,0.3,0.25,0.25,1,101,1.6666666666666667,0.48333333333333334,1.903213656482693,True,0,0.5
200,60,0.3,0.25,0.25,1,102,1.6,0.4666666666666667,1.8991226044325487,True,0,0.48
200,60,0.3,0.25,0.25,1,103,1.5666666666666667,0.45,1.8199511592958264,True,0,0.47
200,60,0.3,0.25,0.25,1,104,1.4666666666666666,0.43333333333333335,1.697710877099579,True,0,0.43999999999999995
200,60,0.3,0.25,0.25,1,105,1.5,0.4166666666666667,1.6980380835933373,True,0,0.44999999999999996
200,60,0.3,0.25,0.25,1,106,1.4666666666666666,0.45,1.746106780494506,True,0,0.43999999999999995
200,60,0.3,0.25,0.25,1,107,1.45,0.4666666666666667,1.8020821290940099,True,0,0.435
200,60,0.3,0.25,0.25,1,108,1.3333333333333333,0.4666666666666667,1.6599866130651644,False,1,0.39999999999999997
200,60,0.3,0.25,0.25,1,109,1.2666666666666666,0.4666666666666667,1.6110727964792764,False,2,0.37999999999999995
200,60,0.3,0.25,0.25,1,110,1.25,0.5166666666666667,1.747617425716128,False,3,0.375
200,60,0.3,0.25,0.25,1,111,1.1666666666666667,0.5,1.5723301886761005,False,4,0.35000000000000003
200,60,0.3,0.25,0.25,1,112,1.2833333333333334,0.4666666666666667,1.5926044357871445,False,5,0.385
200,60,0.3,0.25,0.25,1,113,1.2166666666666666,0.5,1.6542034000959158,False,5,0.36499999999999994
200,60,0.3,0.25,0.25,1,114,1.1333333333333333,0.55,1.6779617264870959,False,5,0.33999999999999997
200,60,0.3,0.25,0.25,1,115,1.25,0.5166666666666667,1.7380544678845176,False,5,0.375
200,60,0.3,0.25,0.25,1,116,1.3666666666666667,0.4666666666666667,1.7508727982225196,False,5,0.41
200,60,0.3,0.25,0.25,1,117,1.4833333333333334,0.5,1.8026985943918141,False,5,0.445
200,60,0.3,0.25,0.25,1,118,1.5666666666666667,0.4666666666666667,1.8651779778050375,False,5,0.47
200,60,0.3,0.25,0.25,1,119,1.5833333333333333,0.38333333333333336,1.7728664799007159,False,2,0.475
200,60,0.3,0.25,0.25,1,120,1.55,0.35,1.647472812117598,False,1,0.46499999999999997
200,60,0.3,0.25,0.25,1,121,1.7,0.38333333333333336,1.8101565309847285,False,2,0.51
200,60,0.3,0.25,0.25,1,122,1.7666666666666666,0.36666666666666664,1.891795149821695,False,0,0.5299999999999999
200,60,0.3,0.25,0.25,1,123,1.7666666666666666,0.36666666666666664,1.9005847053531242,False,1,0.5299999999999999
200,60,0.3,0.25,0.25,1,124,1.7666666666666666,0.35,1.8651779778050375,False,2,0.5299999999999999
200,60,0.3,0.25,0.25,1,125,1.7166666666666666,0.38333333333333336,1.880528885417315,False,2,0.5149999999999999
200,60,0.3,0.25,0.25,1,126,1.7,0.36666666666666664,1.8466185312619388,False,0,0.51
200,60,0.3,0.25,0.25,1,127,1.7333333333333334,0.35,1.8427033281447005,False,0,0.52
200,60,0.3,0.25,0.25,1,128,1.6833333333333333,0.35,1.793429365458503,False,0,0.505
200,60,0.3,0.25,0.25,1,129,1.6333333333333333,0.38333333333333336,1.7978382080215733,False,0,0.49
200,60,0.3,0.25,0.25,1,130,1.5833333333333333,0.4166666666666667,1.7822426571286214,False,0,0.475
200,60,0.3,0.25,0.25,1,131,1.5166666666666666,0.43333333333333335,1.8026985943918141,False,1,0.45499999999999996
200,60,0.3,0.25,0.25,1,132,1.5,0.4166666666666667,1.755942292142123,False,0,0.44999999999999996
200,60,0.3,0.25,0.25,1,133,1.5833333333333333,0.3333333333333333,1.70579079087156,False,0,0.475
200,60,0.3,0.25,0.25,1,134,1.6666666666666667,0.3,1.7480147469502525,False,1,0.5
200,60,0.3,0.25,0.25,1,135,1.6833333333333333,0.31666666666666665,1.7747456781810238,False,2,0.505
200,60,0.3,0.25,0.25,1,136,1.6666666666666667,0.3,1.776388345929897,False,2,0.5
200,60,0.3,0.25,0.25,1,137,1.7,0.3333333333333333,1.837570860311696,False,1,0.51
200,60,0.3,0.25,0.25,1,138,1.6,0.35,1.7435595774162693,False,2,0.48
200,60,0.3,0.25,0.25,1,139,1.6666666666666667,0.36666666666666664,1.8318175552045448,False,1,0.5
200,60,0.3,0.25,0.25,1,140,1.7166666666666666,0.35,1.8447372592202813,False,0,0.5149999999999999
200,60,0.3,0.25,0.25,1,141,1.8333333333333333,0.3333333333333333,1.9163043135739746,False,1,0.5499999999999999
200,60,0.3,0.25,0.25,1,142,1.7333333333333334,0.35,1.8607047649270483,False,1,0.52
200,60,0.3,0.25,0.25,1,143,1.7,0.36666666666666664,1.78232058470598,False,1,0.51
200,60,0.3,0.25,0.25,1,144,1.65,0.35,1.7590243507884327,False,0,0.49499999999999994
200,60,0.3,0.25,0.25,1,145,1.6833333333333333,0.35,1.7747456781810238,False,0,0.505
200,60,0.3,0.25,0.25,1,146,1.8,0.3333333333333333,1.8239152027072603,False,0,0.54
200,60,0.3,0.25,0.25,1,147,1.8,0.36666666666666664,1.9043809142780934,False,0,0.54
200,60,0.3,0.25,0.25,1,148,1.7333333333333334,0.35,1.8336363385966756,False,0,0.52
200,60,0.3,0.25,0.25,1,149,1.7333333333333334,0.38333333333333336,1.9136933459209764,False,1,0.52
200,60,0.3,0.25,0.25,1,150,1.7333333333333334,0.35,1.8785337071473829,False,2,0.52
200,60,0.3,0.25,0.25,1,151,1.65,0.4,1.878163997099295,False,3,0.49499999999999994
200,60,0.3,0.25,0.25,1,152,1.5666666666666667,0.43333333333333335,1.8199511592958264,False,4,0.47
200,60,0.3,0.25,0.25,1,153,1.5833333333333333,0.4166666666666667,1.8374952758820604,False,4,0.475
200,60,0.3,0.25,0.25,1,154,1.7166666666666666,0.36666666666666664,1.8893708535441691,False,5,0.5149999999999999
200,60,0.3,0.25,0.25,1,155,1.7833333333333334,0.3333333333333333,1.853749953172997,False,5,0.535
200,60,0.3,0.25,0.25,1,156,1.7166666666666666,0.36666666666666664,1.8265784650238512,False,4,0.5149999999999999
200,60,0.3,0.25,0.25,1,157,1.6833333333333333,0.43333333333333335,1.9277937879578533,False,5,0.505
200,60,0.3,0.25,0.25,1,158,1.5333333333333334,0.45,1.8481221700838815,False,5,0.46
200,60,0.3,0.25,0.25,1,159,1.7166666666666666,0.38333333333333336,1.8893708535441691,False,5,0.5149999999999999
200,60,0.3,0.25,0.25,1,160,1.85,0.3333333333333333,1.9133304297306655,False,5,0.555
200,60,0.3,0.25,0.25,1,161,1.8,0.38333333333333336,1.98997487421324,False,5,0.54
200,60,0.3,0.25,0.25,1,162,1.75,0.4,1.9375672031355884,False,5,0.525
200,60,0.3,0.25,0.25,1,163,1.75,0.36666666666666664,1.8852497624099218,False,4,0.525
200,60,0.3,0.25,0.25,1,164,1.7833333333333334,0.35,1.8716451468041573,False,1,0.535
200,60,0.3,0.25,0.25,1,165,1.7,0.36666666666666664,1.8193405398660252,False,2,0.51
200,60,0.3,0.25,0.25,1,166,1.6166666666666667,0.4166666666666667,1.8082373246402759,False,1,0.485
200,60,0.3,0.25,0.25,1,167,1.6833333333333333,0.36666666666666664,1.8210955188811182,False,0,0.505
200,60,0.3,0.25,0.25,1,168,1.55,0.4,1.7361355553834692,False,1,0.46499999999999997
200,60,0.3,0.25,0.25,1,169,1.6166666666666667,0.4166666666666667,1.880528885417315,False,1,0.485
200,60,0.3,0.25,0.25,1,170,1.55,0.4666666666666667,1.8746110707735262,False,2,0.46499999999999997
200,60,0.3,0.25,0.25,1,171,1.55,0.45,1.8834808201837363,False,0,0.46499999999999997
200,60,0.3,0.25,0.25,1,172,1.5833333333333333,0.4166666666666667,1.81007980180126,False,0,0.475
200,60,0.3,0.25,0.25,1,173,1.6166666666666667,0.43333333333333335,1.9156519052850447,False,0,0.485
200,60,0.3,0.25,0.25,1,174,1.6333333333333333,0.38333333333333336,1.8254375426790757,False,0,0.49
200,60,0.3,0.25,0.25,1,175,1.6166666666666667,0.36666666666666664,1.7803713719958043,False,0,0.485
200,60,0.3,0.25,0.25,1,176,1.5,0.43333333333333335,1.8303005217723127,False,0,0.44999999999999996
200,60,0.3,0.25,0.25,1,177,1.5,0.38333333333333336,1.7272328544042153,False,0,0.44999999999999996
200,60,0.3,0.25,0.25,1,178,1.5333333333333334,0.43333333333333335,1.8390818965511628,False,1,0.46
200,60,0.3,0.25,0.25,1,179,1.5666666666666667,0.4,1.8199511592958264,False,0,0.47
200,60,0.3,0.25,0.25,1,180,1.6,0.4,1.836663641860788,False,1,0.48
200,60,0.3,0.25,0.25,1,181,1.5166666666666666,0.4166666666666667,1.7841119795448814,False,0,0.45499999999999996
200,60,0.3,0.25,0.25,1,182,1.5166666666666666,0.4,1.7653296827756817,False,0,0.45499999999999996
200,60,0.3,0.25,0.25,1,183,1.4833333333333334,0.45,1.8026985943918141,False,1,0.445
200,60,0.3,0.25,0.25,1,184,1.5,0.43333333333333335,1.8211717839530313,False,0,0.44999999999999996
200,60,0.3,0.25,0.25,1,185,1.5,0.4,1.707825127659933,False,0,0.44999999999999996
200,60,0.3,0.25,0.25,1,186,1.6833333333333333,0.36666666666666664,1.8752036926395192,False,0,0.505
200,60,0.3,0.25,0.25,1,187,1.7166666666666666,0.36666666666666664,1.880528885417315,False,0,0.5149999999999999
200,60,0.3,0.25,0.25,1,188,1.6666666666666667,0.35,1.8135294011647258,False,0,0.5
200,60,0.3,0.25,0.25,1,189,1.6166666666666667,0.38333333333333336,1.8265784650238512,False,1,0.485
200,60,0.3,0.25,0.25,1,190,1.4833333333333334,0.4,1.7463453903000465,False,1,0.445
200,60,0.3,0.25,0.25,1,191,1.55,0.31666666666666665,1.6168384788427899,False,2,0.46499999999999997
200,60,0.3,0.25,0.25,1,192,1.4833333333333334,0.38333333333333336,1.7174755375906297,False,1,0.445
200,60,0.3,0.25,0.25,1,193,1.45,0.4,1.7168284713389395,False,1,0.435
200,60,0.3,0.25,0.25,1,194,1.4666666666666666,0.43333333333333335,1.8116904322268257,False,0,0.43999999999999995
200,60,0.3,0.25,0.25,1,195,1.4666666666666666,0.4166666666666667,1.755625877635159,False,1,0.43999999999999995
200,60,0.3,0.25,0.25,1,196,1.4333333333333333,0.4166666666666667,1.7355754729259751,False,0,0.43
200,60,0.3,0.25,0.25,1,197,1.4666666666666666,0.43333333333333335,1.8390818965511628,False,0,0.43999999999999995
200,60,0.3,0.25,0.25,1,198,1.4166666666666667,0.43333333333333335,1.7252214028607715,False,0,0.425
200,60,0.3,0.25,0.25,1,199,1.3666666666666667,0.43333333333333335,1.6224124698183944,False,0,0.41
200,60,0.3,0.25,0.25,1,200,1.3,0.43333333333333335,1.6462077633154328,False,0,0.39
200,60,0.3,0.25,0.25,1,201,1.3833333333333333,0.43333333333333335,1.7038355424029503,False,0,0.415
200,60,0.3,0.25,0.25,1,202,1.4666666666666666,0.4,1.7172329163188345,False,1,0.43999999999999995
200,60,0.3,0.25,0.25,1,203,1.4333333333333333,0.4,1.6769681637473688,False,2,0.43
200,60,0.3,0.25,0.25,1,204,1.3833333333333333,0.4166666666666667,1.6440971855567283,False,2,0.415
200,60,0.3,0.25,0.25,1,205,1.45,0.4,1.6973017802775479,False,2,0.435
200,60,0.3,0.25,0.25,1,206,1.4166666666666667,0.4,1.6959920073186927,False,3,0.425
200,60,0.3,0.25,0.25,1,207,1.4,0.4166666666666667,1.6852299546352718,False,4,0.42
200,60,0.3,0.25,0.25,1,208,1.5666666666666667,0.36666666666666664,1.773571412589737,False,4,0.47
200,60,0.3,0.25,0.25,1,209,1.6166666666666667,0.35,1.8082373246402759,False,5,0.485
200,60,0.3,0.25,0.25,1,210,1.6,0.38333333333333336,1.8547236990991407,False,4,0.48
200,60,0.3,0.25,0.25,1,211,1.6333333333333333,0.35,1.7885437900395083,False,5,0.49
200,60,0.3,0.25,0.25,1,212,1.6666666666666667,0.3,1.699673171197595,False,5,0.5
200,60,0.3,0.25,0.25,1,213,1.65,0.36666666666666664,1.8149839301400623,False,5,0.49499999999999994
200,60,0.3,0.25,0.25,1,214,1.6666666666666667,0.36666666666666664,1.876758434701233,False,5,0.5
200,60,0.3,0.25,0.25,1,215,1.6333333333333333,0.3333333333333333,1.769808526994438,False,5,0.49
200,60,0.3,0.25,0.25,1,216,1.5166666666666666,0.36666666666666664,1.7367754284561054,False,1,0.45499999999999996
200,60,0.3,0.25,0.25,1,217,1.6166666666666667,0.4,1.8356803159107584,False,0,0.485
200,60,0.3,0.25,0.25,1,218,1.7,0.3333333333333333,1.8284784202536637,False,1,0.51
200,60,0.3,0.25,0.25,1,219,1.7166666666666666,0.3333333333333333,1.7897082319628403,False,2,0.5149999999999999
200,60,0.3,0.25,0.25,1,220,1.6833333333333333,0.35,1.793429365458503,False,2,0.505
200,60,0.3,0.25,0.25,1,221,1.6666666666666667,0.35,1.8318175552045448,False,1,0.5
200,60,0.3,0.25,0.25,1,222,1.7,0.35,1.80092568789868,False,0,0.51
200,60,0.3,0.25,0.25,1,223,1.6833333333333333,0.36666666666666664,1.8483476104047336,False,1,0.505
200,60,0.3,0.25,0.25,1,224,1.7,0.35,1.7916472867168918,False,1,0.51
200,60,0.3,0.25,0.25,1,225,1.7833333333333334,0.31666666666666665,1.8265784650238512,False,1,0.535
200,60,0.3,0.25,0.25,1,226,1.7333333333333334,0.2833333333333333,1.7688665548562132,False,0,0.52
200,60,0.3,0.25,0.25,1,227,1.7166666666666666,0.3,1.6940254491070146,False,1,0.5149999999999999
200,60,0.3,0.25,0.25,1,228,1.7,0.31666666666666665,1.686218649325565,False,2,0.51
200,60,0.3,0.25,0.25,1,229,1.65,0.35,1.671576102565081,False,0,0.49499999999999994
200,60,0.3,0.25,0.25,1,230,1.65,0.3333333333333333,1.691399814749113,False,0,0.49499999999999994
200,60,0.3,0.25,0.25,1,231,1.5833333333333333,0.36666666666666664,1.6359672640028249,False,0,0.475
200,60,0.3,0.25,0.25,1,232,1.6166666666666667,0.2833333333333333,1.5393902111622713,False,0,0.485
200,60,0.3,0.25,0.25,1,233,1.6666666666666667,0.3333333333333333,1.6193277068654826,False,1,0.5
200,60,0.3,0.25,0.25,1,234,1.7833333333333334,0.3,1.6940254491070146,False,2,0.535
200,60,0.3,0.25,0.25,1,235,1.8,0.38333333333333336,1.833030277982336,False,1,0.54
200,60,0.3,0.25,0.25,1,236,1.6833333333333333,0.4,1.8210955188811182,False,2,0.505
200,60,0.3,0.25,0.25,1,237,1.7833333333333334,0.35,1.8174310318566578,False,2,0.535
200,60,0.3,0.25,0.25,1,238,1.8166666666666667,0.35,1.830224637093005,False,3,0.5449999999999999
200,60,0.3,0.25,0.25,1,239,1.9333333333333333,0.31666666666666665,1.8336363385966756,False,4,0.58
200,60,0.3,0.25,0.25,1,240,1.9666666666666666,0.35,1.8794207145347266,False,5,0.59
200,60,0.3,0.25,0.25,1,241,1.8666666666666667,0.35,1.8749814813900312,False,4,0.5599999999999999
200,60,0.3,0.25,0.25,1,242,1.7166666666666666,0.35,1.7425237125757826,False,3,0.5149999999999999
200,60,0.3,0.25,0.25,1,243,1.7166666666666666,0.31666666666666665,1.6642482453715317,False,2,0.5149999999999999
200,60,0.3,0.25,0.25,1,244,1.6666666666666667,0.3333333333333333,1.6090024514862893,False,2,0.5
200,60,0.3,0.25,0.25,1,245,1.7333333333333334,0.31666666666666665,1.6519348924485155,False,2,0.52
200,60,0.3,0.25,0.25,1,246,1.8833333333333333,0.3,1.7709852875980898,False,3,0.565
200,60,0.3,0.25,0.25,1,247,1.9,0.3,1.7953644012660308,False,4,0.57
200,60,0.3,0.25,0.25,1,248,1.9666666666666666,0.3333333333333333,1.861600267392427,False,5,0.59
200,60,0.3,0.25,0.25,1,249,1.9166666666666667,0.31666666666666665,1.81007980180126,False,5,0.575
200,60,0.3,0.25,0.25,1,250,1.9833333333333334,0.3,1.8119204054139784,False,5,0.595
200,60,0.3,0.25,0.25,1,251,2.0,0.2833333333333333,1.816590212458495,False,5,0.6
200,60,0.3,0.25,0.25,1,252,1.9666666666666666,0.2833333333333333,1.8070848224573066,False,5,0.59
200,60,0.3,0.25,0.25,1,253,1.9333333333333333,0.2833333333333333,1.8245242911205344,False,1,0.58
200,60,0.3,0.25,0.25,1,254,1.9333333333333333,0.26666666666666666,1.8061622912192088,False,1,0.58
200,60,0.3,0.25,0.25,1,255,1.8833333333333333,0.2833333333333333,1.7709852875980898,False,0,0.565
200,60,0.3,0.25,0.25,1,256,1.85,0.3,1.8332575741922719,False,0,0.555
200,60,0.3,0.25,0.25,1,257,1.8,0.3333333333333333,1.8147543451754933,False,0,0.54
200,60,0.3,0.25,0.25,1,258,1.7,0.38333333333333336,1.80092568789868,False,1,0.51
200,60,0.3,0.25,0.25,1,259,1.7166666666666666,0.35,1.7989966339292824,False,0,0.5149999999999999
200,60,0.3,0.25,0.25,1,260,1.7,0.36666666666666664,1.8284784202536637,False,0,0.51
200,60,0.3,0.25,0.25,1,261,1.8,0.35,1.8421002506197466,False,0,0.54
200,60,0.3,0.25,0.25,1,262,1.8,0.36666666666666664,1.8779421361337698,False,1,0.54
200,60,0.3,0.25,0.25,1,263,1.7,0.4166666666666667,1.9087517736293877,False,0,0.51
200,60,0.3,0.25,0.25,1,264,1.7333333333333334,0.35,1.8336363385966756,False,1,0.52
200,60,0.3,0.25,0.25,1,265,1.75,0.31666666666666665,1.7853571071357126,False,1,0.525
200,60,0.3,0.25,0.25,1,266,1.8,0.31666666666666665,1.8147543451754933,False,1,0.54
200,60,0.3,0.25,0.25,1,267,1.7833333333333334,0.35,1.7897082319628403,False,2,0.535
200,60,0.3,0.25,0.25,1,268,1.85,0.3333333333333333,1.8603315116756296,False,0,0.555
200,60,0.3,0.25,0.25,1,269,1.8833333333333333,0.3333333333333333,1.8174310318566578,False,1,0.565
200,60,0.3,0.25,0.25,1,270,1.85,0.31666666666666665,1.7872231720371876,False,0,0.555
200,60,0.3,0.25,0.25,1,271,1.7,0.36666666666666664,1.7156145643277028,False,1,0.51
200,60,0.3,0.25,0.25,1,272,1.7,0.36666666666666664,1.7635192088548397,False,0,0.51
200,60,0.3,0.25,0.25,1,273,1.6333333333333333,0.4,1.7978382080215733,False,1,0.49
200,60,0.3,0.25,0.25,1,274,1.5833333333333333,0.36666666666666664,1.715533606652914,False,0,0.475
200,60,0.3,0.25,0.25,1,275,1.6666666666666667,0.31666666666666665,1.7094508539944113,False,0,0.5
200,60,0.3,0.25,0.25,1,276,1.75,0.35,1.8674849396983098,False,0,0.525
200,60,0.3,0.25,0.25,1,277,1.75,0.35,1.803930892985279,False,0,0.525
200,60,0.3,0.25,0.25,1,278,1.7333333333333334,0.35,1.7876116903722563,False,0,0.52
200,60,0.3,0.25,0.25,1,279,1.7,0.3333333333333333,1.725301905947671,False,1,0.51
200,60,0.3,0.25,0.25,1,280,1.75,0.3333333333333333,1.747617425716128,False,1,0.525
200,60,0.3,0.25,0.25,1,281,1.7,0.36666666666666664,1.80092568789868,False,2,0.51
200,60,0.3,0.25,0.25,1,282,1.6333333333333333,0.36666666666666664,1.8070848224573066,False,0,0.49
200,60,0.3,0.25,0.25,1,283,1.6833333333333333,0.36666666666666664,1.8026985943918141,False,1,0.505
200,60,0.3,0.25,0.25,1,284,1.7,0.4,1.8734993995195195,False,0,0.51
200,60,0.3,0.25,0.25,1,285,1.6833333333333333,0.36666666666666664,1.8026985943918141,False,0,0.505
200,60,0.3,0.25,0.25,1,286,1.65,0.43333333333333335,1.887017046381228,False,1,0.49499999999999994
200,60,0.3,0.25,0.25,1,287,1.7833333333333334,0.38333333333333336,1.9243324961023642,False,0,0.535
200,60,0.3,0.25,0.25,1,288,1.65,0.4166666666666667,1.8332575741922719,False,0,0.49499999999999994
200,60,0.3,0.25,0.25,1,289,1.6166666666666667,0.4,1.8356803159107584,False,0,0.485
200,60,0.3,0.25,0.25,1,290,1.6333333333333333,0.4,1.8436075745366445,False,0,0.49
200,60,0.3,0.25,0.25,1,291,1.6666666666666667,0.38333333333333336,1.86785676348292,False,1,0.5
200,60,0.3,0.25,0.25,1,292,1.6833333333333333,0.35,1.7747456781810238,False,2,0.505
200,60,0.3,0.25,0.25,1,293,1.6,0.4166666666666667,1.8547236990991407,False,3,0.48
200,60,0.3,0.25,0.25,1,294,1.65,0.4,1.904599695474091,False,2,0.49499999999999994
200,60,0.3,0.25,0.25,1,295,1.5833333333333333,0.4166666666666667,1.882300601805024,False,3,0.475
200,60,0.3,0.25,0.25,1,296,1.5333333333333334,0.4,1.7745108872274886,False,4,0.46
200,60,0.3,0.25,0.25,1,297,1.5833333333333333,0.38333333333333336,1.7728664799007159,False,4,0.475
200,60,0.3,0.25,0.25,1,298,1.5333333333333334,0.4166666666666667,1.7650936393164969,False,5,0.46
200,60,0.3,0.25,0.25,1,299,1.4833333333333334,0.36666666666666664,1.6682492486302984,False,5,0.445
200,60,0.3,0.25,0.25,1,300,1.5333333333333334,0.36666666666666664,1.755625877635159,False,5,0.46
200,60,0.3,0.25,0.25,1,301,1.5166666666666666,0.43333333333333335,1.8026985943918141,False,5,0.45499999999999996
200,60,0.3,0.25,0.25,1,302,1.5833333333333333,0.4166666666666667,1.8284024599511879,False,5,0.475
200,60,0.3,0.25,0.25,1,303,1.7166666666666666,0.4166666666666667,1.9840334898607153,False,5,0.5149999999999999
200,60,0.3,0.25,0.25,1,304,1.7,0.36666666666666664,1.8466185312619388,False,5,0.51
200,60,0.3,0.25,0.25,1,305,1.5666666666666667,0.35,1.6769681637473688,False,2,0.47
200,60,0.3,0.25,0.25,1,306,1.5166666666666666,0.38333333333333336,1.697956287881274,False,0,0.45499999999999996
200,60,0.3,0.25,0.25,1,307,1.65,0.36666666666666664,1.7778732613247024,False,0,0.49499999999999994
200,60,0.3,0.25,0.25,1,308,1.6666666666666667,0.36666666666666664,1.7950549357115013,False,0,0.5
200,60,0.3,0.25,0.25,1,309,1.5666666666666667,0.38333333333333336,1.7641491496532322,False,0,0.47
200,60,0.3,0.25,0.25,1,310,1.55,0.35,1.6775478135262394,False,0,0.46499999999999997
200,60,0.3,0.25,0.25,1,311,1.5666666666666667,0.3333333333333333,1.6569718028848757,False,1,0.47
200,60,0.3,0.25,0.25,1,312,1.7,0.3333333333333333,1.80092568789868,False,1,0.51
200,60,0.3,0.25,0.25,1,313,1.8,0.2833333333333333,1.8055470085267789,False,2,0.54
200,60,0.3,0.25,0.25,1,314,1.7833333333333334,0.31666666666666665,1.8082373246402759,False,3,0.535
200,60,0.3,0.25,0.25,1,315,1.7166666666666666,0.35,1.8174310318566578,False,4,0.5149999999999999
200,60,0.3,0.25,0.25,1,316,1.6166666666666667,0.35,1.7425237125757826,False,3,0.485
200,60,0.3,0.25,0.25,1,317,1.75,0.31666666666666665,1.7571283390805579,False,4,0.525
200,60,0.3,0.25,0.25,1,318,1.8166666666666667,0.3,1.8026985943918141,False,5,0.5449999999999999
200,60,0.3,0.25,0.25,1,319,1.85,0.31666666666666665,1.878163997099295,False,5,0.555
200,60,0.3,0.25,0.25,1,320,1.8333333333333333,0.3,1.8633899812498247,False,5,0.5499999999999999
200,60,0.3,0.25,0.25,1,321,1.7166666666666666,0.35,1.7989966339292824,False,3,0.5149999999999999
200,60,0.3,0.25,0.25,1,322,1.6833333333333333,0.3333333333333333,1.7653296827756817,False,4,0.505
200,60,0.3,0.25,0.25,1,323,1.6166666666666667,0.35,1.7232882005695456,False,5,0.485
200,60,0.3,0.25,0.25,1,324,1.6333333333333333,0.3333333333333333,1.6326529195011277,False,5,0.49
200,60,0.3,0.25,0.25,1,325,1.6166666666666667,0.3333333333333333,1.6542034000959158,False,5,0.485
200,60,0.3,0.25,0.25,1,326,1.5,0.35,1.648231375343482,False,4,0.44999999999999996
200,60,0.3,0.25,0.25,1,327,1.4833333333333334,0.35,1.6582286399113428,False,2,0.445
200,60,0.3,0.25,0.25,1,328,1.4666666666666666,0.38333333333333336,1.6779617264870959,False,2,0.43999999999999995
200,60,0.3,0.25,0.25,1,329,1.5,0.36666666666666664,1.6782927833565473,False,3,0.44999999999999996
200,60,0.3,0.25,0.25,1,330,1.4666666666666666,0.35,1.6275407487644937,False,2,0.43999999999999995
200,60,0.3,0.25,0.25,1,331,1.55,0.35,1.707093045696885,False,1,0.46499999999999997
200,60,0.3,0.25,0.25,1,332,1.4333333333333333,0.45,1.773571412589737,False,0,0.43
200,60,0.3,0.25,0.25,1,333,1.45,0.4166666666666667,1.7741194999210173,False,0,0.435
200,60,0.3,0.25,0.25,1,334,1.5166666666666666,0.35,1.7077438007174521,False,0,0.45499999999999996
200,60,0.3,0.25,0.25,1,335,1.6166666666666667,0.35,1.7709852875980898,False,0,0.485
200,60,0.3,0.25,0.25,1,336,1.7166666666666666,0.36666666666666664,1.8447372592202813,False,1,0.5149999999999999
200,60,0.3,0.25,0.25,1,337,1.7833333333333334,0.35,1.880528885417315,False,2,0.535
200,60,0.3,0.25,0.25,1,338,1.8333333333333333,0.38333333333333336,1.9507833184532708,False,0,0.5499999999999999
200,60,0.3,0.25,0.25,1,339,1.7666666666666666,0.36666666666666664,1.8562207723101138,False,0,0.5299999999999999
200,60,0.3,0.25,0.25,1,340,1.7666666666666666,0.3333333333333333,1.810770247405476,False,1,0.5299999999999999
200,60,0.3,0.25,0.25,1,341,1.7166666666666666,0.35,1.8174310318566578,False,1,0.5149999999999999
200,60,0.3,0.25,0.25,1,342,1.7166666666666666,0.35,1.8981716349043771,False,1,0.5149999999999999
200,60,0.3,0.25,0.25,1,343,1.7166666666666666,0.38333333333333336,1.9329741045572464,False,0,0.5149999999999999
200,60,0.3,0.25,0.25,1,344,1.6166666666666667,0.4666666666666667,1.9586701837953446,False,0,0.485
200,60,0.3,0.25,0.25,1,345,1.7,0.4166666666666667,1.9519221295943134,False,1,0.51
200,60,0.3,0.25,0.25,1,346,1.6833333333333333,0.43333333333333335,1.9957593932023858,False,0,0.505
200,60,0.3,0.25,0.25,1,347,1.6166666666666667,0.45,1.9501424449397422,False,0,0.485
200,60,0.3,0.25,0.25,1,348,1.6666666666666667,0.45,1.9972202905260323,False,1,0.5
200,60,0.3,0.25,0.25,1,349,1.6833333333333333,0.45,2.0206572088198325,False,1,0.505
200,60,0.3,0.25,0.25,1,350,1.7333333333333334,0.43333333333333335,2.031966753883756,False,0,0.52
200,60,0.3,0.25,0.25,1,351,1.8,0.38333333333333336,1.9983326383095816,False,0,0.54
200,60,0.3,0.25,0.25,1,352,1.7833333333333334,0.38333333333333336,1.9501424449397422,False,1,0.535
200,60,0.3,0.25,0.25,1,353,1.6666666666666667,0.48333333333333334,2.038517980189421,False,1,0.5
200,60,0.3,0.25,0.25,1,354,1.6166666666666667,0.48333333333333334,2.05013549687711,False,0,0.485
200,60,0.3,0.25,0.25,1,355,1.6166666666666667,0.48333333333333334,1.9840334898607153,False,0,0.485
200,60,0.3,0.25,0.25,1,356,1.6333333333333333,0.45,1.9232495649002208,False,0,0.49
200,60,0.3,0.25,0.25,1,357,1.6666666666666667,0.4166666666666667,1.876758434701233,False,0,0.5
200,60,0.3,0.25,0.25,1,358,1.6666666666666667,0.45,1.9888578520235063,False,1,0.5
200,60,0.3,0.25,0.25,1,359,1.6333333333333333,0.4166666666666667,1.9318960174456135,False,1,0.49
200,60,0.3,0.25,0.25,1,360,1.6,0.45,1.942506971244462,False,1,0.48
200,60,0.3,0.25,0.25,1,361,1.65,0.45,1.947862075883882,False,1,0.49499999999999994
200,60,0.3,0.25,0.25,1,362,1.5666666666666667,0.45,1.891795149821695,False,0,0.47
200,60,0.3,0.25,0.25,1,363,1.5333333333333334,0.48333333333333334,1.9275776393067947,False,0,0.46
200,60,0.3,0.25,0.25,1,364,1.5666666666666667,0.4666666666666667,1.9093337988826249,False,0,0.47
200,60,0.3,0.25,0.25,1,365,1.6333333333333333,0.43333333333333335,1.9232495649002208,False,0,0.49
200,60,0.3,0.25,0.25,1,366,1.65,0.43333333333333335,1.9392868104881582,False,0,0.49499999999999994
200,60,0.3,0.25,0.25,1,367,1.65,0.4166666666666667,1.887017046381228,False,0,0.49499999999999994
200,60,0.3,0.25,0.25,1,368,1.6,0.43333333333333335,1.845715759987617,False,0,0.48
200,60,0.3,0.25,0.25,1,369,1.6166666666666667,0.43333333333333335,1.9415772511600515,False,0,0.485
200,60,0.3,0.25,0.25,1,370,1.6166666666666667,0.43333333333333335,1.967160954833697,False,1,0.485
200,60,0.3,0.25,0.25,1,371,1.6833333333333333,0.4166666666666667,1.9957593932023858,False,0,0.505
200,60,0.3,0.25,0.25,1,372,1.7333333333333334,0.4166666666666667,2.0237478982214054,False,0,0.52
200,60,0.3,0.25,0.25,1,373,1.6666666666666667,0.4166666666666667,1.9720265943665387,False,0,0.5
200,60,0.3,0.25,0.25,1,374,1.65,0.4166666666666667,1.9392868104881582,False,1,0.49499999999999994
200,60,0.3,0.25,0.25,1,375,1.6166666666666667,0.4,1.853749953172997,False,1,0.485
200,60,0.3,0.25,0.25,1,376,1.55,0.4666666666666667,1.8477463750922816,False,2,0.46499999999999997
200,60,0.3,0.25,0.25,1,377,1.6166666666666667,0.4666666666666667,1.9329741045572464,False,3,0.485
200,60,0.3,0.25,0.25,1,378,1.6333333333333333,0.45,1.9661016137411504,False,0,0.49
200,60,0.3,0.25,0.25,1,379,1.6166666666666667,0.45,1.967160954833697,False,1,0.485
200,60,0.3,0.25,0.25,1,380,1.6666666666666667,0.45,1.980460103668393,False,0,0.5
200,60,0.3,0.25,0.25,1,381,1.7833333333333334,0.4,1.9756152346941334,False,0,0.535
200,60,0.3,0.25,0.25,1,382,1.7166666666666666,0.4166666666666667,1.9756152346941334,False,0,0.5149999999999999
200,60,0.3,0.25,0.25,1,383,1.7333333333333334,0.4,2.007209228976613,False,0,0.52
200,60,0.3,0.25,0.25,1,384,1.7333333333333334,0.38333333333333336,2.0154955277107964,False,1,0.52
200,60,0.3,0.25,0.25,1,385,1.6833333333333333,0.38333333333333336,1.9191288532966084,False,2,0.505
200,60,0.3,0.25,0.25,1,386,1.6333333333333333,0.4166666666666667,1.9490738541391623,False,1,0.49
200,60,0.3,0.25,0.25,1,387,1.7,0.4166666666666667,1.9689252567496478,False,2,0.51
200,60,0.3,0.25,0.25,1,388,1.75,0.38333333333333336,1.9375672031355884,False,2,0.525
200,60,0.3,0.25,0.25,1,389,1.7666666666666666,0.38333333333333336,1.9779338265529063,False,1,0.5299999999999999
200,60,0.3,0.25,0.25,1,390,1.6833333333333333,0.43333333333333335,1.987390807622452,False,2,0.505
200,60,0.3,0.25,0.25,1,391,1.6833333333333333,0.43333333333333335,1.9705470193719195,False,3,0.505
200,60,0.3,0.25,0.25,1,392,1.65,0.43333333333333335,1.922021505256033,False,3,0.49499999999999994
200,60,0.3,0.25,0.25,1,393,1.5666666666666667,0.5,1.961008810677697,False,4,0.47
200,60,0.3,0.25,0.25,1,394,1.6,0.43333333333333335,1.8726095873584185,False,5,0.48
200,60,0.3,0.25,0.25,1,395,1.6666666666666667,0.4166666666666667,1.8856180831641267,False,4,0.5
200,60,0.3,0.25,0.25,1,396,1.7,0.43333333333333335,1.9347695814575268,False,5,0.51
200,60,0.3,0.25,0.25,1,397,1.8333333333333333,0.38333333333333336,1.9846634195472261,False,4,0.5499999999999999
200,60,0.3,0.25,0.25,1,398,1.7833333333333334,0.45,2.0582489861260442,False,5,0.535
200,60,0.3,0.25,0.25,1,399,1.75,0.38333333333333336,1.9546952021564215,False,5,0.525
200,60,0.3,0.25,0.25,1,400,1.8,0.38333333333333336,2.0066555924389884,False,4,0.54
200,60,0.3,0.5,0.5,1,1,1.9333333333333333,0.2833333333333333,1.8245242911205344,False,0,0.58
200,60,0.3,0.5,0.5,1,2,1.95,0.3,1.8020821290940099,False,0,0.585
200,60,0.3,0.5,0.5,1,3,2.033333333333333,0.31666666666666665,1.861600267392427,False,1,0.61
200,60,0.3,0.5,0.5,1,4,2.05,0.26666666666666666,1.8296174463531987,False,0,0.6149999999999999
200,60,0.3,0.5,0.5,1,5,2.1166666666666667,0.25,1.8082373246402759,False,0,0.635
200,60,0.3,0.5,0.5,1,6,2.1166666666666667,0.25,1.7803713719958043,False,0,0.635
200,60,0.3,0.5,0.5,1,7,2.0833333333333335,0.25,1.7634404504326826,False,1,0.625
200,60,0.3,0.5,0.5,1,8,2.15,0.26666666666666666,1.8603315116756296,False,0,0.6449999999999999
200,60,0.3,0.5,0.5,1,9,2.1333333333333333,0.3,1.9014614262602214,False,0,0.64
200,60,0.3,0.5,0.5,1,10,2.0833333333333335,0.2833333333333333,1.9173911674170425,False,0,0.625
200,60,0.3,0.5,0.5,1,11,1.9166666666666667,0.2833333333333333,1.8465433171800283,False,0,0.575
200,60,0.3,0.5,0.5,1,12,1.8833333333333333,0.2833333333333333,1.7329326459950933,False,0,0.565
200,60,0.3,0.5,0.5,1,13,1.8666666666666667,0.3,1.687865186822955,False,1,0.5599999999999999
200,60,0.3,0.5,0.5,1,14,1.85,0.31666666666666665,1.691399814749113,False,0,0.555
200,60,0.3,0.5,0.5,1,15,1.9,0.3333333333333333,1.786057109949175,False,0,0.57
200,60,0.3,0.5,0.5,1,16,1.9666666666666666,0.3333333333333333,1.8436075745366445,False,0,0.59
200,60,0.3,0.5,0.5,1,17,1.9666666666666666,0.3333333333333333,1.87053171287976,False,0,0.59
200,60,0.3,0.5,0.5,1,18,2.2,0.31666666666666665,1.9304576314093678,False,0,0.66
200,60,0.3,0.5,0.5,1,19,2.216666666666667,0.3,1.9156519052850447,False,1,0.665
200,60,0.3,0.5,0.5,1,20,2.1666666666666665,0.31666666666666665,1.9163043135739746,False,1,0.6499999999999999
200,60,0.3,0.5,0.5,1,21,2.1666666666666665,0.31666666666666665,1.9075871903765995,False,2,0.6499999999999999
200,60,0.3,0.5,0.5,1,22,2.1166666666666667,0.35,1.9156519052850447,False,3,0.635
200,60,0.3,0.5,0.5,1,23,2.05,0.3333333333333333,1.9185497995447847,False,4,0.6149999999999999
200,60,0.3,0.5,0.5,1,24,1.9833333333333334,0.35,1.9191288532966084,False,3,0.595
200,60,0.3,0.5,0.5,1,25,1.9166666666666667,0.35,1.8645076800294733,False,4,0.575
200,60,0.3,0.5,0.5,1,26,1.8,0.4,1.8690461025168248,False,3,0.54
200,60,0.3,0.5,0.5,1,27,1.6833333333333333,0.38333333333333336,1.7841119795448814,False,3,0.505
200,60,0.3,0.5,0.5,1,28,1.65,0.36666666666666664,1.7303660499058189,False,3,0.49499999999999994
200,60,0.3,0.5,0.5,1,29,1.7,0.36666666666666664,1.725301905947671,False,4,0.51
200,60,0.3,0.5,0.5,1,30,1.7333333333333334,0.36666666666666664,1.778263822446552,False,4,0.52
200,60,0.3,0.5,0.5,1,31,1.85,0.3333333333333333,1.8149839301400623,False,2,0.555
200,60,0.3,0.5,0.5,1,32,1.85,0.35,1.8332575741922719,False,2,0.555
200,60,0.3,0.5,0.5,1,33,1.9,0.38333333333333336,1.9553345834749953,False,0,0.57
200,60,0.3,0.5,0.5,1,34,1.95,0.38333333333333336,1.9784252997438814,False,1,0.585
200,60,0.3,0.5,0.5,1,35,2.0,0.36666666666666664,1.9578900207451218,False,2,0.6
200,60,0.3,0.5,0.5,1,36,2.05,0.36666666666666664,1.995202579522524,False,3,0.6149999999999999
200,60,0.3,0.5,0.5,1,37,2.0833333333333335,0.35,1.968854715028229,False,4,0.625
200,60,0.3,0.5,0.5,1,38,2.1166666666666667,0.35,1.9924161769625899,False,5,0.635
200,60,0.3,0.5,0.5,1,39,2.1,0.38333333333333336,2.046948949045872,False,5,0.63
200,60,0.3,0.5,0.5,1,40,2.0833333333333335,0.38333333333333336,2.0517607614491076,False,4,0.625
200,60,0.3,0.5,0.5,1,41,2.0833333333333335,0.36666666666666664,1.9773017529507786,False,5,0.625
200,60,0.3,0.5,0.5,1,42,2.05,0.36666666666666664,1.995202579522524,False,5,0.6149999999999999
200,60,0.3,0.5,0.5,1,43,2.033333333333333,0.35,1.9490738541391623,False,5,0.61
200,60,0.3,0.5,0.5,1,44,2.0,0.3333333333333333,1.906130460732773,False,4,0.6
200,60,0.3,0.5,0.5,1,45,1.9666666666666666,0.3333333333333333,1.8794207145347266,False,5,0.59
200,60,0.3,0.5,0.5,1,46,2.033333333333333,0.35,1.9490738541391623,False,5,0.61
200,60,0.3,0.5,0.5,1,47,2.0166666666666666,0.38333333333333336,2.0040930339904106,False,2,0.605
200,60,0.3,0.5,0.5,1,48,2.0,0.36666666666666664,2.0,False,0,0.6
200,60,0.3,0.5,0.5,1,49,2.0,0.36666666666666664,2.016597794967223,False,1,0.6
200,60,0.3,0.5,0.5,1,50,1.9333333333333333,0.36666666666666664,1.9652537297311568,False,0,0.58
200,60,0.3,0.5,0.5,1,51,1.8833333333333333,0.4,1.9756152346941334,False,0,0.565
200,60,0.3,0.5,0.5,1,52,1.95,0.38333333333333336,2.011839953873071,False,0,0.585
200,60,0.3,0.5,0.5,1,53,1.95,0.38333333333333336,1.944436507920311,False,0,0.585
200,60,0.3,0.5,0.5,1,54,1.9833333333333334,0.36666666666666664,1.9620709014258946,False,1,0.595
200,60,0.3,0.5,0.5,1,55,1.9333333333333333,0.36666666666666664,1.8873850222522754,False,0,0.58
200,60,0.3,0.5,0.5,1,56,1.9333333333333333,0.35,1.9136933459209764,False,0,0.58
200,60,0.3,0.5,0.5,1,57,1.8833333333333333,0.36666666666666664,1.8981716349043771,False,0,0.565
200,60,0.3,0.5,0.5,1,58,1.8666666666666667,0.36666666666666664,1.9014614262602214,False,1,0.5599999999999999
200,60,0.3,0.5,0.5,1,59,1.8833333333333333,0.36666666666666664,1.8893708535441691,False,2,0.565
200,60,0.3,0.5,0.5,1,60,1.85,0.43333333333333335,1.9817921182606413,False,3,0.555
200,60,0.3,0.5,0.5,1,61,1.8166666666666667,0.43333333333333335,1.9705470193719195,False,3,0.5449999999999999
200,60,0.3,0.5,0.5,1,62,1.8666666666666667,0.43333333333333335,2.0204509947588982,False,4,0.5599999999999999
200,60,0.3,0.5,0.5,1,63,1.9166666666666667,0.4166666666666667,2.0190069065976197,False,5,0.575
200,60,0.3,0.5,0.5,1,64,1.8833333333333333,0.45,2.0256000482710195,False,4,0.565
200,60,0.3,0.5,0.5,1,65,1.9,0.4166666666666667,2.005824851110718,False,4,0.57
200,60,0.3,0.5,0.5,1,66,1.9333333333333333,0.4166666666666667,2.048305532764962,False,5,0.58
200,60,0.3,0.5,0.5,1,67,1.8666666666666667,0.4166666666666667,1.9871811414385174,False,4,0.5599999999999999
200,60,0.3,0.5,0.5,1,68,1.8,0.38333333333333336,1.833030277982336,False,4,0.54
200,60,0.3,0.5,0.5,1,69,1.8166666666666667,0.38333333333333336,1.8573427853312976,False,1,0.5449999999999999
200,60,0.3,0.5,0.5,1,70,1.7,0.4,1.8193405398660252,False,0,0.51
200,60,0.3,0.5,0.5,1,71,1.6666666666666667,0.4166666666666667,1.7950549357115013,False,1,0.5
200,60,0.3,0.5,0.5,1,72,1.6666666666666667,0.48333333333333334,1.9379255804998177,False,0,0.5
200,60,0.3,0.5,0.5,1,73,1.65,0.4666666666666667,1.947862075883882,False,0,0.49499999999999994
200,60,0.3,0.5,0.5,1,74,1.8,0.4166666666666667,1.98997487421324,False,1,0.54
200,60,0.3,0.5,0.5,1,75,1.8,0.4166666666666667,1.9983326383095816,False,1,0.54
200,60,0.3,0.5,0.5,1,76,1.75,0.43333333333333335,1.9885086539079146,False,0,0.525
200,60,0.3,0.5,0.5,1,77,1.6833333333333333,0.45,1.9450078548827394,False,1,0.505
200,60,0.3,0.5,0.5,1,78,1.6666666666666667,0.45,1.9550504398153574,False,0,0.5
200,60,0.3,0.5,0.5,1,79,1.6666666666666667,0.4666666666666667,1.9635568633364189,False,0,0.5
200,60,0.3,0.5,0.5,1,80,1.75,0.4166666666666667,1.9375672031355884,False,0,0.525
200,60,0.3,0.5,0.5,1,81,1.7166666666666666,0.4,1.8356803159107584,False,0,0.5149999999999999
200,60,0.3,0.5,0.5,1,82,1.7,0.4166666666666667,1.8193405398660252,False,0,0.51
200,60,0.3,0.5,0.5,1,83,1.75,0.38333333333333336,1.7853571071357126,False,0,0.525
200,60,0.3,0.5,0.5,1,84,1.8,0.36666666666666664,1.7962924780409972,False,0,0.54
200,60,0.3,0.5,0.5,1,85,1.8833333333333333,0.35,1.8627190400654152,False,0,0.565
200,60,0.3,0.5,0.5,1,86,1.9166666666666667,0.35,1.8911342863183696,False,1,0.575
200,60,0.3,0.5,0.5,1,87,1.9666666666666666,0.36666666666666664,1.9661016137411504,False,0,0.59
200,60,0.3,0.5,0.5,1,88,1.9666666666666666,0.35,1.9058389811897074,False,0,0.59
200,60,0.3,0.5,0.5,1,89,2.033333333333333,0.31666666666666665,1.9145640641032504,False,1,0.61
200,60,0.3,0.5,0.5,1,90,2.0833333333333335,0.3333333333333333,2.0190069065976197,False,0,0.625
200,60,0.3,0.5,0.5,1,91,2.05,0.36666666666666664,2.0850659461993044,False,0,0.6149999999999999
200,60,0.3,0.5,0.5,1,92,1.9333333333333333,0.4,2.031966753883756,False,1,0.58
200,60,0.3,0.5,0.5,1,93,1.8833333333333333,0.4166666666666667,2.0419897703520022,False,2,0.565
200,60,0.3,0.5,0.5,1,94,1.8333333333333333,0.4,1.9930434571835662,False,0,0.5499999999999999
200,60,0.3,0.5,0.5,1,95,1.75,0.43333333333333335,1.920286436967152,False,0,0.525
200,60,0.3,0.5,0.5,1,96,1.7166666666666666,0.4166666666666667,1.9069317997476702,False,1,0.5149999999999999
200,60,0.3,0.5,0.5,1,97,1.75,0.38333333333333336,1.8314384146529925,False,1,0.525
200,60,0.3,0.5,0.5,1,98,1.7,0.4166666666666667,1.8284784202536637,False,1,0.51
200,60,0.3,0.5,0.5,1,99,1.7833333333333334,0.4166666666666667,1.9069317997476702,False,0,0.535
200,60,0.3,0.5,0.5,1,100,1.8333333333333333,0.4166666666666667,1.9422209509276287,True,0,0.5499999999999999
200,60,0.3,0.5,0.5,1,101,1.8666666666666667,0.4,1.9533447098644816,True,0,0.5599999999999999
200,60,0.3,0.5,0.5,1,102,1.8333333333333333,0.4,1.9163043135739746,True,0,0.5499999999999999
200,60,0.3,0.5,0.5,1,103,1.8333333333333333,0.43333333333333335,2.0096987059977147,True,0,0.5499999999999999
200,60,0.3,0.5,0.5,1,104,1.8,0.45,2.023198787399136,True,0,0.54
200,60,0.3,0.5,0.5,1,105,1.7,0.4166666666666667,1.8823743871327334,True,0,0.51
200,60,0.3,0.5,0.5,1,106,1.5833333333333333,0.45,1.8645076800294733,True,0,0.475
200,60,0.3,0.5,0.5,1,107,1.5166666666666666,0.45,1.8026985943918141,True,0,0.45499999999999996
200,60,0.3,0.5,0.5,1,108,1.4666666666666666,0.48333333333333334,1.8660713336371206,False,1,0.43999999999999995
200,60,0.3,0.5,0.5,1,109,1.55,0.48333333333333334,1.9358460682605938,False,2,0.46499999999999997
200,60,0.3,0.5,0.5,1,110,1.55,0.48333333333333334,1.856744462762714,False,3,0.46499999999999997
200,60,0.3,0.5,0.5,1,111,1.6333333333333333,0.45,1.9145640641032504,False,4,0.49
200,60,0.3,0.5,0.5,1,112,1.75,0.45,2.0052015692526606,False,5,0.525
200,60,0.3,0.5,0.5,1,113,1.7833333333333334,0.43333333333333335,1.9924161769625899,False,5,0.535
200,60,0.3,0.5,0.5,1,114,1.7666666666666666,0.43333333333333335,2.019625927960148,False,5,0.5299999999999999
200,60,0.3,0.5,0.5,1,115,1.7,0.45,1.9773719933285188,False,5,0.51
200,60,0.3,0.5,0.5,1,116,1.6833333333333333,0.43333333333333335,1.9191288532966084,False,5,0.505
200,60,0.3,0.5,0.5,1,117,1.6833333333333333,0.4166666666666667,1.8752036926395192,False,5,0.505
200,60,0.3,0.5,0.5,1,118,1.6333333333333333,0.45,1.861600267392427,False,5,0.49
200,60,0.3,0.5,0.5,1,119,1.6333333333333333,0.43333333333333335,1.87053171287976,False,5,0.49
200,60,0.3,0.5,0.5,1,120,1.65,0.4166666666666667,1.842326427826151,False,5,0.49499999999999994
200,60,0.3,0.5,0.5,1,121,1.65,0.4166666666666667,1.7778732613247024,False,5,0.49499999999999994
200,60,0.3,0.5,0.5,1,122,1.6833333333333333,0.4,1.8119204054139784,False,5,0.505
200,60,0.3,0.5,0.5,1,123,1.6166666666666667,0.4166666666666667,1.8082373246402759,False,5,0.485
200,60,0.3,0.5,0.5,1,124,1.65,0.4166666666666667,1.8603315116756296,False,5,0.49499999999999994
200,60,0.3,0.5,0.5,1,125,1.7166666666666666,0.4166666666666667,1.8893708535441691,False,5,0.5149999999999999
200,60,0.3,0.5,0.5,1,126,1.7666666666666666,0.38333333333333336,1.8651779778050375,False,5,0.5299999999999999
200,60,0.3,0.5,0.5,1,127,1.7833333333333334,0.38333333333333336,1.8447372592202813,False,3,0.535
200,60,0.3,0.5,0.5,1,128,1.7666666666666666,0.43333333333333335,1.9439364415764444,False,0,0.5299999999999999
200,60,0.3,0.5,0.5,1,129,1.8333333333333333,0.4,1.9762478477042185,False,1,0.5499999999999999
200,60,0.3,0.5,0.5,1,130,1.8,0.38333333333333336,1.8867962264113207,False,1,0.54
200,60,0.3,0.5,0.5,1,131,1.8833333333333333,0.36666666666666664,1.9501424449397422,False,2,0.565
200,60,0.3,0.5,0.5,1,132,1.9,0.35,1.903505538035898,False,2,0.57
200,60,0.3,0.5,0.5,1,133,1.9166666666666667,0.36666666666666664,1.9260639195577653,False,2,0.575
200,60,0.3,0.5,0.5,1,134,1.9166666666666667,0.35,1.9086790079936322,False,3,0.575
200,60,0.3,0.5,0.5,1,135,1.9333333333333333,0.3333333333333333,1.922382780706162,False,4,0.58
200,60,0.3,0.5,0.5,1,136,1.8833333333333333,0.31666666666666665,1.8356803159107584,False,1,0.565
200,60,0.3,0.5,0.5,1,137,1.8666666666666667,0.3,1.80246744461277,False,2,0.5599999999999999
200,60,0.3,0.5,0.5,1,138,1.8333333333333333,0.31666666666666665,1.7810733343190062,False,3,0.5499999999999999
200,60,0.3,0.5,0.5,1,139,1.8166666666666667,0.3333333333333333,1.7841119795448814,False,2,0.5449999999999999
200,60,0.3,0.5,0.5,1,140,1.8166666666666667,0.35,1.8483476104047336,False,3,0.5449999999999999
200,60,0.3,0.5,0.5,1,141,1.8333333333333333,0.35,1.818118685772619,False,3,0.5499999999999999
200,60,0.3,0.5,0.5,1,142,1.8333333333333333,0.38333333333333336,1.881193474602995,False,4,0.5499999999999999
200,60,0.3,0.5,0.5,1,143,1.9333333333333333,0.36666666666666664,1.9567546828585562,False,5,0.58
200,60,0.3,0.5,0.5,1,144,2.05,0.35,2.03654118544163,False,1,0.6149999999999999
200,60,0.3,0.5,0.5,1,145,2.0,0.35,2.0,False,2,0.6
200,60,0.3,0.5,0.5,1,146,1.95,0.36666666666666664,1.9529891619429605,False,0,0.585
200,60,0.3,0.5,0.5,1,147,1.8833333333333333,0.36666666666666664,1.9243324961023642,False,0,0.565
200,60,0.3,0.5,0.5,1,148,1.9,0.4,2.005824851110718,False,0,0.57
200,60,0.3,0.5,0.5,1,149,1.8666666666666667,0.36666666666666664,1.9275776393067947,False,0,0.5599999999999999
200,60,0.3,0.5,0.5,1,150,1.85,0.4,1.922021505256033,False,0,0.555
200,60,0.3,0.5,0.5,1,151,1.8666666666666667,0.38333333333333336,1.9014614262602214,False,0,0.5599999999999999
200,60,0.3,0.5,0.5,1,152,1.8833333333333333,0.38333333333333336,1.9156519052850447,False,1,0.565
200,60,0.3,0.5,0.5,1,153,1.9166666666666667,0.35,1.8911342863183696,False,1,0.575
200,60,0.3,0.5,0.5,1,154,1.95,0.31666666666666665,1.8656991540260004,False,2,0.585
200,60,0.3,0.5,0.5,1,155,2.033333333333333,0.31666666666666665,1.9145640641032504,False,0,0.61
200,60,0.3,0.5,0.5,1,156,2.0166666666666666,0.31666666666666665,1.936419949861657,False,0,0.605
200,60,0.3,0.5,0.5,1,157,1.9833333333333334,0.3333333333333333,1.9104246183040623,False,0,0.595
200,60,0.3,0.5,0.5,1,158,1.9166666666666667,0.36666666666666664,1.9086790079936322,False,1,0.575
200,60,0.3,0.5,0.5,1,159,1.9166666666666667,0.3333333333333333,1.8734252646482117,False,0,0.575
200,60,0.3,0.5,0.5,1,160,1.95,0.3333333333333333,1.8746110707735262,False,1,0.585
200,60,0.3,0.5,0.5,1,161,1.9833333333333334,0.3333333333333333,1.9104246183040623,False,0,0.595
200,60,0.3,0.5,0.5,1,162,1.9166666666666667,0.4,2.0190069065976197,False,0,0.575
200,60,0.3,0.5,0.5,1,163,1.9833333333333334,0.3333333333333333,1.9450078548827394,False,0,0.595
200,60,0.3,0.5,0.5,1,164,1.95,0.38333333333333336,1.9868316486305526,False,1,0.585
200,60,0.3,0.5,0.5,1,165,1.9833333333333334,0.3333333333333333,1.9104246183040623,False,1,0.595
200,60,0.3,0.5,0.5,1,166,1.9833333333333334,0.31666666666666665,1.9191288532966084,False,2,0.595
200,60,0.3,0.5,0.5,1,167,1.9,0.35,1.9467922333931784,False,1,0.57
200,60,0.3,0.5,0.5,1,168,1.9,0.36666666666666664,1.980740602232744,False,0,0.57
200,60,0.3,0.5,0.5,1,169,1.7833333333333334,0.4,1.9329741045572464,False,0,0.535
200,60,0.3,0.5,0.5,1,170,1.9,0.38333333333333336,1.997498435543818,False,0,0.57
200,60,0.3,0.5,0.5,1,171,1.8833333333333333,0.38333333333333336,1.967160954833697,False,0,0.565
200,60,0.3,0.5,0.5,1,172,1.7333333333333334,0.4666666666666667,1.9136933459209764,False,0,0.52
200,60,0.3,0.5,0.5,1,173,1.8166666666666667,0.4166666666666667,1.987390807622452,False,0,0.5449999999999999
200,60,0.3,0.5,0.5,1,174,1.8,0.36666666666666664,1.913112646970899,False,0,0.54
200,60,0.3,0.5,0.5,1,175,1.8666666666666667,0.35,1.9447936194419762,False,0,0.5599999999999999
200,60,0.3,0.5,0.5,1,176,1.8,0.4,1.9390719429665315,False,0,0.54
200,60,0.3,0.5,0.5,1,177,1.8666666666666667,0.36666666666666664,1.9533447098644816,False,0,0.5599999999999999
200,60,0.3,0.5,0.5,1,178,1.8,0.38333333333333336,1.9043809142780934,False,0,0.54
200,60,0.3,0.5,0.5,1,179,1.7666666666666666,0.4,1.9180429841087736,False,1,0.5299999999999999
200,60,0.3,0.5,0.5,1,180,1.7666666666666666,0.43333333333333335,1.969489499562993,False,0,0.5299999999999999
200,60,0.3,0.5,0.5,1,181,1.8,0.43333333333333335,2.0314198646923454,False,0,0.54
200,60,0.3,0.5,0.5,1,182,1.8666666666666667,0.43333333333333335,2.0853989759489404,False,0,0.5599999999999999
200,60,0.3,0.5,0.5,1,183,1.8,0.43333333333333335,2.023198787399136,False,0,0.54
200,60,0.3,0.5,0.5,1,184,1.8,0.4,1.96468827043885,False,1,0.54
200,60,0.3,0.5,0.5,1,185,1.7666666666666666,0.36666666666666664,1.8562207723101138,False,2,0.5299999999999999
200,60,0.3,0.5,0.5,1,186,1.75,0.38333333333333336,1.8763883748662837,False,2,0.525
200,60,0.3,0.5,0.5,1,187,1.8166666666666667,0.38333333333333336,1.9620709014258946,False,3,0.5449999999999999
200,60,0.3,0.5,0.5,1,188,1.7666666666666666,0.38333333333333336,1.9524912860809962,False,4,0.5299999999999999
200,60,0.3,0.5,0.5,1,189,1.7833333333333334,0.38333333333333336,1.9329741045572464,False,4,0.535
200,60,0.3,0.5,0.5,1,190,1.75,0.36666666666666664,1.8585388526115527,False,5,0.525
200,60,0.3,0.5,0.5,1,191,1.7833333333333334,0.4166666666666667,1.9501424449397422,False,5,0.535
200,60,0.3,0.5,0.5,1,192,1.7666666666666666,0.43333333333333335,2.011356645539412,False,5,0.5299999999999999
200,60,0.3,0.5,0.5,1,193,1.8333333333333333,0.38333333333333336,1.9677962857527256,False,5,0.5499999999999999
200,60,0.3,0.5,0.5,1,194,1.8166666666666667,0.38333333333333336,1.9620709014258946,False,5,0.5449999999999999
200,60,0.3,0.5,0.5,1,195,1.85,0.38333333333333336,1.9306734576307822,False,4,0.555
200,60,0.3,0.5,0.5,1,196,1.8166666666666667,0.36666666666666664,1.8573427853312976,False,5,0.5449999999999999
200,60,0.3,0.5,0.5,1,197,1.8333333333333333,0.4,1.9762478477042185,False,5,0.5499999999999999
200,60,0.3,0.5,0.5,1,198,1.8,0.4,1.9476481543988722,False,5,0.54
200,60,0.3,0.5,0.5,1,199,1.8833333333333333,0.38333333333333336,1.9924161769625899,False,4,0.565
200,60,0.3,0.5,0.5,1,200,1.7333333333333334,0.4,1.922382780706162,False,4,0.52
200,60,0.3,0.5,0.5,1,201,1.75,0.38333333333333336,1.9546952021564215,False,5,0.525
200,60,0.3,0.5,0.5,1,202,1.8333333333333333,0.38333333333333336,2.00138840697041,False,5,0.5499999999999999
200,60,0.3,0.5,0.5,1,203,1.8,0.4,1.96468827043885,False,5,0.54
200,60,0.3,0.5,0.5,1,204,1.7333333333333334,0.38333333333333336,1.8427033281447005,False,5,0.52
200,60,0.3,0.5,0.5,1,205,1.7666666666666666,0.38333333333333336,1.8472201336663214,False,4,0.5299999999999999
200,60,0.3,0.5,0.5,1,206,1.8166666666666667,0.36666666666666664,1.8210955188811182,False,5,0.5449999999999999
200,60,0.3,0.5,0.5,1,207,1.7666666666666666,0.36666666666666664,1.8199511592958264,False,3,0.5299999999999999
200,60,0.3,0.5,0.5,1,208,1.75,0.38333333333333336,1.7946680287265757,False,1,0.525
200,60,0.3,0.5,0.5,1,209,1.7833333333333334,0.38333333333333336,1.8356803159107584,False,0,0.535
200,60,0.3,0.5,0.5,1,210,1.8333333333333333,0.36666666666666664,1.7996913315590786,False,0,0.5499999999999999
200,60,0.3,0.5,0.5,1,211,1.8833333333333333,0.35,1.8356803159107584,False,0,0.565
200,60,0.3,0.5,0.5,1,212,1.8833333333333333,0.35,1.8265784650238512,False,1,0.565
200,60,0.3,0.5,0.5,1,213,1.8666666666666667,0.3333333333333333,1.7745108872274886,False,2,0.5599999999999999
200,60,0.3,0.5,0.5,1,214,1.8833333333333333,0.3333333333333333,1.7709852875980898,False,3,0.565
200,60,0.3,0.5,0.5,1,215,1.8666666666666667,0.31666666666666665,1.746106780494506,False,4,0.5599999999999999
200,60,0.3,0.5,0.5,1,216,1.8333333333333333,0.3333333333333333,1.7527755766846542,False,4,0.5499999999999999
200,60,0.3,0.5,0.5,1,217,1.8,0.35,1.8147543451754933,False,2,0.54
200,60,0.3,0.5,0.5,1,218,1.7166666666666666,0.36666666666666664,1.8082373246402759,False,2,0.5149999999999999
200,60,0.3,0.5,0.5,1,219,1.6833333333333333,0.35,1.793429365458503,False,3,0.505
200,60,0.3,0.5,0.5,1,220,1.5666666666666667,0.4,1.754676291766914,False,3,0.47
200,60,0.3,0.5,0.5,1,221,1.6833333333333333,0.38333333333333336,1.8393084449204151,False,4,0.505
200,60,0.3,0.5,0.5,1,222,1.7166666666666666,0.36666666666666664,1.8265784650238512,False,1,0.5149999999999999
200,60,0.3,0.5,0.5,1,223,1.7833333333333334,0.38333333333333336,1.9243324961023642,False,1,0.535
200,60,0.3,0.5,0.5,1,224,1.8833333333333333,0.35,1.9243324961023642,False,0,0.565
200,60,0.3,0.5,0.5,1,225,1.8666666666666667,0.36666666666666664,1.8749814813900312,False,0,0.5599999999999999
200,60,0.3,0.5,0.5,1,226,1.7666666666666666,0.36666666666666664,1.810770247405476,False,0,0.5299999999999999
200,60,0.3,0.5,0.5,1,227,1.7666666666666666,0.36666666666666664,1.8562207723101138,False,1,0.5299999999999999
200,60,0.3,0.5,0.5,1,228,1.85,0.35,1.8332575741922719,False,0,0.555
200,60,0.3,0.5,0.5,1,229,1.85,0.35,1.8241436346954698,False,0,0.555
200,60,0.3,0.5,0.5,1,230,1.8666666666666667,0.35,1.892675942210452,False,0,0.5599999999999999
200,60,0.3,0.5,0.5,1,231,1.8666666666666667,0.38333333333333336,1.9189117286165673,False,0,0.5599999999999999
200,60,0.3,0.5,0.5,1,232,1.9,0.35,1.8770544300401448,False,0,0.57
200,60,0.3,0.5,0.5,1,233,1.8333333333333333,0.35,1.7996913315590786,False,0,0.5499999999999999
200,60,0.3,0.5,0.5,1,234,1.95,0.31666666666666665,1.8656991540260004,False,0,0.585
200,60,0.3,0.5,0.5,1,235,1.9666666666666666,0.31666666666666665,1.9058389811897074,False,1,0.59
200,60,0.3,0.5,0.5,1,236,1.9166666666666667,0.31666666666666665,1.8465433171800283,False,0,0.575
200,60,0.3,0.5,0.5,1,237,1.8,0.31666666666666665,1.7587874611030558,False,0,0.54
200,60,0.3,0.5,0.5,1,238,1.7833333333333334,0.35,1.8174310318566578,False,1,0.535
200,60,0.3,0.5,0.5,1,239,1.85,0.3333333333333333,1.8692690193406263,False,1,0.555
200,60,0.3,0.5,0.5,1,240,1.8666666666666667,0.31666666666666665,1.7745108872274886,False,2,0.5599999999999999
200,60,0.3,0.5,0.5,1,241,1.95,0.26666666666666666,1.8020821290940099,False,2,0.585
200,60,0.3,0.5,0.5,1,242,1.8666666666666667,0.31666666666666665,1.8571184369578826,False,0,0.5599999999999999
200,60,0.3,0.5,0.5,1,243,1.85,0.2833333333333333,1.7872231720371876,False,0,0.555
200,60,0.3,0.5,0.5,1,244,1.8666666666666667,0.31666666666666665,1.8571184369578826,False,1,0.5599999999999999
200,60,0.3,0.5,0.5,1,245,1.95,0.31666666666666665,1.8834808201837363,False,0,0.585
200,60,0.3,0.5,0.5,1,246,1.9,0.3333333333333333,1.8681541692269403,False,0,0.57
200,60,0.3,0.5,0.5,1,247,1.95,0.35,1.9529891619429605,False,0,0.585
200,60,0.3,0.5,0.5,1,248,2.0,0.35,2.008316044185609,False,1,0.6
200,60,0.3,0.5,0.5,1,249,2.0,0.3333333333333333,1.9578900207451218,False,0,0.6
200,60,0.3,0.5,0.5,1,250,1.9333333333333333,0.36666666666666664,1.9821424996424675,False,0,0.58
200,60,0.3,0.5,0.5,1,251,1.8166666666666667,0.4,2.0040930339904106,False,0,0.5449999999999999
200,60,0.3,0.5,0.5,1,252,1.75,0.38333333333333336,1.9028487415801953,False,0,0.525
200,60,0.3,0.5,0.5,1,253,1.7166666666666666,0.4,1.9329741045572464,False,1,0.5149999999999999
200,60,0.3,0.5,0.5,1,254,1.8333333333333333,0.36666666666666664,1.9422209509276287,False,1,0.5499999999999999
200,60,0.3,0.5,0.5,1,255,1.7166666666666666,0.43333333333333335,1.967160954833697,False,1,0.5149999999999999
200,60,0.3,0.5,0.5,1,256,1.7,0.4166666666666667,1.943364779619788,False,1,0.51
200,60,0.3,0.5,0.5,1,257,1.7,0.4,1.8734993995195195,False,0,0.51
200,60,0.3,0.5,0.5,1,258,1.5666666666666667,0.43333333333333335,1.810770247405476,False,0,0.47
200,60,0.3,0.5,0.5,1,259,1.65,0.4166666666666667,1.887017046381228,False,0,0.49499999999999994
200,60,0.3,0.5,0.5,1,260,1.6333333333333333,0.43333333333333335,1.9058389811897074,False,0,0.49
200,60,0.3,0.5,0.5,1,261,1.7,0.4,1.8912077270005712,False,0,0.51
200,60,0.3,0.5,0.5,1,262,1.7833333333333334,0.36666666666666664,1.9415772511600515,False,0,0.535
200,60,0.3,0.5,0.5,1,263,1.7333333333333334,0.38333333333333336,1.9567546828585562,False,1,0.52
200,60,0.3,0.5,0.5,1,264,1.7666666666666666,0.35,1.9005847053531242,False,1,0.5299999999999999
200,60,0.3,0.5,0.5,1,265,1.7833333333333334,0.3333333333333333,1.880528885417315,False,2,0.535
200,60,0.3,0.5,0.5,1,266,1.6833333333333333,0.36666666666666664,1.8573427853312976,False,3,0.505
200,60,0.3,0.5,0.5,1,267,1.5666666666666667,0.4,1.792267341169342,False,4,0.47
200,60,0.3,0.5,0.5,1,268,1.65,0.4,1.8692690193406263,False,4,0.49499999999999994
200,60,0.3,0.5,0.5,1,269,1.65,0.4,1.878163997099295,False,5,0.49499999999999994
200,60,0.3,0.5,0.5,1,270,1.7333333333333334,0.36666666666666664,1.9049642749639397,False,5,0.52
200,60,0.3,0.5,0.5,1,271,1.8833333333333333,0.3333333333333333,1.9501424449397422,False,5,0.565
200,60,0.3,0.5,0.5,1,272,2.0,0.2833333333333333,1.949358868961793,False,5,0.6
200,60,0.3,0.5,0.5,1,273,1.9,0.31666666666666665,1.9553345834749953,False,5,0.57
200,60,0.3,0.5,0.5,1,274,1.85,0.35,1.904599695474091,False,5,0.555
200,60,0.3,0.5,0.5,1,275,1.7833333333333334,0.38333333333333336,1.9069317997476702,False,4,0.535
200,60,0.3,0.5,0.5,1,276,1.8333333333333333,0.35,1.9249819623974547,False,5,0.5499999999999999
200,60,0.3,0.5,0.5,1,277,1.8833333333333333,0.31666666666666665,1.9069317997476702,False,5,0.565
200,60,0.3,0.5,0.5,1,278,1.8833333333333333,0.36666666666666664,2.0007637430630223,False,5,0.565
200,60,0.3,0.5,0.5,1,279,1.8666666666666667,0.38333333333333336,2.012185103038209,False,5,0.5599999999999999
200,60,0.3,0.5,0.5,1,280,1.85,0.35,1.998541134594599,False,5,0.555
200,60,0.3,0.5,0.5,1,281,1.85,0.35,1.9306734576307822,False,5,0.555
200,60,0.3,0.5,0.5,1,282,1.9,0.3333333333333333,1.972308292331602,False,5,0.57
200,60,0.3,0.5,0.5,1,283,1.8333333333333333,0.36666666666666664,1.9930434571835662,False,5,0.5499999999999999
200,60,0.3,0.5,0.5,1,284,1.7666666666666666,0.4,2.003053225009815,False,5,0.5299999999999999
200,60,0.3,0.5,0.5,1,285,1.6833333333333333,0.3333333333333333,1.7653296827756817,False,5,0.505
200,60,0.3,0.5,0.5,1,286,1.65,0.3333333333333333,1.7590243507884327,False,2,0.49499999999999994
200,60,0.3,0.5,0.5,1,287,1.6,0.3333333333333333,1.7048949136725895,False,0,0.48
200,60,0.3,0.5,0.5,1,288,1.6333333333333333,0.36666666666666664,1.8436075745366445,False,0,0.49
200,60,0.3,0.5,0.5,1,289,1.7166666666666666,0.35,1.8893708535441691,False,0,0.5149999999999999
200,60,0.3,0.5,0.5,1,290,1.7166666666666666,0.35,1.8627190400654152,False,1,0.5149999999999999
200,60,0.3,0.5,0.5,1,291,1.7166666666666666,0.3333333333333333,1.8174310318566578,False,2,0.5149999999999999
200,60,0.3,0.5,0.5,1,292,1.7666666666666666,0.35,1.8290859891091933,False,2,0.5299999999999999
200,60,0.3,0.5,0.5,1,293,1.7666666666666666,0.31666666666666665,1.754676291766914,False,0,0.5299999999999999
200,60,0.3,0.5,0.5,1,294,1.7333333333333334,0.35,1.8607047649270483,False,1,0.52
200,60,0.3,0.5,0.5,1,295,1.7833333333333334,0.35,1.8981716349043771,False,1,0.535
200,60,0.3,0.5,0.5,1,296,1.7166666666666666,0.35,1.853749953172997,False,1,0.5149999999999999
200,60,0.3,0.5,0.5,1,297,1.6833333333333333,0.36666666666666664,1.793429365458503,False,2,0.505
200,60,0.3,0.5,0.5,1,298,1.6333333333333333,0.36666666666666664,1.7317300277147385,False,3,0.49
200,60,0.3,0.5,0.5,1,299,1.65,0.3333333333333333,1.7109938632268673,False,2,0.49499999999999994
200,60,0.3,0.5,0.5,1,300,1.6666666666666667,0.3333333333333333,1.7191729277636836,False,3,0.5
200,60,0.3,0.5,0.5,1,301,1.6166666666666667,0.3333333333333333,1.6339284630063282,False,4,0.485
200,60,0.3,0.5,0.5,1,302,1.6666666666666667,0.36666666666666664,1.7094508539944113,False,3,0.5
200,60,0.3,0.5,0.5,1,303,1.7833333333333334,0.35,1.8082373246402759,False,0,0.535
200,60,0.3,0.5,0.5,1,304,1.8333333333333333,0.35,1.8544241394268164,False,0,0.5499999999999999
200,60,0.3,0.5,0.5,1,305,1.75,0.3333333333333333,1.8131464364468746,False,0,0.525
200,60,0.3,0.5,0.5,1,306,1.7,0.35,1.8101565309847285,False,1,0.51
200,60,0.3,0.5,0.5,1,307,1.75,0.3333333333333333,1.8495494946968392,False,0,0.525
200,60,0.3,0.5,0.5,1,308,1.7666666666666666,0.3,1.792267341169342,False,1,0.5299999999999999
200,60,0.3,0.5,0.5,1,309,1.7833333333333334,0.2833333333333333,1.76154919192044,False,1,0.535
200,60,0.3,0.5,0.5,1,310,1.7666666666666666,0.3,1.773571412589737,False,1,0.5299999999999999
200,60,0.3,0.5,0.5,1,311,1.7,0.3,1.7540429489230491,False,2,0.51
200,60,0.3,0.5,0.5,1,312,1.75,0.2833333333333333,1.7759973723704285,False,1,0.525
200,60,0.3,0.5,0.5,1,313,1.6,0.3,1.624807680927192,False,0,0.48
200,60,0.3,0.5,0.5,1,314,1.5333333333333334,0.3333333333333333,1.596524001977073,False,1,0.46
200,60,0.3,0.5,0.5,1,315,1.6333333333333333,0.2833333333333333,1.6224124698183944,False,0,0.49
200,60,0.3,0.5,0.5,1,316,1.65,0.31666666666666665,1.661575557515617,False,0,0.49499999999999994
200,60,0.3,0.5,0.5,1,317,1.7166666666666666,0.3,1.7232882005695456,False,0,0.5149999999999999
200,60,0.3,0.5,0.5,1,318,1.7166666666666666,0.3,1.6841582137343536,False,0,0.5149999999999999
200,60,0.3,0.5,0.5,1,319,1.7166666666666666,0.31666666666666665,1.6940254491070146,False,0,0.5149999999999999
200,60,0.3,0.5,0.5,1,320,1.7333333333333334,0.3333333333333333,1.7211107524567448,False,0,0.52
200,60,0.3,0.5,0.5,1,321,1.7333333333333334,0.3333333333333333,1.7403703309608818,False,1,0.52
200,60,0.3,0.5,0.5,1,322,1.7166666666666666,0.35,1.7425237125757826,False,0,0.5149999999999999
200,60,0.3,0.5,0.5,1,323,1.6833333333333333,0.35,1.7558631938609441,False,0,0.505
200,60,0.3,0.5,0.5,1,324,1.6666666666666667,0.38333333333333336,1.776388345929897,False,1,0.5
200,60,0.3,0.5,0.5,1,325,1.75,0.35,1.803930892985279,False,2,0.525
200,60,0.3,0.5,0.5,1,326,1.7333333333333334,0.36666666666666664,1.8061622912192088,False,0,0.52
200,60,0.3,0.5,0.5,1,327,1.7,0.3333333333333333,1.7635192088548397,False,0,0.51
200,60,0.3,0.5,0.5,1,328,1.7166666666666666,0.31666666666666665,1.7425237125757826,False,0,0.5149999999999999
200,60,0.3,0.5,0.5,1,329,1.7666666666666666,0.31666666666666665,1.7829438827088442,False,1,0.5299999999999999
200,60,0.3,0.5,0.5,1,330,1.8166666666666667,0.31666666666666665,1.8210955188811182,False,0,0.5449999999999999
200,60,0.3,0.5,0.5,1,331,1.8833333333333333,0.3333333333333333,1.8893708535441691,False,0,0.565
200,60,0.3,0.5,0.5,1,332,1.9,0.35,1.9209372712298547,False,0,0.57
200,60,0.3,0.5,0.5,1,333,1.8833333333333333,0.38333333333333336,1.9756152346941334,False,0,0.565
200,60,0.3,0.5,0.5,1,334,1.9166666666666667,0.36666666666666664,1.9518509733640583,False,1,0.575
200,60,0.3,0.5,0.5,1,335,2.0166666666666666,0.31666666666666665,1.9277937879578533,False,2,0.605
200,60,0.3,0.5,0.5,1,336,1.95,0.36666666666666664,1.901096175017631,False,2,0.585
200,60,0.3,0.5,0.5,1,337,1.9,0.36666666666666664,1.903505538035898,False,1,0.57
200,60,0.3,0.5,0.5,1,338,2.033333333333333,0.3333333333333333,1.9058389811897074,False,2,0.61
200,60,0.3,0.5,0.5,1,339,2.0833333333333335,0.31666666666666665,1.9086790079936322,False,2,0.625
200,60,0.3,0.5,0.5,1,340,2.066666666666667,0.35,1.9652537297311568,False,3,0.62
200,60,0.3,0.5,0.5,1,341,2.0,0.36666666666666664,1.9407902170679516,False,1,0.6
200,60,0.3,0.5,0.5,1,342,2.0166666666666666,0.36666666666666664,1.9705470193719195,False,0,0.605
200,60,0.3,0.5,0.5,1,343,2.05,0.3333333333333333,1.9529891619429605,False,1,0.6149999999999999
200,60,0.3,0.5,0.5,1,344,1.9833333333333334,0.31666666666666665,1.8662946057778647,False,0,0.595
200,60,0.3,0.5,0.5,1,345,2.0,0.31666666666666665,1.8708286933869707,False,0,0.6
200,60,0.3,0.5,0.5,1,346,1.9833333333333334,0.3333333333333333,1.9016805433323676,False,1,0.595
200,60,0.3,0.5,0.5,1,347,1.9666666666666666,0.31666666666666665,1.8162843634433703,False,1,0.59
200,60,0.3,0.5,0.5,1,348,1.9833333333333334,0.3,1.7747456781810238,False,2,0.595
200,60,0.3,0.5,0.5,1,349,2.0,0.2833333333333333,1.7888543819998317,False,3,0.6
200,60,0.3,0.5,0.5,1,350,2.1166666666666667,0.26666666666666666,1.8981716349043771,False,4,0.635
200,60,0.3,0.5,0.5,1,351,2.066666666666667,0.3,1.9567546828585562,False,5,0.62
200,60,0.3,0.5,0.5,1,352,2.033333333333333,0.3,1.9490738541391623,False,5,0.61
200,60,0.3,0.5,0.5,1,353,2.0,0.26666666666666666,1.8529256146249728,False,5,0.6
200,60,0.3,0.5,0.5,1,354,1.95,0.31666666666666665,1.8834808201837363,False,4,0.585
200,60,0.3,0.5,0.5,1,355,1.9,0.3333333333333333,1.903505538035898,False,5,0.57
200,60,0.3,0.5,0.5,1,356,1.8833333333333333,0.35,1.8981716349043771,False,4,0.565
200,60,0.3,0.5,0.5,1,357,1.9,0.3333333333333333,1.8947295321496416,False,5,0.57
200,60,0.3,0.5,0.5,1,358,1.7833333333333334,0.36666666666666664,1.880528885417315,False,5,0.535
200,60,0.3,0.5,0.5,1,359,1.7666666666666666,0.3333333333333333,1.9005847053531242,False,5,0.5299999999999999
200,60,0.3,0.5,0.5,1,360,1.7333333333333334,0.35,1.922382780706162,False,5,0.52
200,60,0.3,0.5,0.5,1,361,1.7666666666666666,0.35,1.891795149821695,False,5,0.5299999999999999
200,60,0.3,0.5,0.5,1,362,1.7666666666666666,0.35,1.8651779778050375,False,5,0.5299999999999999
200,60,0.3,0.5,0.5,1,363,1.7666666666666666,0.3333333333333333,1.810770247405476,False,5,0.5299999999999999
200,60,0.3,0.5,0.5,1,364,1.6833333333333333,0.38333333333333336,1.8393084449204151,False,4,0.505
200,60,0.3,0.5,0.5,1,365,1.55,0.4166666666666667,1.7834890897713205,False,5,0.46499999999999997
200,60,0.3,0.5,0.5,1,366,1.6166666666666667,0.4,1.8082373246402759,False,5,0.485
200,60,0.3,0.5,0.5,1,367,1.6666666666666667,0.36666666666666664,1.8043158136965811,False,3,0.5
200,60,0.3,0.5,0.5,1,368,1.5333333333333334,0.4,1.7269111795984824,False,4,0.46
200,60,0.3,0.5,0.5,1,369,1.5666666666666667,0.38333333333333336,1.7259457954666158,False,5,0.47
200,60,0.3,0.5,0.5,1,370,1.6333333333333333,0.35,1.7220788470785986,False,4,0.49
200,60,0.3,0.5,0.5,1,371,1.65,0.3333333333333333,1.7109938632268673,False,4,0.49499999999999994
200,60,0.3,0.5,0.5,1,372,1.6333333333333333,0.31666666666666665,1.7123732718721763,False,2,0.49
200,60,0.3,0.5,0.5,1,373,1.6833333333333333,0.31666666666666665,1.7558631938609441,False,1,0.505
200,60,0.3,0.5,0.5,1,374,1.6,0.3333333333333333,1.6753109164172084,False,0,0.48
200,60,0.3,0.5,0.5,1,375,1.6,0.36666666666666664,1.7048949136725895,False,0,0.48
200,60,0.3,0.5,0.5,1,376,1.5833333333333333,0.36666666666666664,1.7252214028607715,False,1,0.475
200,60,0.3,0.5,0.5,1,377,1.7333333333333334,0.31666666666666665,1.7876116903722563,False,2,0.52
200,60,0.3,0.5,0.5,1,378,1.8166666666666667,0.3333333333333333,1.8573427853312976,False,1,0.5449999999999999
200,60,0.3,0.5,0.5,1,379,1.7666666666666666,0.3333333333333333,1.8290859891091933,False,1,0.5299999999999999
200,60,0.3,0.5,0.5,1,380,1.8333333333333333,0.36666666666666664,1.9422209509276287,False,0,0.5499999999999999
200,60,0.3,0.5,0.5,1,381,1.9,0.3333333333333333,1.9295940851208404,False,0,0.57
200,60,0.3,0.5,0.5,1,382,1.8333333333333333,0.36666666666666664,1.9075871903765995,False,0,0.5499999999999999
200,60,0.3,0.5,0.5,1,383,1.9666666666666666,0.3333333333333333,1.9318960174456135,False,1,0.59
200,60,0.3,0.5,0.5,1,384,1.9833333333333334,0.31666666666666665,1.9104246183040623,False,2,0.595
200,60,0.3,0.5,0.5,1,385,1.9666666666666666,0.3,1.9058389811897074,False,0,0.59
200,60,0.3,0.5,0.5,1,386,1.9166666666666667,0.3,1.8284024599511879,False,0,0.575
200,60,0.3,0.5,0.5,1,387,1.8666666666666667,0.3,1.7745108872274886,False,1,0.5599999999999999
200,60,0.3,0.5,0.5,1,388,1.8166666666666667,0.3333333333333333,1.7653296827756817,False,0,0.5449999999999999
200,60,0.3,0.5,0.5,1,389,1.7666666666666666,0.35,1.8015425489162213,False,0,0.5299999999999999
200,60,0.3,0.5,0.5,1,390,1.75,0.3333333333333333,1.7380544678845176,False,0,0.525
200,60,0.3,0.5,0.5,1,391,1.75,0.35,1.8223153770226856,False,0,0.525
200,60,0.3,0.5,0.5,1,392,1.7666666666666666,0.35,1.8562207723101138,False,0,0.5299999999999999
200,60,0.3,0.5,0.5,1,393,1.8333333333333333,0.35,1.881193474602995,False,0,0.5499999999999999
200,60,0.3,0.5,0.5,1,394,1.85,0.35,1.9133304297306655,False,0,0.555
200,60,0.3,0.5,0.5,1,395,1.85,0.35,1.8958287545732253,False,1,0.555
200,60,0.3,0.5,0.5,1,396,1.85,0.3333333333333333,1.887017046381228,False,2,0.555
200,60,0.3,0.5,0.5,1,397,1.9166666666666667,0.35,1.9773017529507786,False,1,0.575
200,60,0.3,0.5,0.5,1,398,1.85,0.38333333333333336,1.9563997546513852,False,1,0.555
200,60,0.3,0.5,0.5,1,399,1.8,0.4,1.973153144926499,False,0,0.54
200,60,0.3,0.5,0.5,1,400,1.7666666666666666,0.4,1.961008810677697,False,0,0.5299999999999999
200,60,0.3,0.75,0.75,1,1,1.9166666666666667,0.3333333333333333,1.7444355979959694,False,0,0.575
200,60,0.3,0.75,0.75,1,2,1.9666666666666666,0.31666666666666665,1.7413277182145301,False,1,0.59
200,60,0.3,0.75,0.75,1,3,1.9333333333333333,0.31666666666666665,1.6918103387266028,False,2,0.58
200,60,0.3,0.75,0.75,1,4,2.0,0.31666666666666665,1.7701224063135672,False,2,0.6
200,60,0.3,0.75,0.75,1,5,2.0,0.3,1.7511900715418263,False,1,0.6
200,60,0.3,0.75,0.75,1,6,2.1,0.2833333333333333,1.786057109949175,False,2,0.63
200,60,0.3,0.75,0.75,1,7,2.183333333333333,0.2833333333333333,1.830224637093005,False,3,0.6549999999999999
200,60,0.3,0.75,0.75,1,8,2.216666666666667,0.2833333333333333,1.8447372592202813,False,4,0.665
200,60,0.3,0.75,0.75,1,9,2.2,0.31666666666666665,1.8956089610817242,False,5,0.66
200,60,0.3,0.75,0.75,1,10,2.1666666666666665,0.31666666666666665,1.8988300491501486,False,5,0.6499999999999999
200,60,0.3,0.75,0.75,1,11,2.15,0.2833333333333333,1.8332575741922719,False,4,0.6449999999999999
200,60,0.3,0.75,0.75,1,12,2.066666666666667,0.2833333333333333,1.7876116903722563,False,3,0.62
200,60,0.3,0.75,0.75,1,13,2.05,0.2833333333333333,1.7928097128994662,False,4,0.6149999999999999
200,60,0.3,0.75,0.75,1,14,2.0,0.3,1.7795130420052185,False,4,0.6
200,60,0.3,0.75,0.75,1,15,2.0166666666666666,0.31666666666666665,1.8119204054139784,False,5,0.605
200,60,0.3,0.75,0.75,1,16,1.9666666666666666,0.31666666666666665,1.769808526994438,False,4,0.59
200,60,0.3,0.75,0.75,1,17,2.0166666666666666,0.31666666666666665,1.8026985943918141,False,3,0.605
200,60,0.3,0.75,0.75,1,18,2.05,0.3333333333333333,1.856744462762714,False,3,0.6149999999999999
200,60,0.3,0.75,0.75,1,19,2.066666666666667,0.31666666666666665,1.8427033281447005,False,3,0.62
200,60,0.3,0.75,0.75,1,20,2.0833333333333335,0.3333333333333333,1.8911342863183696,False,0,0.625
200,60,0.3,0.75,0.75,1,21,2.066666666666667,0.3333333333333333,1.9136933459209764,False,0,0.62
200,60,0.3,0.75,0.75,1,22,2.066666666666667,0.3333333333333333,1.896195020443719,False,1,0.62
200,60,0.3,0.75,0.75,1,23,2.183333333333333,0.31666666666666665,1.936419949861657,False,0,0.6549999999999999
200,60,0.3,0.75,0.75,1,24,2.2,0.31666666666666665,1.96468827043885,False,0,0.66
200,60,0.3,0.75,0.75,1,25,2.1333333333333333,0.3333333333333333,1.9618585292749549,False,0,0.64
200,60,0.3,0.75,0.75,1,26,2.1,0.31666666666666665,1.9122412679017955,False,0,0.63
200,60,0.3,0.75,0.75,1,27,2.0,0.3333333333333333,1.834847859269718,False,0,0.6
200,60,0.3,0.75,0.75,1,28,1.9833333333333334,0.31666666666666665,1.793429365458503,False,1,0.595
200,60,0.3,0.75,0.75,1,29,2.0,0.31666666666666665,1.816590212458495,False,2,0.6
200,60,0.3,0.75,0.75,1,30,2.0,0.31666666666666665,1.8073922282301278,False,0,0.6
200,60,0.3,0.75,0.75,1,31,2.0,0.3333333333333333,1.834847859269718,False,1,0.6
200,60,0.3,0.75,0.75,1,32,2.0166666666666666,0.31666666666666665,1.7653296827756817,False,2,0.605
200,60,0.3,0.75,0.75,1,33,2.066666666666667,0.3,1.7876116903722563,False,3,0.62
200,60,0.3,0.75,0.75,1,34,2.1,0.3,1.8321208111548395,False,4,0.63
200,60,0.3,0.75,0.75,1,35,2.216666666666667,0.26666666666666666,1.8447372592202813,False,1,0.665
200,60,0.3,0.75,0.75,1,36,2.2333333333333334,0.25,1.810770247405476,False,1,0.67
200,60,0.3,0.75,0.75,1,37,2.2,0.2833333333333333,1.8511257835886428,False,2,0.66
200,60,0.3,0.75,0.75,1,38,2.2,0.31666666666666665,1.9043809142780934,False,3,0.66
200,60,0.3,0.75,0.75,1,39,2.2333333333333334,0.3,1.9005847053531242,False,4,0.67
200,60,0.3,0.75,0.75,1,40,2.183333333333333,0.3,1.8840706521312363,False,5,0.6549999999999999
200,60,0.3,0.75,0.75,1,41,2.183333333333333,0.3,1.8840706521312363,False,4,0.6549999999999999
200,60,0.3,0.75,0.75,1,42,2.15,0.3,1.8603315116756296,False,0,0.6449999999999999
200,60,0.3,0.75,0.75,1,43,2.1666666666666665,0.3,1.8723128893311491,False,0,0.6499999999999999
200,60,0.3,0.75,0.75,1,44,2.1333333333333333,0.3,1.883849486792639,False,0,0.64
200,60,0.3,0.75,0.75,1,45,2.15,0.2833333333333333,1.851350858157362,False,0,0.6449999999999999
200,60,0.3,0.75,0.75,1,46,2.1166666666666667,0.2833333333333333,1.853749953172997,False,0,0.635
200,60,0.3,0.75,0.75,1,47,2.1333333333333333,0.2833333333333333,1.8390818965511628,False,0,0.64
200,60,0.3,0.75,0.75,1,48,2.066666666666667,0.3,1.8153665072253469,False,1,0.62
200,60,0.3,0.75,0.75,1,49,2.1,0.3,1.885912687975418,False,0,0.63
200,60,0.3,0.75,0.75,1,50,2.05,0.3,1.8834808201837363,False,0,0.6149999999999999
200,60,0.3,0.75,0.75,1,51,2.0166666666666666,0.3,1.8752036926395192,False,0,0.605
200,60,0.3,0.75,0.75,1,52,2.0,0.2833333333333333,1.8257418583505538,False,0,0.6
200,60,0.3,0.75,0.75,1,53,2.0166666666666666,0.3,1.8840706521312363,False,0,0.605
200,60,0.3,0.75,0.75,1,54,2.066666666666667,0.2833333333333333,1.9310331143946986,False,0,0.62
200,60,0.3,0.75,0.75,1,55,2.05,0.31666666666666665,1.9784252997438814,False,0,0.6149999999999999
200,60,0.3,0.75,0.75,1,56,2.1,0.2833333333333333,1.9467922333931784,False,1,0.63
200,60,0.3,0.75,0.75,1,57,2.0833333333333335,0.2833333333333333,1.8999268991785505,False,1,0.625
200,60,0.3,0.75,0.75,1,58,2.05,0.2833333333333333,1.856744462762714,False,2,0.6149999999999999
200,60,0.3,0.75,0.75,1,59,2.183333333333333,0.26666666666666666,1.8662946057778647,False,2,0.6549999999999999
200,60,0.3,0.75,0.75,1,60,2.2,0.26666666666666666,1.8779421361337698,False,2,0.66
200,60,0.3,0.75,0.75,1,61,2.15,0.26666666666666666,1.851350858157362,False,3,0.6449999999999999
200,60,0.3,0.75,0.75,1,62,2.1,0.3,1.841195263952197,False,3,0.63
200,60,0.3,0.75,0.75,1,63,2.0833333333333335,0.3,1.8284024599511879,False,4,0.625
200,60,0.3,0.75,0.75,1,64,2.05,0.31666666666666665,1.8477463750922816,False,4,0.6149999999999999
200,60,0.3,0.75,0.75,1,65,2.0833333333333335,0.3333333333333333,1.9173911674170425,False,4,0.625
200,60,0.3,0.75,0.75,1,66,2.066666666666667,0.31666666666666665,1.9310331143946986,False,4,0.62
200,60,0.3,0.75,0.75,1,67,2.033333333333333,0.31666666666666665,1.9145640641032504,False,5,0.61
200,60,0.3,0.75,0.75,1,68,2.0,0.31666666666666665,1.906130460732773,False,5,0.6
200,60,0.3,0.75,0.75,1,69,2.1,0.3,1.938212234680884,False,5,0.63
200,60,0.3,0.75,0.75,1,70,2.1,0.3,1.8947295321496416,False,5,0.63
200,60,0.3,0.75,0.75,1,71,2.05,0.3333333333333333,1.909842925478428,False,5,0.6149999999999999
200,60,0.3,0.75,0.75,1,72,2.1,0.31666666666666665,1.938212234680884,False,3,0.63
200,60,0.3,0.75,0.75,1,73,2.1666666666666665,0.3,1.93362066830309,False,3,0.6499999999999999
200,60,0.3,0.75,0.75,1,74,2.1166666666666667,0.3333333333333333,1.967160954833697,False,2,0.635
200,60,0.3,0.75,0.75,1,75,2.1,0.35,1.997498435543818,False,3,0.63
200,60,0.3,0.75,0.75,1,76,2.1333333333333333,0.3333333333333333,2.012185103038209,False,0,0.64
200,60,0.3,0.75,0.75,1,77,2.1666666666666665,0.3333333333333333,2.0096987059977147,False,1,0.6499999999999999
200,60,0.3,0.75,0.75,1,78,2.1166666666666667,0.3333333333333333,1.9501424449397422,False,1,0.635
200,60,0.3,0.75,0.75,1,79,2.1,0.31666666666666665,1.9122412679017955,False,2,0.63
200,60,0.3,0.75,0.75,1,80,2.1,0.3333333333333333,1.9295940851208404,False,3,0.63
200,60,0.3,0.75,0.75,1,81,2.0833333333333335,0.35,1.9260639195577653,False,4,0.625
200,60,0.3,0.75,0.75,1,82,2.1,0.3333333333333333,1.938212234680884,False,5,0.63
200,60,0.3,0.75,0.75,1,83,2.033333333333333,0.35,1.9576062480034697,False,4,0.61
200,60,0.3,0.75,0.75,1,84,2.066666666666667,0.3333333333333333,1.9737161790783282,False,5,0.62
200,60,0.3,0.75,0.75,1,85,2.1333333333333333,0.3,1.9618585292749549,False,5,0.64
200,60,0.3,0.75,0.75,1,86,2.0833333333333335,0.3333333333333333,1.9857128582842878,False,5,0.625
200,60,0.3,0.75,0.75,1,87,2.0833333333333335,0.3333333333333333,1.9773017529507786,False,5,0.625
200,60,0.3,0.75,0.75,1,88,2.0,0.35,1.9578900207451218,False,0,0.6
200,60,0.3,0.75,0.75,1,89,1.9333333333333333,0.35,1.922382780706162,False,0,0.58
200,60,0.3,0.75,0.75,1,90,1.9166666666666667,0.36666666666666664,1.9260639195577653,False,0,0.575
200,60,0.3,0.75,0.75,1,91,1.9166666666666667,0.35,1.8911342863183696,False,0,0.575
200,60,0.3,0.75,0.75,1,92,1.8833333333333333,0.3333333333333333,1.8356803159107584,False,1,0.565
200,60,0.3,0.75,0.75,1,93,1.9333333333333333,0.3333333333333333,1.8873850222522754,False,2,0.58
200,60,0.3,0.75,0.75,1,94,1.95,0.31666666666666665,1.8656991540260004,False,0,0.585
200,60,0.3,0.75,0.75,1,95,1.9666666666666666,0.3,1.8436075745366445,False,0,0.59
200,60,0.3,0.75,0.75,1,96,2.033333333333333,0.3,1.8970737700176261,False,1,0.61
200,60,0.3,0.75,0.75,1,97,1.9833333333333334,0.31666666666666665,1.8928960762692588,False,1,0.595
200,60,0.3,0.75,0.75,1,98,1.9666666666666666,0.31666666666666665,1.87053171287976,False,0,0.59
200,60,0.3,0.75,0.75,1,99,1.9666666666666666,0.31666666666666665,1.8526257642120338,False,0,0.59
200,60,0.3,0.75,0.75,1,100,1.9666666666666666,0.31666666666666665,1.8526257642120338,True,0,0.59
200,60,0.3,0.75,0.75,1,101,2.0833333333333335,0.3,1.882300601805024,True,0,0.625
200,60,0.3,0.75,0.75,1,102,2.0833333333333335,0.31666666666666665,1.8734252646482117,True,0,0.625
200,60,0.3,0.75,0.75,1,103,2.0833333333333335,0.35,1.9173911674170425,True,0,0.625
200,60,0.3,0.75,0.75,1,104,2.066666666666667,0.3333333333333333,1.9310331143946986,True,0,0.62
200,60,0.3,0.75,0.75,1,105,1.9666666666666666,0.36666666666666664,1.9232495649002208,True,0,0.59
200,60,0.3,0.75,0.75,1,106,1.95,0.36666666666666664,1.9185497995447847,True,0,0.585
200,60,0.3,0.75,0.75,1,107,1.9,0.36666666666666664,1.885912687975418,True,0,0.57
200,60,0.3,0.75,0.75,1,108,1.8666666666666667,0.36666666666666664,1.9014614262602214,False,1,0.5599999999999999
200,60,0.3,0.75,0.75,1,109,1.8,0.36666666666666664,1.8867962264113207,False,2,0.54
200,60,0.3,0.75,0.75,1,110,1.7833333333333334,0.35,1.853749953172997,False,3,0.535
200,60,0.3,0.75,0.75,1,111,1.8,0.36666666666666664,1.8779421361337698,False,4,0.54
200,60,0.3,0.75,0.75,1,112,1.9166666666666667,0.31666666666666665,1.882300601805024,False,5,0.575
200,60,0.3,0.75,0.75,1,113,1.9833333333333334,0.31666666666666665,1.9277937879578533,False,5,0.595
200,60,0.3,0.75,0.75,1,114,2.0,0.3333333333333333,1.9407902170679516,False,5,0.6
200,60,0.3,0.75,0.75,1,115,2.066666666666667,0.3333333333333333,1.9737161790783282,False,4,0.62
200,60,0.3,0.75,0.75,1,116,2.05,0.35,2.03654118544163,False,0,0.6149999999999999
200,60,0.3,0.75,0.75,1,117,2.033333333333333,0.35,2.040969268645551,False,0,0.61
200,60,0.3,0.75,0.75,1,118,1.9666666666666666,0.35,2.0163222846448816,False,1,0.59
200,60,0.3,0.75,0.75,1,119,1.95,0.31666666666666665,1.9615045245933032,False,0,0.585
200,60,0.3,0.75,0.75,1,120,1.85,0.31666666666666665,1.8692690193406263,False,1,0.555
200,60,0.3,0.75,0.75,1,121,1.7666666666666666,0.3333333333333333,1.8290859891091933,False,0,0.5299999999999999
200,60,0.3,0.75,0.75,1,122,1.65,0.31666666666666665,1.671576102565081,False,1,0.49499999999999994
200,60,0.3,0.75,0.75,1,123,1.6166666666666667,0.35,1.6841582137343536,False,0,0.485
200,60,0.3,0.75,0.75,1,124,1.5833333333333333,0.36666666666666664,1.6959920073186927,False,0,0.475
200,60,0.3,0.75,0.75,1,125,1.6,0.36666666666666664,1.7243356208503418,False,0,0.48
200,60,0.3,0.75,0.75,1,126,1.7666666666666666,0.35,1.810770247405476,False,0,0.5299999999999999
200,60,0.3,0.75,0.75,1,127,1.7666666666666666,0.35,1.810770247405476,False,1,0.5299999999999999
200,60,0.3,0.75,0.75,1,128,1.75,0.35,1.8314384146529925,False,1,0.525
200,60,0.3,0.75,0.75,1,129,1.7666666666666666,0.3333333333333333,1.8015425489162213,False,1,0.5299999999999999
200,60,0.3,0.75,0.75,1,130,1.7833333333333334,0.3333333333333333,1.8174310318566578,False,0,0.535
200,60,0.3,0.75,0.75,1,131,1.85,0.3333333333333333,1.887017046381228,False,1,0.555
200,60,0.3,0.75,0.75,1,132,1.95,0.3333333333333333,1.9615045245933032,False,1,0.585
200,60,0.3,0.75,0.75,1,133,2.0,0.35,1.9916492328386208,False,2,0.6
200,60,0.3,0.75,0.75,1,134,2.05,0.35,2.0035385363567797,False,3,0.6149999999999999
200,60,0.3,0.75,0.75,1,135,2.0833333333333335,0.3333333333333333,2.0024290804476004,False,3,0.625
200,60,0.3,0.75,0.75,1,136,2.0833333333333335,0.3333333333333333,2.027244983277113,False,4,0.625
200,60,0.3,0.75,0.75,1,137,2.05,0.35,2.03654118544163,False,5,0.6149999999999999
200,60,0.3,0.75,0.75,1,138,2.033333333333333,0.36666666666666664,2.049119051907158,False,5,0.61
200,60,0.3,0.75,0.75,1,139,2.033333333333333,0.35,2.040969268645551,False,5,0.61
200,60,0.3,0.75,0.75,1,140,2.0,0.38333333333333336,2.0575065816014617,False,5,0.6
200,60,0.3,0.75,0.75,1,141,2.0,0.36666666666666664,2.0330600909302543,False,5,0.6
200,60,0.3,0.75,0.75,1,142,2.0166666666666666,0.35,1.9705470193719195,False,4,0.605
200,60,0.3,0.75,0.75,1,143,2.1333333333333333,0.31666666666666665,1.9703355608175532,False,4,0.64
200,60,0.3,0.75,0.75,1,144,2.1166666666666667,0.31666666666666665,1.9586701837953446,False,5,0.635
200,60,0.3,0.75,0.75,1,145,2.15,0.3,1.973364301558804,False,5,0.6449999999999999
200,60,0.3,0.75,0.75,1,146,2.1333333333333333,0.3,1.9618585292749549,False,5,0.64
200,60,0.3,0.75,0.75,1,147,2.1166666666666667,0.3,1.9329741045572464,False,5,0.635
200,60,0.3,0.75,0.75,1,148,2.033333333333333,0.31666666666666665,1.9232495649002208,False,5,0.61
200,60,0.3,0.75,0.75,1,149,2.066666666666667,0.3,1.9652537297311568,False,5,0.62
200,60,0.3,0.75,0.75,1,150,2.05,0.31666666666666665,1.9358460682605938,False,5,0.6149999999999999
200,60,0.3,0.75,0.75,1,151,2.0166666666666666,0.3,1.8840706521312363,False,5,0.605
200,60,0.3,0.75,0.75,1,152,2.0833333333333335,0.3,1.9173911674170425,False,5,0.625
200,60,0.3,0.75,0.75,1,153,2.05,0.31666666666666665,1.909842925478428,False,3,0.6149999999999999
200,60,0.3,0.75,0.75,1,154,2.05,0.31666666666666665,1.909842925478428,False,0,0.6149999999999999
200,60,0.3,0.75,0.75,1,155,2.05,0.3333333333333333,1.909842925478428,False,1,0.6149999999999999
200,60,0.3,0.75,0.75,1,156,2.066666666666667,0.3333333333333333,1.922382780706162,False,2,0.62
200,60,0.3,0.75,0.75,1,157,2.1666666666666665,0.31666666666666665,1.9846634195472261,False,3,0.6499999999999999
200,60,0.3,0.75,0.75,1,158,2.183333333333333,0.3,1.9705470193719195,False,0,0.6549999999999999
200,60,0.3,0.75,0.75,1,159,2.1166666666666667,0.3,1.967160954833697,False,0,0.635
200,60,0.3,0.75,0.75,1,160,2.1333333333333333,0.3,1.9533447098644816,False,1,0.64
200,60,0.3,0.75,0.75,1,161,2.0833333333333335,0.3,1.9173911674170425,False,1,0.625
200,60,0.3,0.75,0.75,1,162,2.033333333333333,0.2833333333333333,1.87053171287976,False,1,0.61
200,60,0.3,0.75,0.75,1,163,2.033333333333333,0.2833333333333333,1.87053171287976,False,1,0.61
200,60,0.3,0.75,0.75,1,164,2.05,0.3,1.9185497995447847,False,0,0.6149999999999999
200,60,0.3,0.75,0.75,1,165,1.9833333333333334,0.31666666666666665,1.9535580075566963,False,0,0.595
200,60,0.3,0.75,0.75,1,166,2.0166666666666666,0.3,1.9450078548827394,False,0,0.605
200,60,0.3,0.75,0.75,1,167,2.0833333333333335,0.3,1.9603712800272186,False,0,0.625
200,60,0.3,0.75,0.75,1,168,2.066666666666667,0.3,1.9652537297311568,False,0,0.62
200,60,0.3,0.75,0.75,1,169,2.05,0.3,1.9868316486305526,False,0,0.6149999999999999
200,60,0.3,0.75,0.75,1,170,2.066666666666667,0.3,1.9821424996424675,False,0,0.62
200,60,0.3,0.75,0.75,1,171,2.033333333333333,0.2833333333333333,1.9232495649002208,False,1,0.61
200,60,0.3,0.75,0.75,1,172,1.9666666666666666,0.3,1.9145640641032504,False,0,0.59
200,60,0.3,0.75,0.75,1,173,1.9,0.3,1.8681541692269403,False,1,0.57
200,60,0.3,0.75,0.75,1,174,1.9,0.31666666666666665,1.903505538035898,False,1,0.57
200,60,0.3,0.75,0.75,1,175,1.9333333333333333,0.31666666666666665,1.9049642749639397,False,1,0.58
200,60,0.3,0.75,0.75,1,176,2.0166666666666666,0.2833333333333333,1.8928960762692588,False,0,0.605
200,60,0.3,0.75,0.75,1,177,2.1166666666666667,0.26666666666666666,1.9329741045572464,False,1,0.635
200,60,0.3,0.75,0.75,1,178,2.1166666666666667,0.26666666666666666,1.9243324961023642,False,1,0.635
200,60,0.3,0.75,0.75,1,179,2.066666666666667,0.2833333333333333,1.922382780706162,False,0,0.62
200,60,0.3,0.75,0.75,1,180,2.05,0.3,1.909842925478428,False,0,0.6149999999999999
200,60,0.3,0.75,0.75,1,181,2.05,0.3,1.9529891619429605,False,0,0.6149999999999999
200,60,0.3,0.75,0.75,1,182,2.0166666666666666,0.3,1.936419949861657,False,0,0.605
200,60,0.3,0.75,0.75,1,183,1.9833333333333334,0.3,1.9277937879578533,False,1,0.595
200,60,0.3,0.75,0.75,1,184,1.9833333333333334,0.3,1.9450078548827394,False,2,0.595
200,60,0.3,0.75,0.75,1,185,1.9666666666666666,0.31666666666666665,1.9576062480034697,False,3,0.59
200,60,0.3,0.75,0.75,1,186,2.066666666666667,0.31666666666666665,1.990533150244482,False,4,0.62
200,60,0.3,0.75,0.75,1,187,2.15,0.3,1.9817921182606413,False,4,0.6449999999999999
200,60,0.3,0.75,0.75,1,188,2.2,0.26666666666666666,1.9476481543988722,False,5,0.66
200,60,0.3,0.75,0.75,1,189,2.2333333333333334,0.26666666666666666,1.969489499562993,False,4,0.67
200,60,0.3,0.75,0.75,1,190,2.25,0.25,1.9546952021564215,False,3,0.6749999999999999
200,60,0.3,0.75,0.75,1,191,2.2666666666666666,0.25,1.9737161790783282,False,1,0.6799999999999999
200,60,0.3,0.75,0.75,1,192,2.2666666666666666,0.25,1.9988885800753267,False,1,0.6799999999999999
200,60,0.3,0.75,0.75,1,193,2.25,0.2833333333333333,2.038177290293135,False,0,0.6749999999999999
200,60,0.3,0.75,0.75,1,194,2.2333333333333334,0.26666666666666666,2.027861489900684,False,0,0.67
200,60,0.3,0.75,0.75,1,195,2.183333333333333,0.26666666666666666,1.9789868339352055,False,0,0.6549999999999999
200,60,0.3,0.75,0.75,1,196,2.1666666666666665,0.26666666666666666,1.93362066830309,False,1,0.6499999999999999
200,60,0.3,0.75,0.75,1,197,2.1666666666666665,0.26666666666666666,1.9422209509276287,False,1,0.6499999999999999
200,60,0.3,0.75,0.75,1,198,2.1666666666666665,0.26666666666666666,1.9422209509276287,False,2,0.6499999999999999
200,60,0.3,0.75,0.75,1,199,2.2666666666666666,0.26666666666666666,2.007209228976613,False,3,0.6799999999999999
200,60,0.3,0.75,0.75,1,200,2.2333333333333334,0.26666666666666666,1.969489499562993,False,3,0.67
200,60,0.3,0.75,0.75,1,201,2.216666666666667,0.2833333333333333,1.9840334898607153,False,3,0.665
200,60,0.3,0.75,0.75,1,202,2.183333333333333,0.31666666666666665,2.012392164122645,False,4,0.6549999999999999
200,60,0.3,0.75,0.75,1,203,2.15,0.31666666666666665,1.998541134594599,False,5,0.6449999999999999
200,60,0.3,0.75,0.75,1,204,2.2,0.26666666666666666,1.9476481543988722,False,4,0.66
200,60,0.3,0.75,0.75,1,205,2.216666666666667,0.25,1.9329741045572464,False,5,0.665
200,60,0.3,0.75,0.75,1,206,2.3,0.25,1.9689252567496478,False,5,0.69
200,60,0.3,0.75,0.75,1,207,2.3,0.25,1.9941581348194697,False,4,0.69
200,60,0.3,0.75,0.75,1,208,2.283333333333333,0.25,1.9924161769625899,False,5,0.6849999999999999
200,60,0.3,0.75,0.75,1,209,2.25,0.25,1.963203164898291,False,4,0.6749999999999999
200,60,0.3,0.75,0.75,1,210,2.216666666666667,0.26666666666666666,1.9586701837953446,False,5,0.665
200,60,0.3,0.75,0.75,1,211,2.2,0.2833333333333333,1.973153144926499,False,4,0.66
200,60,0.3,0.75,0.75,1,212,2.216666666666667,0.2833333333333333,1.967160954833697,False,4,0.665
200,60,0.3,0.75,0.75,1,213,2.216666666666667,0.26666666666666666,1.9586701837953446,False,5,0.665
200,60,0.3,0.75,0.75,1,214,2.216666666666667,0.26666666666666666,1.9840334898607153,False,5,0.665
200,60,0.3,0.75,0.75,1,215,2.183333333333333,0.2833333333333333,1.987390807622452,False,5,0.6549999999999999
200,60,0.3,0.75,0.75,1,216,2.1,0.2833333333333333,1.9122412679017955,False,4,0.63
200,60,0.3,0.75,0.75,1,217,2.0833333333333335,0.26666666666666666,1.8999268991785505,False,5,0.625
200,60,0.3,0.75,0.75,1,218,2.0,0.26666666666666666,1.8618986725025255,False,4,0.6
200,60,0.3,0.75,0.75,1,219,1.9833333333333334,0.2833333333333333,1.8662946057778647,False,5,0.595
200,60,0.3,0.75,0.75,1,220,2.066666666666667,0.2833333333333333,1.8785337071473829,False,5,0.62
200,60,0.3,0.75,0.75,1,221,2.1166666666666667,0.31666666666666665,1.967160954833697,False,1,0.635
200,60,0.3,0.75,0.75,1,222,2.15,0.3,1.947862075883882,False,2,0.6449999999999999
200,60,0.3,0.75,0.75,1,223,2.1,0.26666666666666666,1.859211302317912,False,0,0.63
200,60,0.3,0.75,0.75,1,224,2.05,0.2833333333333333,1.7928097128994662,False,0,0.6149999999999999
200,60,0.3,0.75,0.75,1,225,2.1,0.25,1.7578395831246947,False,1,0.63
200,60,0.3,0.75,0.75,1,226,2.15,0.25,1.7965244223221681,False,0,0.6449999999999999
200,60,0.3,0.75,0.75,1,227,2.183333333333333,0.26666666666666666,1.8573427853312976,False,0,0.6549999999999999
200,60,0.3,0.75,0.75,1,228,2.1666666666666665,0.26666666666666666,1.8633899812498247,False,0,0.6499999999999999
200,60,0.3,0.75,0.75,1,229,2.15,0.26666666666666666,1.8603315116756296,False,0,0.6449999999999999
200,60,0.3,0.75,0.75,1,230,2.183333333333333,0.25,1.8393084449204151,False,1,0.6549999999999999
200,60,0.3,0.75,0.75,1,231,2.2333333333333334,0.23333333333333334,1.8199511592958264,False,1,0.67
200,60,0.3,0.75,0.75,1,232,2.216666666666667,0.23333333333333334,1.8082373246402759,False,0,0.665
200,60,0.3,0.75,0.75,1,233,2.183333333333333,0.25,1.8119204054139784,False,0,0.6549999999999999
200,60,0.3,0.75,0.75,1,234,2.1666666666666665,0.25,1.790406533599438,False,1,0.6499999999999999
200,60,0.3,0.75,0.75,1,235,2.183333333333333,0.25,1.830224637093005,False,0,0.6549999999999999
200,60,0.3,0.75,0.75,1,236,2.1666666666666665,0.23333333333333334,1.818118685772619,False,1,0.6499999999999999
200,60,0.3,0.75,0.75,1,237,2.1333333333333333,0.25,1.7838784213679535,False,0,0.64
200,60,0.3,0.75,0.75,1,238,2.183333333333333,0.23333333333333334,1.793429365458503,False,1,0.6549999999999999
200,60,0.3,0.75,0.75,1,239,2.25,0.25,1.894069692487581,False,1,0.6749999999999999
200,60,0.3,0.75,0.75,1,240,2.283333333333333,0.25,1.9243324961023642,False,2,0.6849999999999999
200,60,0.3,0.75,0.75,1,241,2.2666666666666666,0.25,1.922382780706162,False,0,0.6799999999999999
200,60,0.3,0.75,0.75,1,242,2.283333333333333,0.21666666666666667,1.8893708535441691,False,0,0.6849999999999999
200,60,0.3,0.75,0.75,1,243,2.2,0.25,1.8690461025168248,False,0,0.66
200,60,0.3,0.75,0.75,1,244,2.1333333333333333,0.2833333333333333,1.8390818965511628,False,1,0.64
200,60,0.3,0.75,0.75,1,245,2.1,0.31666666666666665,1.885912687975418,False,1,0.63
200,60,0.3,0.75,0.75,1,246,2.1333333333333333,0.26666666666666666,1.8660713336371206,False,0,0.64
200,60,0.3,0.75,0.75,1,247,2.216666666666667,0.26666666666666666,1.8716451468041573,False,0,0.665
200,60,0.3,0.75,0.75,1,248,2.25,0.25,1.8585388526115527,False,1,0.6749999999999999
200,60,0.3,0.75,0.75,1,249,2.25,0.25,1.8585388526115527,False,1,0.6749999999999999
200,60,0.3,0.75,0.75,1,250,2.25,0.25,1.8585388526115527,False,2,0.6749999999999999
200,60,0.3,0.75,0.75,1,251,2.2333333333333334,0.25,1.8651779778050375,False,3,0.67
200,60,0.3,0.75,0.75,1,252,2.2333333333333334,0.26666666666666666,1.891795149821695,False,3,0.67
200,60,0.3,0.75,0.75,1,253,2.2,0.2833333333333333,1.9043809142780934,False,4,0.66
200,60,0.3,0.75,0.75,1,254,2.1666666666666665,0.25,1.827262676488766,False,4,0.6499999999999999
200,60,0.3,0.75,0.75,1,255,2.15,0.25,1.8149839301400623,False,5,0.6449999999999999
200,60,0.3,0.75,0.75,1,256,2.0833333333333335,0.26666666666666666,1.7915697648214044,False,1,0.625
200,60,0.3,0.75,0.75,1,257,2.1166666666666667,0.26666666666666666,1.8174310318566578,False,2,0.635
200,60,0.3,0.75,0.75,1,258,2.1166666666666667,0.2833333333333333,1.8716451468041573,False,0,0.635
200,60,0.3,0.75,0.75,1,259,2.0833333333333335,0.2833333333333333,1.8374952758820604,False,1,0.625
200,60,0.3,0.75,0.75,1,260,2.0166666666666666,0.2833333333333333,1.793429365458503,False,0,0.605
200,60,0.3,0.75,0.75,1,261,2.1333333333333333,0.26666666666666666,1.8116904322268257,False,1,0.64
200,60,0.3,0.75,0.75,1,262,2.1333333333333333,0.2833333333333333,1.829996964174774,False,1,0.64
200,60,0.3,0.75,0.75,1,263,2.1333333333333333,0.26666666666666666,1.8208667044996885,False,2,0.64
200,60,0.3,0.75,0.75,1,264,2.1333333333333333,0.26666666666666666,1.8390818965511628,False,3,0.64
200,60,0.3,0.75,0.75,1,265,2.216666666666667,0.26666666666666666,1.8981716349043771,False,4,0.665
200,60,0.3,0.75,0.75,1,266,2.25,0.26666666666666666,1.9289461717044707,False,5,0.6749999999999999
200,60,0.3,0.75,0.75,1,267,2.216666666666667,0.26666666666666666,1.9069317997476702,False,5,0.665
200,60,0.3,0.75,0.75,1,268,2.2,0.26666666666666666,1.913112646970899,False,5,0.66
200,60,0.3,0.75,0.75,1,269,2.1166666666666667,0.2833333333333333,1.8981716349043771,False,4,0.635
200,60,0.3,0.75,0.75,1,270,2.1166666666666667,0.26666666666666666,1.880528885417315,False,5,0.635
200,60,0.3,0.75,0.75,1,271,2.0833333333333335,0.26666666666666666,1.8192641980268347,False,5,0.625
200,60,0.3,0.75,0.75,1,272,2.05,0.26666666666666666,1.8204852832875817,False,5,0.6149999999999999
200,60,0.3,0.75,0.75,1,273,2.033333333333333,0.25,1.7792008193443358,False,4,0.61
200,60,0.3,0.75,0.75,1,274,2.05,0.25,1.8296174463531987,False,4,0.6149999999999999
200,60,0.3,0.75,0.75,1,275,2.0833333333333335,0.21666666666666667,1.8008485654145259,False,5,0.625
200,60,0.3,0.75,0.75,1,276,2.0833333333333335,0.21666666666666667,1.7915697648214044,False,5,0.625
200,60,0.3,0.75,0.75,1,277,2.066666666666667,0.23333333333333334,1.796910929592474,False,4,0.62
200,60,0.3,0.75,0.75,1,278,2.0833333333333335,0.23333333333333334,1.8284024599511879,False,4,0.625
200,60,0.3,0.75,0.75,1,279,2.05,0.23333333333333334,1.8113070786957504,False,2,0.6149999999999999
200,60,0.3,0.75,0.75,1,280,2.0833333333333335,0.23333333333333334,1.8645076800294733,False,3,0.625
200,60,0.3,0.75,0.75,1,281,2.066666666666667,0.23333333333333334,1.8517259216441533,False,4,0.62
200,60,0.3,0.75,0.75,1,282,2.033333333333333,0.25,1.8436075745366445,False,5,0.61
200,60,0.3,0.75,0.75,1,283,2.05,0.23333333333333334,1.8113070786957504,False,5,0.6149999999999999
200,60,0.3,0.75,0.75,1,284,2.05,0.25,1.8387042539063572,False,4,0.6149999999999999
200,60,0.3,0.75,0.75,1,285,2.1,0.25,1.859211302317912,False,4,0.63
200,60,0.3,0.75,0.75,1,286,2.183333333333333,0.25,1.9016805433323676,False,4,0.6549999999999999
200,60,0.3,0.75,0.75,1,287,2.183333333333333,0.2833333333333333,1.9535580075566963,False,1,0.6549999999999999
200,60,0.3,0.75,0.75,1,288,2.2,0.26666666666666666,1.96468827043885,False,0,0.66
200,60,0.3,0.75,0.75,1,289,2.2,0.23333333333333334,1.8956089610817242,False,0,0.66
200,60,0.3,0.75,0.75,1,290,2.1,0.26666666666666666,1.903505538035898,False,0,0.63
200,60,0.3,0.75,0.75,1,291,2.1,0.25,1.903505538035898,False,0,0.63
200,60,0.3,0.75,0.75,1,292,2.1666666666666665,0.23333333333333334,1.8544241394268164,False,0,0.6499999999999999
200,60,0.3,0.75,0.75,1,293,2.0833333333333335,0.26666666666666666,1.8465433171800283,False,1,0.625
200,60,0.3,0.75,0.75,1,294,2.033333333333333,0.25,1.7885437900395083,False,0,0.61
200,60,0.3,0.75,0.75,1,295,2.05,0.25,1.745709025009609,False,1,0.6149999999999999
200,60,0.3,0.75,0.75,1,296,2.0166666666666666,0.25,1.7174755375906297,False,0,0.605
200,60,0.3,0.75,0.75,1,297,2.033333333333333,0.25,1.7508727982225196,False,0,0.61
200,60,0.3,0.75,0.75,1,298,2.0,0.2833333333333333,1.7795130420052185,False,1,0.6
200,60,0.3,0.75,0.75,1,299,1.9833333333333334,0.3,1.793429365458503,False,1,0.595
200,60,0.3,0.75,0.75,1,300,1.9333333333333333,0.2833333333333333,1.730767331432956,False,0,0.58
200,60,0.3,0.75,0.75,1,301,2.0,0.26666666666666666,1.7416467303484175,False,0,0.6
200,60,0.3,0.75,0.75,1,302,2.0833333333333335,0.26666666666666666,1.7728664799007159,False,0,0.625
200,60,0.3,0.75,0.75,1,303,2.183333333333333,0.25,1.7841119795448814,False,1,0.6549999999999999
200,60,0.3,0.75,0.75,1,304,2.183333333333333,0.23333333333333334,1.7558631938609441,False,0,0.6549999999999999
200,60,0.3,0.75,0.75,1,305,2.2,0.21666666666666667,1.7301252363147974,False,0,0.66
200,60,0.3,0.75,0.75,1,306,2.216666666666667,0.21666666666666667,1.7520622769246024,False,1,0.665
200,60,0.3,0.75,0.75,1,307,2.2333333333333334,0.21666666666666667,1.754676291766914,False,2,0.67
200,60,0.3,0.75,0.75,1,308,2.183333333333333,0.25,1.7747456781810238,False,1,0.6549999999999999
200,60,0.3,0.75,0.75,1,309,2.15,0.2833333333333333,1.8332575741922719,False,0,0.6449999999999999
200,60,0.3,0.75,0.75,1,310,2.1666666666666665,0.23333333333333334,1.7810733343190062,False,1,0.6499999999999999
200,60,0.3,0.75,0.75,1,311,2.1333333333333333,0.25,1.8208667044996885,False,0,0.64
200,60,0.3,0.75,0.75,1,312,2.066666666666667,0.25,1.7876116903722563,False,1,0.62
200,60,0.3,0.75,0.75,1,313,2.05,0.26666666666666666,1.7741194999210173,False,1,0.6149999999999999
200,60,0.3,0.75,0.75,1,314,2.066666666666667,0.25,1.7594190960528864,False,1,0.62
200,60,0.3,0.75,0.75,1,315,2.05,0.25,1.7168284713389395,False,1,0.6149999999999999
200,60,0.3,0.75,0.75,1,316,2.066666666666667,0.26666666666666666,1.7688665548562132,False,2,0.62
200,60,0.3,0.75,0.75,1,317,2.066666666666667,0.26666666666666666,1.796910929592474,False,3,0.62
200,60,0.3,0.75,0.75,1,318,2.066666666666667,0.26666666666666666,1.7688665548562132,False,4,0.62
200,60,0.3,0.75,0.75,1,319,2.0833333333333335,0.25,1.7634404504326826,False,5,0.625
200,60,0.3,0.75,0.75,1,320,2.0833333333333335,0.23333333333333334,1.7348551012180302,False,2,0.625
200,60,0.3,0.75,0.75,1,321,2.1,0.23333333333333334,1.7,False,1,0.63
200,60,0.3,0.75,0.75,1,322,2.15,0.18333333333333332,1.661575557515617,False,2,0.6449999999999999
200,60,0.3,0.75,0.75,1,323,2.183333333333333,0.18333333333333332,1.6682492486302984,False,3,0.6549999999999999
200,60,0.3,0.75,0.75,1,324,2.25,0.2,1.7665880485651808,False,1,0.6749999999999999
200,60,0.3,0.75,0.75,1,325,2.2333333333333334,0.21666666666666667,1.810770247405476,False,1,0.67
200,60,0.3,0.75,0.75,1,326,2.216666666666667,0.2,1.7803713719958043,False,1,0.665
200,60,0.3,0.75,0.75,1,327,2.2333333333333334,0.18333333333333332,1.7355754729259751,False,2,0.67
200,60,0.3,0.75,0.75,1,328,2.1666666666666665,0.23333333333333334,1.7432409153323842,False,2,0.6499999999999999
200,60,0.3,0.75,0.75,1,329,2.1,0.25,1.767295485574875,False,2,0.63
200,60,0.3,0.75,0.75,1,330,2.05,0.25,1.7741194999210173,False,3,0.6149999999999999
200,60,0.3,0.75,0.75,1,331,2.0833333333333335,0.25,1.7728664799007159,False,4,0.625
200,60,0.3,0.75,0.75,1,332,2.1333333333333333,0.26666666666666666,1.8208667044996885,False,5,0.64
200,60,0.3,0.75,0.75,1,333,2.1333333333333333,0.2833333333333333,1.8749814813900312,False,5,0.64
200,60,0.3,0.75,0.75,1,334,2.15,0.23333333333333334,1.8332575741922719,False,5,0.6449999999999999
200,60,0.3,0.75,0.75,1,335,2.05,0.2833333333333333,1.8204852832875817,False,5,0.6149999999999999
200,60,0.3,0.75,0.75,1,336,1.9666666666666666,0.3,1.7978382080215733,False,4,0.59
200,60,0.3,0.75,0.75,1,337,1.9166666666666667,0.3,1.7539637649874324,False,4,0.575
200,60,0.3,0.75,0.75,1,338,2.033333333333333,0.3,1.8436075745366445,False,3,0.61
200,60,0.3,0.75,0.75,1,339,2.066666666666667,0.3,1.8336363385966756,False,4,0.62
200,60,0.3,0.75,0.75,1,340,2.05,0.26666666666666666,1.7834890897713205,False,5,0.6149999999999999
200,60,0.3,0.75,0.75,1,341,2.033333333333333,0.2833333333333333,1.8162843634433703,False,2,0.61
200,60,0.3,0.75,0.75,1,342,2.033333333333333,0.26666666666666666,1.834545054108935,False,1,0.61
200,60,0.3,0.75,0.75,1,343,2.033333333333333,0.26666666666666666,1.8526257642120338,False,0,0.61
200,60,0.3,0.75,0.75,1,344,2.15,0.23333333333333334,1.851350858157362,False,1,0.6449999999999999
200,60,0.3,0.75,0.75,1,345,2.1333333333333333,0.25,1.829996964174774,False,2,0.64
200,60,0.3,0.75,0.75,1,346,2.033333333333333,0.2833333333333333,1.8436075745366445,False,2,0.61
200,60,0.3,0.75,0.75,1,347,2.0,0.2833333333333333,1.834847859269718,False,3,0.6
200,60,0.3,0.75,0.75,1,348,1.9333333333333333,0.26666666666666666,1.7113996870657915,False,3,0.58
200,60,0.3,0.75,0.75,1,349,2.0,0.26666666666666666,1.7795130420052185,False,4,0.6
200,60,0.3,0.75,0.75,1,350,1.9833333333333334,0.26666666666666666,1.7841119795448814,False,5,0.595
200,60,0.3,0.75,0.75,1,351,1.9666666666666666,0.25,1.7413277182145301,False,5,0.59
200,60,0.3,0.75,0.75,1,352,1.9833333333333334,0.26666666666666666,1.8026985943918141,False,5,0.595
200,60,0.3,0.75,0.75,1,353,2.033333333333333,0.26666666666666666,1.8070848224573066,False,5,0.61
200,60,0.3,0.75,0.75,1,354,2.05,0.3,1.8923089952048882,False,5,0.6149999999999999
200,60,0.3,0.75,0.75,1,355,2.066666666666667,0.3,1.9049642749639397,False,4,0.62
200,60,0.3,0.75,0.75,1,356,2.05,0.31666666666666665,1.9185497995447847,False,2,0.6149999999999999
200,60,0.3,0.75,0.75,1,357,2.0833333333333335,0.3333333333333333,1.9603712800272186,False,0,0.625
200,60,0.3,0.75,0.75,1,358,2.1,0.31666666666666665,1.9553345834749953,False,0,0.63
200,60,0.3,0.75,0.75,1,359,2.1,0.31666666666666665,1.963839776220725,False,0,0.63
200,60,0.3,0.75,0.75,1,360,2.0833333333333335,0.3,1.9603712800272186,False,0,0.625
200,60,0.3,0.75,0.75,1,361,1.9666666666666666,0.31666666666666665,1.9145640641032504,False,0,0.59
200,60,0.3,0.75,0.75,1,362,1.9166666666666667,0.3,1.8465433171800283,False,1,0.575
200,60,0.3,0.75,0.75,1,363,1.8166666666666667,0.3,1.7841119795448814,False,0,0.5449999999999999
200,60,0.3,0.75,0.75,1,364,1.8333333333333333,0.26666666666666666,1.7527755766846542,False,0,0.5499999999999999
200,60,0.3,0.75,0.75,1,365,1.8166666666666667,0.26666666666666666,1.7174755375906297,False,0,0.5449999999999999
200,60,0.3,0.75,0.75,1,366,1.7833333333333334,0.25,1.6841582137343536,False,0,0.535
200,60,0.3,0.75,0.75,1,367,1.75,0.25,1.6393596310755,False,1,0.525
200,60,0.3,0.75,0.75,1,368,1.7666666666666666,0.25,1.6162370563200876,False,0,0.5299999999999999
200,60,0.3,0.75,0.75,1,369,1.8333333333333333,0.25,1.6649991658322902,False,0,0.5499999999999999
200,60,0.3,0.75,0.75,1,370,1.8666666666666667,0.2833333333333333,1.7172329163188345,False,0,0.5599999999999999
200,60,0.3,0.75,0.75,1,371,1.9333333333333333,0.25,1.7016332024133625,False,0,0.58
200,60,0.3,0.75,0.75,1,372,1.9333333333333333,0.25,1.7211107524567448,False,0,0.58
200,60,0.3,0.75,0.75,1,373,2.05,0.23333333333333334,1.7552302792891117,False,1,0.6149999999999999
200,60,0.3,0.75,0.75,1,374,2.1333333333333333,0.21666666666666667,1.7650936393164969,False,1,0.64
200,60,0.3,0.75,0.75,1,375,2.1333333333333333,0.23333333333333334,1.793197020841702,False,2,0.64
200,60,0.3,0.75,0.75,1,376,2.183333333333333,0.2,1.7653296827756817,False,3,0.6549999999999999
200,60,0.3,0.75,0.75,1,377,2.183333333333333,0.21666666666666667,1.8026985943918141,False,0,0.6549999999999999
200,60,0.3,0.75,0.75,1,378,2.183333333333333,0.21666666666666667,1.8210955188811182,False,1,0.6549999999999999
200,60,0.3,0.75,0.75,1,379,2.1,0.25,1.859211302317912,False,1,0.63
200,60,0.3,0.75,0.75,1,380,2.1666666666666665,0.23333333333333334,1.8544241394268164,False,1,0.6499999999999999
200,60,0.3,0.75,0.75,1,381,2.1166666666666667,0.21666666666666667,1.8356803159107584,False,1,0.635
200,60,0.3,0.75,0.75,1,382,2.0833333333333335,0.21666666666666667,1.8284024599511879,False,2,0.625
200,60,0.3,0.75,0.75,1,383,2.033333333333333,0.23333333333333334,1.7978382080215733,False,3,0.61
200,60,0.3,0.75,0.75,1,384,2.1166666666666667,0.2,1.7989966339292824,False,4,0.635
200,60,0.3,0.75,0.75,1,385,2.183333333333333,0.2,1.793429365458503,False,5,0.6549999999999999
200,60,0.3,0.75,0.75,1,386,2.1333333333333333,0.2,1.7745108872274886,False,5,0.64
200,60,0.3,0.75,0.75,1,387,2.05,0.2,1.6874537030686205,False,3,0.6149999999999999
200,60,0.3,0.75,0.75,1,388,1.9833333333333334,0.2,1.5651588488783565,False,1,0.595
200,60,0.3,0.75,0.75,1,389,2.0166666666666666,0.2,1.5757714160231349,False,1,0.605
200,60,0.3,0.75,0.75,1,390,2.066666666666667,0.21666666666666667,1.6619934483090546,False,1,0.62
200,60,0.3,0.75,0.75,1,391,2.0833333333333335,0.21666666666666667,1.6762226052115579,False,0,0.625
200,60,0.3,0.75,0.75,1,392,2.066666666666667,0.21666666666666667,1.6918103387266028,False,0,0.62
200,60,0.3,0.75,0.75,1,393,2.0166666666666666,0.23333333333333334,1.7367754284561054,False,0,0.605
200,60,0.3,0.75,0.75,1,394,2.066666666666667,0.21666666666666667,1.7499206331208916,False,0,0.62
200,60,0.3,0.75,0.75,1,395,2.033333333333333,0.2,1.7220788470785986,False,1,0.61
200,60,0.3,0.75,0.75,1,396,1.9833333333333334,0.2,1.6782100252617038,False,2,0.595
200,60,0.3,0.75,0.75,1,397,1.9333333333333333,0.25,1.7016332024133625,False,3,0.58
200,60,0.3,0.75,0.75,1,398,1.9333333333333333,0.25,1.6918103387266028,False,3,0.58
200,60,0.3,0.75,0.75,1,399,1.8833333333333333,0.25,1.6542034000959158,False,4,0.565
200,60,0.3,0.75,0.75,1,400,1.9833333333333334,0.26666666666666666,1.697956287881274,False,5,0.595
200,60,0.3,1.0,1.0,1,1,2.3333333333333335,0.08333333333333333,1.286683937707919,False,4,0.7000000000000001
200,60,0.3,1.0,1.0,1,2,2.3333333333333335,0.08333333333333333,1.286683937707919,False,3,0.7000000000000001
200,60,0.3,1.0,1.0,1,3,2.3333333333333335,0.08333333333333333,1.286683937707919,False,1,0.7000000000000001
200,60,0.3,1.0,1.0,1,4,2.3333333333333335,0.08333333333333333,1.286683937707919,False,2,0.7000000000000001
200,60,0.3,1.0,1.0,1,5,2.3333333333333335,0.08333333333333333,1.286683937707919,False,3,0.7000000000000001
200,60,0.3,1.0,1.0,1,6,2.3333333333333335,0.08333333333333333,1.286683937707919,False,3,0.7000000000000001
200,60,0.3,1.0,1.0,1,7,2.3333333333333335,0.08333333333333333,1.286683937707919,False,2,0.7000000000000001
200,60,0.3,1.0,1.0,1,8,2.3333333333333335,0.08333333333333333,1.286683937707919,False,3,0.7000000000000001
200,60,0.3,1.0,1.0,1,9,2.3333333333333335,0.08333333333333333,1.286683937707919,False,4,0.7000000000000001
200,60,0.3,1.0,1.0,1,10,2.3333333333333335,0.08333333333333333,1.286683937707919,False,5,0.7000000000000001
200,60,0.3,1.0,1.0,1,11,2.3333333333333335,0.08333333333333333,1.286683937707919,False,3,0.7000000000000001
200,60,0.3,1.0,1.0,1,12,2.3333333333333335,0.08333333333333333,1.286683937707919,False,1,0.7000000000000001
200,60,0.3,1.0,1.0,1,13,2.3333333333333335,0.08333333333333333,1.286683937707919,False,0,0.7000000000000001
200,60,0.3,1.0,1.0,1,14,2.3333333333333335,0.08333333333333333,1.286683937707919,False,1,0.7000000000000001
200,60,0.3,1.0,1.0,1,15,2.3333333333333335,0.08333333333333333,1.286683937707919,False,1,0.7000000000000001
200,60,0.3,1.0,1.0,1,16,2.3333333333333335,0.08333333333333333,1.286683937707919,False,2,0.7000000000000001
200,60,0.3,1.0,1.0,1,17,2.3333333333333335,0.08333333333333333,1.286683937707919,False,2,0.7000000000000001
200,60,0.3,1.0,1.0,1,18,2.3333333333333335,0.08333333333333333,1.286683937707919,False,2,0.7000000000000001
200,60,0.3,1.0,1.0,1,19,2.3333333333333335,0.08333333333333333,1.286683937707919,False,0,0.7000000000000001
200,60,0.3,1.0,1.0,1,20,2.3333333333333335,0.08333333333333333,1.286683937707919,False,1,0.7000000000000001
200,60,0.3,1.0,1.0,1,21,2.3333333333333335,0.08333333333333333,1.286683937707919,False,2,0.7000000000000001
200,60,0.3,1.0,1.0,1,22,2.3333333333333335,0.08333333333333333,1.286683937707919,False,3,0.7000000000000001
200,60,0.3,1.0,1.0,1,23,2.3333333333333335,0.08333333333333333,1.286683937707919,False,3,0.7000000000000001
200,60,0.3,1.0,1.0,1,24,2.3333333333333335,0.08333333333333333,1.286683937707919,False,1,0.7000000000000001
200,60,0.3,1.0,1.0,1,25,2.3333333333333335,0.08333333333333333,1.286683937707919,False,2,0.7000000000000001
200,60,0.3,1.0,1.0,1,26,2.3333333333333335,0.08333333333333333,1.286683937707919,False,2,0.7000000000000001
200,60,0.3,1.0,1.0,1,27,2.3333333333333335,0.08333333333333333,1.286683937707919,False,3,0.7000000000000001
200,60,0.3,1.0,1.0,1,28,2.3333333333333335,0.08333333333333333,1.286683937707919,False,4,0.7000000000000001
200,60,0.3,1.0,1.0,1,29,2.3333333333333335,0.08333333333333333,1.286683937707919,False,3,0.7000000000000001
200,60,0.3,1.0,1.0,1,30,2.3333333333333335,0.08333333333333333,1.286683937707919,False,2,0.7000000000000001
200,60,0.3,1.0,1.0,1,31,2.3333333333333335,0.08333333333333333,1.286683937707919,False,1,0.7000000000000001
200,60,0.3,1.0,1.0,1,32,2.3333333333333335,0.08333333333333333,1.286683937707919,False,2,0.7000000000000001
200,60,0.3,1.0,1.0,1,33,2.3333333333333335,0.08333333333333333,1.286683937707919,False,3,0.7000000000000001
200,60,0.3,1.0,1.0,1,34,2.3333333333333335,0.08333333333333333,1.286683937707919,False,2,0.7000000000000001
200,60,0.3,1.0,1.0,1,35,2.3333333333333335,0.08333333333333333,1.286683937707919,False,3,0.7000000000000001
200,60,0.3,1.0,1.0,1,36,2.3333333333333335,0.08333333333333333,1.286683937707919,False,4,0.7000000000000001
200,60,0.3,1.0,1.0,1,37,2.3333333333333335,0.08333333333333333,1.286683937707919,False,4,0.7000000000000001
200,60,0.3,1.0,1.0,1,38,2.3333333333333335,0.08333333333333333,1.286683937707919,False,1,0.7000000000000001
200,60,0.3,1.0,1.0,1,39,2.3333333333333335,0.08333333333333333,1.286683937707919,False,0,0.7000000000000001
200,60,0.3,1.0,1.0,1,40,2.3333333333333335,0.08333333333333333,1.286683937707919,False,1,0.7000000000000001
200,60,0.3,1.0,1.0,1,41,2.3333333333333335,0.08333333333333333,1.286683937707919,False,2,0.7000000000000001
200,60,0.3,1.0,1.0,1,42,2.3333333333333335,0.08333333333333333,1.286683937707919,False,3,0.7000000000000001
200,60,0.3,1.0,1.0,1,43,2.3333333333333335,0.08333333333333333,1.286683937707919,False,1,0.7000000000000001
200,60,0.3,1.0,1.0,1,44,2.3333333333333335,0.08333333333333333,1.286683937707919,False,0,0.7000000000000001
200,60,0.3,1.0,1.0,1,45,2.3333333333333335,0.08333333333333333,1.286683937707919,False,1,0.7000000000000001
200,60,0.3,1.0,1.0,1,46,2.3333333333333335,0.08333333333333333,1.286683937707919,False,2,0.7000000000000001
200,60,0.3,1.0,1.0,1,47,2.3333333333333335,0.08333333333333333,1.286683937707919,False,3,0.7000000000000001
200,60,0.3,1.0,1.0,1,48,2.3333333333333335,0.08333333333333333,1.286683937707919,False,4,0.7000000000000001
200,60,0.3,1.0,1.0,1,49,2.3333333333333335,0.08333333333333333,1.286683937707919,False,5,0.7000000000000001
200,60,0.3,1.0,1.0,1,50,2.3333333333333335,0.08333333333333333,1.286683937707919,False,3,0.7000000000000001
200,60,0.3,1.0,1.0,1,51,2.3333333333333335,0.08333333333333333,1.286683937707919,False,3,0.7000000000000001
200,60,0.3,1.0,1.0,1,52,2.3333333333333335,0.08333333333333333,1.286683937707919,False,3,0.7000000000000001
200,60,0.3,1.0,1.0,1,53,2.3333333333333335,0.08333333333333333,1.286683937707919,False,3,0.7000000000000001
200,60,0.3,1.0,1.0,1,54,2.3333333333333335,0.08333333333333333,1.286683937707919,False,4,0.7000000000000001
200,60,0.3,1.0,1.0,1,55,2.3333333333333335,0.08333333333333333,1.286683937707919,False,5,0.7000000000000001
200,60,0.3,1.0,1.0,1,56,2.3333333333333335,0.08333333333333333,1.286683937707919,False,3,0.7000000000000001
200,60,0.3,1.0,1.0,1,57,2.3333333333333335,0.08333333333333333,1.286683937707919,False,0,0.7000000000000001
200,60,0.3,1.0,1.0,1,58,2.3333333333333335,0.08333333333333333,1.286683937707919,False,1,0.7000000000000001
200,60,0.3,1.0,1.0,1,59,2.3333333333333335,0.08333333333333333,1.286683937707919,False,2,0.7000000000000001
200,60,0.3,1.0,1.0,1,60,2.3333333333333335,0.08333333333333333,1.286683937707919,False,3,0.7000000000000001
200,60,0.3,1.0,1.0,1,61,2.3333333333333335,0.08333333333333333,1.286683937707919,False,4,0.7000000000000001
200,60,0.3,1.0,1.0,1,62,2.3333333333333335,0.08333333333333333,1.286683937707919,False,3,0.7000000000000001
200,60,0.3,1.0,1.0,1,63,2.3333333333333335,0.08333333333333333,1.286683937707919,False,1,0.7000000000000001
200,60,0.3,1.0,1.0,1,64,2.3333333333333335,0.08333333333333333,1.286683937707919,False,2,0.7000000000000001
200,60,0.3,1.0,1.0,1,65,2.3333333333333335,0.08333333333333333,1.286683937707919,False,3,0.7000000000000001
200,60,0.3,1.0,1.0,1,66,2.3333333333333335,0.08333333333333333,1.286683937707919,False,3,0.7000000000000001
200,60,0.3,1.0,1.0,1,67,2.3333333333333335,0.08333333333333333,1.286683937707919,False,2,0.7000000000000001
200,60,0.3,1.0,1.0,1,68,2.3333333333333335,0.08333333333333333,1.286683937707919,False,3,0.7000000000000001
200,60,0.3,1.0,1.0,1,69,2.3333333333333335,0.08333333333333333,1.286683937707919,False,4,0.7000000000000001
200,60,0.3,1.0,1.0,1,70,2.3333333333333335,0.08333333333333333,1.286683937707919,False,5,0.7000000000000001
200,60,0.3,1.0,1.0,1,71,2.3333333333333335,0.08333333333333333,1.286683937707919,False,3,0.7000000000000001
200,60,0.3,1.0,1.0,1,72,2.3333333333333335,0.08333333333333333,1.286683937707919,False,1,0.7000000000000001
200,60,0.3,1.0,1.0,1,73,2.3333333333333335,0.08333333333333333,1.286683937707919,False,0,0.7000000000000001
200,60,0.3,1.0,1.0,1,74,2.3333333333333335,0.08333333333333333,1.286683937707919,False,1,0.7000000000000001
200,60,0.3,1.0,1.0,1,75,2.3333333333333335,0.08333333333333333,1.286683937707919,False,1,0.7000000000000001
200,60,0.3,1.0,1.0,1,76,2.3333333333333335,0.08333333333333333,1.286683937707919,False,2,0.7000000000000001
200,60,0.3,1.0,1.0,1,77,2.3333333333333335,0.08333333333333333,1.286683937707919,False,2,0.7000000000000001
200,60,0.3,1.0,1.0,1,78,2.3333333333333335,0.08333333333333333,1.286683937707919,False,2,0.7000000000000001
200,60,0.3,1.0,1.0,1,79,2.3333333333333335,0.08333333333333333,1.286683937707919,False,0,0.7000000000000001
200,60,0.3,1.0,1.0,1,80,2.3333333333333335,0.08333333333333333,1.286683937707919,False,1,0.7000000000000001
200,60,0.3,1.0,1.0,1,81,2.3333333333333335,0.08333333333333333,1.286683937707919,False,2,0.7000000000000001
200,60,0.3,1.0,1.0,1,82,2.3333333333333335,0.08333333333333333,1.286683937707919,False,3,0.7000000000000001
200,60,0.3,1.0,1.0,1,83,2.3333333333333335,0.08333333333333333,1.286683937707919,False,3,0.7000000000000001
200,60,0.3,1.0,1.0,1,84,2.3333333333333335,0.08333333333333333,1.286683937707919,False,1,0.7000000000000001
200,60,0.3,1.0,1.0,1,85,2.3333333333333335,0.08333333333333333,1.286683937707919,False,2,0.7000000000000001
200,60,0.3,1.0,1.0,1,86,2.3333333333333335,0.08333333333333333,1.286683937707919,False,2,0.7000000000000001
200,60,0.3,1.0,1.0,1,87,2.3333333333333335,0.08333333333333333,1.286683937707919,False,3,0.7000000000000001
200,60,0.3,1.0,1.0,1,88,2.3333333333333335,0.08333333333333333,1.286683937707919,False,4,0.7000000000000001
200,60,0.3,1.0,1.0,1,89,2.3333333333333335,0.08333333333333333,1.286683937707919,False,3,0.7000000000000001
200,60,0.3,1.0,1.0,1,90,2.3333333333333335,0.08333333333333333,1.286683937707919,False,2,0.7000000000000001
200,60,0.3,1.0,1.0,1,91,2.3333333333333335,0.08333333333333333,1.286683937707919,False,1,0.7000000000000001
200,60,0.3,1.0,1.0,1,92,2.3333333333333335,0.08333333333333333,1.286683937707919,False,2,0.7000000000000001
200,60,0.3,1.0,1.0,1,93,2.3333333333333335,0.08333333333333333,1.286683937707919,False,3,0.7000000000000001
200,60,0.3,1.0,1.0,1,94,2.3333333333333335,0.08333333333333333,1.286683937707919,False,2,0.7000000000000001
200,60,0.3,1.0,1.0,1,95,2.3333333333333335,0.08333333333333333,1.286683937707919,False,3,0.7000000000000001
200,60,0.3,1.0,1.0,1,96,2.3333333333333335,0.08333333333333333,1.286683937707919,False,4,0.7000000000000001
200,60,0.3,1.0,1.0,1,97,2.3333333333333335,0.08333333333333333,1.286683937707919,False,4,0.7000000000000001
200,60,0.3,1.0,1.0,1,98,2.3333333333333335,0.08333333333333333,1.286683937707919,False,1,0.7000000000000001
200,60,0.3,1.0,1.0,1,99,2.3333333333333335,0.08333333333333333,1.286683937707919,False,0,0.7000000000000001
200,60,0.3,1.0,1.0,1,100,2.316666666666667,0.1,1.3101102582946555,True,0,0.6950000000000001
200,60,0.3,1.0,1.0,1,101,2.283333333333333,0.11666666666666667,1.3427790419706274,True,0,0.6849999999999999
200,60,0.3,1.0,1.0,1,102,2.2333333333333334,0.13333333333333333,1.3707256796634726,True,0,0.67
200,60,0.3,1.0,1.0,1,103,2.216666666666667,0.15,1.391541910575779,True,0,0.665
200,60,0.3,1.0,1.0,1,104,2.216666666666667,0.15,1.391541910575779,True,0,0.665
200,60,0.3,1.0,1.0,1,105,2.2,0.16666666666666666,1.4118545723031581,True,0,0.66
200,60,0.3,1.0,1.0,1,106,2.1666666666666665,0.18333333333333332,1.4395215254459457,True,0,0.6499999999999999
200,60,0.3,1.0,1.0,1,107,2.1166666666666667,0.2,1.4616391103445778,True,0,0.635
200,60,0.3,1.0,1.0,1,108,2.066666666666667,0.2,1.4476033833738977,False,1,0.62
200,60,0.3,1.0,1.0,1,109,2.0166666666666666,0.2,1.3963245404354327,False,2,0.605
200,60,0.3,1.0,1.0,1,110,2.0166666666666666,0.2,1.3963245404354327,False,3,0.605
200,60,0.3,1.0,1.0,1,111,2.033333333333333,0.2,1.4138206706965664,False,4,0.61
200,60,0.3,1.0,1.0,1,112,2.066666666666667,0.2,1.4590712418826193,False,5,0.62
200,60,0.3,1.0,1.0,1,113,2.1,0.2,1.5022205785658331,False,5,0.63
200,60,0.3,1.0,1.0,1,114,2.1166666666666667,0.2,1.5285250697613333,False,5,0.635
200,60,0.3,1.0,1.0,1,115,2.1166666666666667,0.2,1.5285250697613333,False,5,0.635
200,60,0.3,1.0,1.0,1,116,2.15,0.2,1.5687043486053494,False,5,0.6449999999999999
200,60,0.3,1.0,1.0,1,117,2.2333333333333334,0.18333333333333332,1.5849991237291654,False,5,0.67
200,60,0.3,1.0,1.0,1,118,2.3,0.18333333333333332,1.6155494421403511,False,5,0.69
200,60,0.3,1.0,1.0,1,119,2.3333333333333335,0.18333333333333332,1.6295875415440422,False,4,0.7000000000000001
200,60,0.3,1.0,1.0,1,120,2.3333333333333335,0.18333333333333332,1.6295875415440422,False,3,0.7000000000000001
200,60,0.3,1.0,1.0,1,121,2.3333333333333335,0.18333333333333332,1.6295875415440422,False,4,0.7000000000000001
200,60,0.3,1.0,1.0,1,122,2.3333333333333335,0.18333333333333332,1.6295875415440422,False,3,0.7000000000000001
200,60,0.3,1.0,1.0,1,123,2.3333333333333335,0.18333333333333332,1.6295875415440422,False,1,0.7000000000000001
200,60,0.3,1.0,1.0,1,124,2.3333333333333335,0.18333333333333332,1.6295875415440422,False,2,0.7000000000000001
200,60,0.3,1.0,1.0,1,125,2.3333333333333335,0.18333333333333332,1.6295875415440422,False,3,0.7000000000000001
200,60,0.3,1.0,1.0,1,126,2.3333333333333335,0.18333333333333332,1.6295875415440422,False,3,0.7000000000000001
200,60,0.3,1.0,1.0,1,127,2.3333333333333335,0.18333333333333332,1.6295875415440422,False,2,0.7000000000000001
200,60,0.3,1.0,1.0,1,128,2.3333333333333335,0.18333333333333332,1.6295875415440422,False,3,0.7000000000000001
200,60,0.3,1.0,1.0,1,129,2.3333333333333335,0.18333333333333332,1.6295875415440422,False,4,0.7000000000000001
200,60,0.3,1.0,1.0,1,130,2.3333333333333335,0.18333333333333332,1.6295875415440422,False,5,0.7000000000000001
200,60,0.3,1.0,1.0,1,131,2.3333333333333335,0.18333333333333332,1.6295875415440422,False,3,0.7000000000000001
200,60,0.3,1.0,1.0,1,132,2.3333333333333335,0.18333333333333332,1.6295875415440422,False,1,0.7000000000000001
200,60,0.3,1.0,1.0,1,133,2.3333333333333335,0.18333333333333332,1.6295875415440422,False,0,0.7000000000000001
200,60,0.3,1.0,1.0,1,134,2.3333333333333335,0.18333333333333332,1.6295875415440422,False,1,0.7000000000000001
200,60,0.3,1.0,1.0,1,135,2.3333333333333335,0.18333333333333332,1.6295875415440422,False,1,0.7000000000000001
200,60,0.3,1.0,1.0,1,136,2.3333333333333335,0.18333333333333332,1.6295875415440422,False,2,0.7000000000000001
200,60,0.3,1.0,1.0,1,137,2.3333333333333335,0.18333333333333332,1.6295875415440422,False,2,0.7000000000000001
200,60,0.3,1.0,1.0,1,138,2.3333333333333335,0.18333333333333332,1.6295875415440422,False,2,0.7000000000000001
200,60,0.3,1.0,1.0,1,139,2.3333333333333335,0.18333333333333332,1.6295875415440422,False,0,0.7000000000000001
200,60,0.3,1.0,1.0,1,140,2.3333333333333335,0.18333333333333332,1.6295875415440422,False,1,0.7000000000000001
200,60,0.3,1.0,1.0,1,141,2.3333333333333335,0.18333333333333332,1.6295875415440422,False,2,0.7000000000000001
200,60,0.3,1.0,1.0,1,142,2.3333333333333335,0.18333333333333332,1.6295875415440422,False,3,0.7000000000000001
200,60,0.3,1.0,1.0,1,143,2.3333333333333335,0.18333333333333332,1.6295875415440422,False,3,0.7000000000000001
200,60,0.3,1.0,1.0,1,144,2.3333333333333335,0.18333333333333332,1.6295875415440422,False,1,0.7000000000000001
200,60,0.3,1.0,1.0,1,145,2.3333333333333335,0.18333333333333332,1.6295875415440422,False,2,0.7000000000000001
200,60,0.3,1.0,1.0,1,146,2.3333333333333335,0.18333333333333332,1.6295875415440422,False,2,0.7000000000000001
200,60,0.3,1.0,1.0,1,147,2.3333333333333335,0.18333333333333332,1.6295875415440422,False,3,0.7000000000000001
200,60,0.3,1.0,1.0,1,148,2.3333333333333335,0.18333333333333332,1.6295875415440422,False,4,0.7000000000000001
200,60,0.3,1.0,1.0,1,149,2.3333333333333335,0.18333333333333332,1.6295875415440422,False,3,0.7000000000000001
200,60,0.3,1.0,1.0,1,150,2.3333333333333335,0.18333333333333332,1.6295875415440422,False,2,0.7000000000000001
200,60,0.3,1.0,1.0,1,151,2.3333333333333335,0.18333333333333332,1.6295875415440422,False,1,0.7000000000000001
200,60,0.3,1.0,1.0,1,152,2.3333333333333335,0.18333333333333332,1.6295875415440422,False,2,0.7000000000000001
200,60,0.3,1.0,1.0,1,153,2.3333333333333335,0.18333333333333332,1.6295875415440422,False,3,0.7000000000000001
200,60,0.3,1.0,1.0,1,154,2.3333333333333335,0.18333333333333332,1.6295875415440422,False,2,0.7000000000000001
200,60,0.3,1.0,1.0,1,155,2.3333333333333335,0.18333333333333332,1.6295875415440422,False,3,0.7000000000000001
200,60,0.3,1.0,1.0,1,156,2.3333333333333335,0.18333333333333332,1.6295875415440422,False,4,0.7000000000000001
200,60,0.3,1.0,1.0,1,157,2.3333333333333335,0.18333333333333332,1.6295875415440422,False,4,0.7000000000000001
200,60,0.3,1.0,1.0,1,158,2.3333333333333335,0.18333333333333332,1.6295875415440422,False,1,0.7000000000000001
200,60,0.3,1.0,1.0,1,159,2.3333333333333335,0.18333333333333332,1.6295875415440422,False,0,0.7000000000000001
200,60,0.3,1.0,1.0,1,160,2.3333333333333335,0.18333333333333332,1.6295875415440422,False,0,0.7000000000000001
200,60,0.3,1.0,1.0,1,161,2.3333333333333335,0.18333333333333332,1.6295875415440422,False,0,0.7000000000000001
200,60,0.3,1.0,1.0,1,162,2.3333333333333335,0.18333333333333332,1.6295875415440422,False,0,0.7000000000000001
200,60,0.3,1.0,1.0,1,163,2.3333333333333335,0.18333333333333332,1.6295875415440422,False,0,0.7000000000000001
200,60,0.3,1.0,1.0,1,164,2.3333333333333335,0.18333333333333332,1.6295875415440422,False,0,0.7000000000000001
200,60,0.3,1.0,1.0,1,165,2.3333333333333335,0.18333333333333332,1.6295875415440422,False,0,0.7000000000000001
200,60,0.3,1.0,1.0,1,166,2.3333333333333335,0.18333333333333332,1.6295875415440422,False,0,0.7000000000000001
200,60,0.3,1.0,1.0,1,167,2.3333333333333335,0.18333333333333332,1.6295875415440422,False,0,0.7000000000000001
200,60,0.3,1.0,1.0,1,168,2.3333333333333335,0.18333333333333332,1.6295875415440422,False,1,0.7000000000000001
200,60,0.3,1.0,1.0,1,169,2.3333333333333335,0.18333333333333332,1.6295875415440422,False,2,0.7000000000000001
200,60,0.3,1.0,1.0,1,170,2.3333333333333335,0.18333333333333332,1.6295875415440422,False,3,0.7000000000000001
200,60,0.3,1.0,1.0,1,171,2.3333333333333335,0.18333333333333332,1.6295875415440422,False,4,0.7000000000000001
200,60,0.3,1.0,1.0,1,172,2.3333333333333335,0.18333333333333332,1.6295875415440422,False,5,0.7000000000000001
200,60,0.3,1.0,1.0,1,173,2.3333333333333335,0.18333333333333332,1.6295875415440422,False,5,0.7000000000000001
200,60,0.3,1.0,1.0,1,174,2.3333333333333335,0.18333333333333332,1.6295875415440422,False,5,0.7000000000000001
200,60,0.3,1.0,1.0,1,175,2.3333333333333335,0.18333333333333332,1.6295875415440422,False,5,0.7000000000000001
200,60,0.3,1.0,1.0,1,176,2.3333333333333335,0.18333333333333332,1.6295875415440422,False,5,0.7000000000000001
200,60,0.3,1.0,1.0,1,177,2.3333333333333335,0.18333333333333332,1.6295875415440422,False,5,0.7000000000000001
200,60,0.3,1.0,1.0,1,178,2.3333333333333335,0.18333333333333332,1.6295875415440422,False,5,0.7000000000000001
200,60,0.3,1.0,1.0,1,179,2.3333333333333335,0.18333333333333332,1.6295875415440422,False,4,0.7000000000000001
200,60,0.3,1.0,1.0,1,180,2.3333333333333335,0.18333333333333332,1.6295875415440422,False,3,0.7000000000000001
200,60,0.3,1.0,1.0,1,181,2.3333333333333335,0.18333333333333332,1.6295875415440422,False,4,0.7000000000000001
200,60,0.3,1.0,1.0,1,182,2.3333333333333335,0.18333333333333332,1.6295875415440422,False,3,0.7000000000000001
200,60,0.3,1.0,1.0,1,183,2.3333333333333335,0.18333333333333332,1.6295875415440422,False,1,0.7000000000000001
200,60,0.3,1.0,1.0,1,184,2.3333333333333335,0.18333333333333332,1.6295875415440422,False,2,0.7000000000000001
200,60,0.3,1.0,1.0,1,185,2.3333333333333335,0.18333333333333332,1.6295875415440422,False,3,0.7000000000000001
200,60,0.3,1.0,1.0,1,186,2.3333333333333335,0.18333333333333332,1.6295875415440422,False,3,0.7000000000000001
200,60,0.3,1.0,1.0,1,187,2.3333333333333335,0.18333333333333332,1.6295875415440422,False,2,0.7000000000000001
200,60,0.3,1.0,1.0,1,188,2.3333333333333335,0.18333333333333332,1.6295875415440422,False,3,0.7000000000000001
200,60,0.3,1.0,1.0,1,189,2.3333333333333335,0.18333333333333332,1.6295875415440422,False,4,0.7000000000000001
200,60,0.3,1.0,1.0,1,190,2.3333333333333335,0.18333333333333332,1.6295875415440422,False,5,0.7000000000000001
200,60,0.3,1.0,1.0,1,191,2.3333333333333335,0.18333333333333332,1.6295875415440422,False,3,0.7000000000000001
200,60,0.3,1.0,1.0,1,192,2.3333333333333335,0.18333333333333332,1.6295875415440422,False,1,0.7000000000000001
200,60,0.3,1.0,1.0,1,193,2.3333333333333335,0.18333333333333332,1.6295875415440422,False,0,0.7000000000000001
200,60,0.3,1.0,1.0,1,194,2.3333333333333335,0.18333333333333332,1.6295875415440422,False,1,0.7000000000000001
200,60,0.3,1.0,1.0,1,195,2.3333333333333335,0.18333333333333332,1.6295875415440422,False,1,0.7000000000000001
200,60,0.3,1.0,1.0,1,196,2.3333333333333335,0.18333333333333332,1.6295875415440422,False,2,0.7000000000000001
200,60,0.3,1.0,1.0,1,197,2.3333333333333335,0.18333333333333332,1.6295875415440422,False,2,0.7000000000000001
200,60,0.3,1.0,1.0,1,198,2.3333333333333335,0.18333333333333332,1.6295875415440422,False,2,0.7000000000000001
200,60,0.3,1.0,1.0,1,199,2.3333333333333335,0.18333333333333332,1.6295875415440422,False,0,0.7000000000000001
200,60,0.3,1.0,1.0,1,200,2.3333333333333335,0.18333333333333332,1.6295875415440422,False,1,0.7000000000000001
200,60,0.3,1.0,1.0,1,201,2.3333333333333335,0.18333333333333332,1.6295875415440422,False,2,0.7000000000000001
200,60,0.3,1.0,1.0,1,202,2.3333333333333335,0.18333333333333332,1.6295875415440422,False,3,0.7000000000000001
200,60,0.3,1.0,1.0,1,203,2.3333333333333335,0.18333333333333332,1.6295875415440422,False,3,0.7000000000000001
200,60,0.3,1.0,1.0,1,204,2.3333333333333335,0.18333333333333332,1.6295875415440422,False,1,0.7000000000000001
200,60,0.3,1.0,1.0,1,205,2.3333333333333335,0.18333333333333332,1.6295875415440422,False,2,0.7000000000000001
200,60,0.3,1.0,1.0,1,206,2.3333333333333335,0.18333333333333332,1.6295875415440422,False,2,0.7000000000000001
200,60,0.3,1.0,1.0,1,207,2.3333333333333335,0.18333333333333332,1.6295875415440422,False,3,0.7000000000000001
200,60,0.3,1.0,1.0,1,208,2.3333333333333335,0.18333333333333332,1.6295875415440422,False,4,0.7000000000000001
200,60,0.3,1.0,1.0,1,209,2.3333333333333335,0.18333333333333332,1.6295875415440422,False,3,0.7000000000000001
200,60,0.3,1.0,1.0,1,210,2.3333333333333335,0.18333333333333332,1.6295875415440422,False,2,0.7000000000000001
200,60,0.3,1.0,1.0,1,211,2.3333333333333335,0.18333333333333332,1.6295875415440422,False,1,0.7000000000000001
200,60,0.3,1.0,1.0,1,212,2.3333333333333335,0.18333333333333332,1.6295875415440422,False,2,0.7000000000000001
200,60,0.3,1.0,1.0,1,213,2.3333333333333335,0.18333333333333332,1.6295875415440422,False,3,0.7000000000000001
200,60,0.3,1.0,1.0,1,214,2.3333333333333335,0.18333333333333332,1.6295875415440422,False,2,0.7000000000000001
200,60,0.3,1.0,1.0,1,215,2.3333333333333335,0.18333333333333332,1.6295875415440422,False,3,0.7000000000000001
200,60,0.3,1.0,1.0,1,216,2.3333333333333335,0.18333333333333332,1.6295875415440422,False,4,0.7000000000000001
200,60,0.3,1.0,1.0,1,217,2.3333333333333335,0.18333333333333332,1.6295875415440422,False,4,0.7000000000000001
200,60,0.3,1.0,1.0,1,218,2.3333333333333335,0.18333333333333332,1.6295875415440422,False,1,0.7000000000000001
200,60,0.3,1.0,1.0,1,219,2.3333333333333335,0.18333333333333332,1.6295875415440422,False,0,0.7000000000000001
200,60,0.3,1.0,1.0,1,220,2.3333333333333335,0.18333333333333332,1.6295875415440422,False,0,0.7000000000000001
200,60,0.3,1.0,1.0,1,221,2.3333333333333335,0.18333333333333332,1.6295875415440422,False,0,0.7000000000000001
200,60,0.3,1.0,1.0,1,222,2.3333333333333335,0.18333333333333332,1.6295875415440422,False,0,0.7000000000000001
200,60,0.3,1.0,1.0,1,223,2.3333333333333335,0.18333333333333332,1.6295875415440422,False,0,0.7000000000000001
200,60,0.3,1.0,1.0,1,224,2.3333333333333335,0.18333333333333332,1.6295875415440422,False,0,0.7000000000000001
200,60,0.3,1.0,1.0,1,225,2.3333333333333335,0.18333333333333332,1.6295875415440422,False,0,0.7000000000000001
200,60,0.3,1.0,1.0,1,226,2.3333333333333335,0.18333333333333332,1.6295875415440422,False,0,0.7000000000000001
200,60,0.3,1.0,1.0,1,227,2.3333333333333335,0.18333333333333332,1.6295875415440422,False,0,0.7000000000000001
200,60,0.3,1.0,1.0,1,228,2.3333333333333335,0.18333333333333332,1.6295875415440422,False,1,0.7000000000000001
200,60,0.3,1.0,1.0,1,229,2.3333333333333335,0.18333333333333332,1.6295875415440422,False,2,0.7000000000000001
200,60,0.3,1.0,1.0,1,230,2.3333333333333335,0.18333333333333332,1.6295875415440422,False,3,0.7000000000000001
200,60,0.3,1.0,1.0,1,231,2.3333333333333335,0.18333333333333332,1.6295875415440422,False,4,0.7000000000000001
200,60,0.3,1.0,1.0,1,232,2.3333333333333335,0.18333333333333332,1.6295875415440422,False,5,0.7000000000000001
200,60,0.3,1.0,1.0,1,233,2.3333333333333335,0.18333333333333332,1.6295875415440422,False,5,0.7000000000000001
200,60,0.3,1.0,1.0,1,234,2.3333333333333335,0.18333333333333332,1.6295875415440422,False,5,0.7000000000000001
200,60,0.3,1.0,1.0,1,235,2.3333333333333335,0.18333333333333332,1.6295875415440422,False,5,0.7000000000000001
200,60,0.3,1.0,1.0,1,236,2.3333333333333335,0.18333333333333332,1.6295875415440422,False,5,0.7000000000000001
200,60,0.3,1.0,1.0,1,237,2.3333333333333335,0.18333333333333332,1.6295875415440422,False,5,0.7000000000000001
200,60,0.3,1.0,1.0,1,238,2.3333333333333335,0.18333333333333332,1.6295875415440422,False,5,0.7000000000000001
200,60,0.3,1.0,1.0,1,239,2.3333333333333335,0.18333333333333332,1.6295875415440422,False,4,0.7000000000000001
200,60,0.3,1.0,1.0,1,240,2.3333333333333335,0.18333333333333332,1.6295875415440422,False,3,0.7000000000000001
200,60,0.3,1.0,1.0,1,241,2.3333333333333335,0.18333333333333332,1.6295875415440422,False,4,0.7000000000000001
200,60,0.3,1.0,1.0,1,242,2.3333333333333335,0.18333333333333332,1.6295875415440422,False,3,0.7000000000000001
200,60,0.3,1.0,1.0,1,243,2.3333333333333335,0.18333333333333332,1.6295875415440422,False,1,0.7000000000000001
200,60,0.3,1.0,1.0,1,244,2.3333333333333335,0.18333333333333332,1.6295875415440422,False,2,0.7000000000000001
200,60,0.3,1.0,1.0,1,245,2.3333333333333335,0.18333333333333332,1.6295875415440422,False,3,0.7000000000000001
200,60,0.3,1.0,1.0,1,246,2.3333333333333335,0.18333333333333332,1.6295875415440422,False,3,0.7000000000000001
200,60,0.3,1.0,1.0,1,247,2.3333333333333335,0.18333333333333332,1.6295875415440422,False,2,0.7000000000000001
200,60,0.3,1.0,1.0,1,248,2.3333333333333335,0.18333333333333332,1.6295875415440422,False,3,0.7000000000000001
200,60,0.3,1.0,1.0,1,249,2.3333333333333335,0.18333333333333332,1.6295875415440422,False,4,0.7000000000000001
200,60,0.3,1.0,1.0,1,250,2.3333333333333335,0.18333333333333332,1.6295875415440422,False,5,0.7000000000000001
200,60,0.3,1.0,1.0,1,251,2.3333333333333335,0.18333333333333332,1.6295875415440422,False,3,0.7000000000000001
200,60,0.3,1.0,1.0,1,252,2.3333333333333335,0.18333333333333332,1.6295875415440422,False,1,0.7000000000000001
200,60,0.3,1.0,1.0,1,253,2.3333333333333335,0.18333333333333332,1.6295875415440422,False,0,0.7000000000000001
200,60,0.3,1.0,1.0,1,254,2.3333333333333335,0.18333333333333332,1.6295875415440422,False,1,0.7000000000000001
200,60,0.3,1.0,1.0,1,255,2.3333333333333335,0.18333333333333332,1.6295875415440422,False,1,0.7000000000000001
200,60,0.3,1.0,1.0,1,256,2.3333333333333335,0.18333333333333332,1.6295875415440422,False,2,0.7000000000000001
200,60,0.3,1.0,1.0,1,257,2.3333333333333335,0.18333333333333332,1.6295875415440422,False,2,0.7000000000000001
200,60,0.3,1.0,1.0,1,258,2.3333333333333335,0.18333333333333332,1.6295875415440422,False,2,0.7000000000000001
200,60,0.3,1.0,1.0,1,259,2.3333333333333335,0.18333333333333332,1.6295875415440422,False,0,0.7000000000000001
200,60,0.3,1.0,1.0,1,260,2.3333333333333335,0.18333333333333332,1.6295875415440422,False,1,0.7000000000000001
200,60,0.3,1.0,1.0,1,261,2.3333333333333335,0.18333333333333332,1.6295875415440422,False,2,0.7000000000000001
200,60,0.3,1.0,1.0,1,262,2.3333333333333335,0.18333333333333332,1.6295875415440422,False,3,0.7000000000000001
200,60,0.3,1.0,1.0,1,263,2.3333333333333335,0.18333333333333332,1.6295875415440422,False,3,0.7000000000000001
200,60,0.3,1.0,1.0,1,264,2.3333333333333335,0.18333333333333332,1.6295875415440422,False,1,0.7000000000000001
200,60,0.3,1.0,1.0,1,265,2.3333333333333335,0.18333333333333332,1.6295875415440422,False,2,0.7000000000000001
200,60,0.3,1.0,1.0,1,266,2.3333333333333335,0.18333333333333332,1.6295875415440422,False,2,0.7000000000000001
200,60,0.3,1.0,1.0,1,267,2.3333333333333335,0.18333333333333332,1.6295875415440422,False,3,0.7000000000000001
200,60,0.3,1.0,1.0,1,268,2.3333333333333335,0.18333333333333332,1.6295875415440422,False,4,0.7000000000000001
200,60,0.3,1.0,1.0,1,269,2.3333333333333335,0.18333333333333332,1.6295875415440422,False,3,0.7000000000000001
200,60,0.3,1.0,1.0,1,270,2.3333333333333335,0.18333333333333332,1.6295875415440422,False,2,0.7000000000000001
200,60,0.3,1.0,1.0,1,271,2.3333333333333335,0.18333333333333332,1.6295875415440422,False,1,0.7000000000000001
200,60,0.3,1.0,1.0,1,272,2.3333333333333335,0.18333333333333332,1.6295875415440422,False,2,0.7000000000000001
200,60,0.3,1.0,1.0,1,273,2.3333333333333335,0.18333333333333332,1.6295875415440422,False,3,0.7000000000000001
200,60,0.3,1.0,1.0,1,274,2.3333333333333335,0.18333333333333332,1.6295875415440422,False,2,0.7000000000000001
200,60,0.3,1.0,1.0,1,275,2.3333333333333335,0.18333333333333332,1.6295875415440422,False,3,0.7000000000000001
200,60,0.3,1.0,1.0,1,276,2.3333333333333335,0.18333333333333332,1.6295875415440422,False,4,0.7000000000000001
200,60,0.3,1.0,1.0,1,277,2.3333333333333335,0.18333333333333332,1.6295875415440422,False,4,0.7000000000000001
200,60,0.3,1.0,1.0,1,278,2.3333333333333335,0.18333333333333332,1.6295875415440422,False,1,0.7000000000000001
200,60,0.3,1.0,1.0,1,279,2.3333333333333335,0.18333333333333332,1.6295875415440422,False,0,0.7000000000000001
200,60,0.3,1.0,1.0,1,280,2.3333333333333335,0.18333333333333332,1.6295875415440422,False,0,0.7000000000000001
200,60,0.3,1.0,1.0,1,281,2.3333333333333335,0.18333333333333332,1.6295875415440422,False,0,0.7000000000000001
200,60,0.3,1.0,1.0,1,282,2.3333333333333335,0.18333333333333332,1.6295875415440422,False,0,0.7000000000000001
200,60,0.3,1.0,1.0,1,283,2.3333333333333335,0.18333333333333332,1.6295875415440422,False,0,0.7000000000000001
200,60,0.3,1.0,1.0,1,284,2.3333333333333335,0.18333333333333332,1.6295875415440422,False,0,0.7000000000000001
200,60,0.3,1.0,1.0,1,285,2.3333333333333335,0.18333333333333332,1.6295875415440422,False,0,0.7000000000000001
200,60,0.3,1.0,1.0,1,286,2.3333333333333335,0.18333333333333332,1.6295875415440422,False,0,0.7000000000000001
200,60,0.3,1.0,1.0,1,287,2.3333333333333335,0.18333333333333332,1.6295875415440422,False,0,0.7000000000000001
200,60,0.3,1.0,1.0,1,288,2.3333333333333335,0.18333333333333332,1.6295875415440422,False,1,0.7000000000000001
200,60,0.3,1.0,1.0,1,289,2.3333333333333335,0.18333333333333332,1.6295875415440422,False,2,0.7000000000000001
200,60,0.3,1.0,1.0,1,290,2.3333333333333335,0.18333333333333332,1.6295875415440422,False,3,0.7000000000000001
200,60,0.3,1.0,1.0,1,291,2.3333333333333335,0.18333333333333332,1.6295875415440422,False,4,0.7000000000000001
200,60,0.3,1.0,1.0,1,292,2.3333333333333335,0.18333333333333332,1.6295875415440422,False,5,0.7000000000000001
200,60,0.3,1.0,1.0,1,293,2.3333333333333335,0.18333333333333332,1.6295875415440422,False,5,0.7000000000000001
200,60,0.3,1.0,1.0,1,294,2.3333333333333335,0.18333333333333332,1.6295875415440422,False,5,0.7000000000000001
200,60,0.3,1.0,1.0,1,295,2.3333333333333335,0.18333333333333332,1.6295875415440422,False,5,0.7000000000000001
200,60,0.3,1.0,1.0,1,296,2.3333333333333335,0.18333333333333332,1.6295875415440422,False,5,0.7000000000000001
200,60,0.3,1.0,1.0,1,297,2.3333333333333335,0.18333333333333332,1.6295875415440422,False,5,0.7000000000000001
200,60,0.3,1.0,1.0,1,298,2.3333333333333335,0.18333333333333332,1.6295875415440422,False,5,0.7000000000000001
200,60,0.3,1.0,1.0,1,299,2.3333333333333335,0.18333333333333332,1.6295875415440422,False,4,0.7000000000000001
200,60,0.3,1.0,1.0,1,300,2.3333333333333335,0.18333333333333332,1.6295875415440422,False,3,0.7000000000000001
200,60,0.3,1.0,1.0,1,301,2.3333333333333335,0.18333333333333332,1.6295875415440422,False,4,0.7000000000000001
200,60,0.3,1.0,1.0,1,302,2.3333333333333335,0.18333333333333332,1.6295875415440422,False,3,0.7000000000000001
200,60,0.3,1.0,1.0,1,303,2.3333333333333335,0.18333333333333332,1.6295875415440422,False,1,0.7000000000000001
200,60,0.3,1.0,1.0,1,304,2.3333333333333335,0.18333333333333332,1.6295875415440422,False,2,0.7000000000000001
200,60,0.3,1.0,1.0,1,305,2.3333333333333335,0.18333333333333332,1.6295875415440422,False,3,0.7000000000000001
200,60,0.3,1.0,1.0,1,306,2.3333333333333335,0.18333333333333332,1.6295875415440422,False,3,0.7000000000000001
200,60,0.3,1.0,1.0,1,307,2.3333333333333335,0.18333333333333332,1.6295875415440422,False,2,0.7000000000000001
200,60,0.3,1.0,1.0,1,308,2.3333333333333335,0.18333333333333332,1.6295875415440422,False,3,0.7000000000000001
200,60,0.3,1.0,1.0,1,309,2.3333333333333335,0.18333333333333332,1.6295875415440422,False,4,0.7000000000000001
200,60,0.3,1.0,1.0,1,310,2.3333333333333335,0.18333333333333332,1.6295875415440422,False,5,0.7000000000000001
200,60,0.3,1.0,1.0,1,311,2.3333333333333335,0.18333333333333332,1.6295875415440422,False,3,0.7000000000000001
200,60,0.3,1.0,1.0,1,312,2.3333333333333335,0.18333333333333332,1.6295875415440422,False,1,0.7000000000000001
200,60,0.3,1.0,1.0,1,313,2.3333333333333335,0.18333333333333332,1.6295875415440422,False,0,0.7000000000000001
200,60,0.3,1.0,1.0,1,314,2.3333333333333335,0.18333333333333332,1.6295875415440422,False,1,0.7000000000000001
200,60,0.3,1.0,1.0,1,315,2.3333333333333335,0.18333333333333332,1.6295875415440422,False,1,0.7000000000000001
200,60,0.3,1.0,1.0,1,316,2.3333333333333335,0.18333333333333332,1.6295875415440422,False,2,0.7000000000000001
200,60,0.3,1.0,1.0,1,317,2.3333333333333335,0.18333333333333332,1.6295875415440422,False,2,0.7000000000000001
200,60,0.3,1.0,1.0,1,318,2.3333333333333335,0.18333333333333332,1.6295875415440422,False,2,0.7000000000000001
200,60,0.3,1.0,1.0,1,319,2.3333333333333335,0.18333333333333332,1.6295875415440422,False,0,0.7000000000000001
200,60,0.3,1.0,1.0,1,320,2.3333333333333335,0.18333333333333332,1.6295875415440422,False,1,0.7000000000000001
200,60,0.3,1.0,1.0,1,321,2.3333333333333335,0.18333333333333332,1.6295875415440422,False,2,0.7000000000000001
200,60,0.3,1.0,1.0,1,322,2.3333333333333335,0.18333333333333332,1.6295875415440422,False,3,0.7000000000000001
200,60,0.3,1.0,1.0,1,323,2.3333333333333335,0.18333333333333332,1.6295875415440422,False,3,0.7000000000000001
200,60,0.3,1.0,1.0,1,324,2.3333333333333335,0.18333333333333332,1.6295875415440422,False,1,0.7000000000000001
200,60,0.3,1.0,1.0,1,325,2.3333333333333335,0.18333333333333332,1.6295875415440422,False,2,0.7000000000000001
200,60,0.3,1.0,1.0,1,326,2.3333333333333335,0.18333333333333332,1.6295875415440422,False,2,0.7000000000000001
200,60,0.3,1.0,1.0,1,327,2.3333333333333335,0.18333333333333332,1.6295875415440422,False,3,0.7000000000000001
200,60,0.3,1.0,1.0,1,328,2.3333333333333335,0.18333333333333332,1.6295875415440422,False,4,0.7000000000000001
200,60,0.3,1.0,1.0,1,329,2.3333333333333335,0.18333333333333332,1.6295875415440422,False,3,0.7000000000000001
200,60,0.3,1.0,1.0,1,330,2.3333333333333335,0.18333333333333332,1.6295875415440422,False,2,0.7000000000000001
200,60,0.3,1.0,1.0,1,331,2.3333333333333335,0.18333333333333332,1.6295875415440422,False,1,0.7000000000000001
200,60,0.3,1.0,1.0,1,332,2.3333333333333335,0.18333333333333332,1.6295875415440422,False,2,0.7000000000000001
200,60,0.3,1.0,1.0,1,333,2.3333333333333335,0.18333333333333332,1.6295875415440422,False,3,0.7000000000000001
200,60,0.3,1.0,1.0,1,334,2.3333333333333335,0.18333333333333332,1.6295875415440422,False,2,0.7000000000000001
200,60,0.3,1.0,1.0,1,335,2.3333333333333335,0.18333333333333332,1.6295875415440422,False,3,0.7000000000000001
200,60,0.3,1.0,1.0,1,336,2.3333333333333335,0.18333333333333332,1.6295875415440422,False,4,0.7000000000000001
200,60,0.3,1.0,1.0,1,337,2.3333333333333335,0.18333333333333332,1.6295875415440422,False,4,0.7000000000000001
200,60,0.3,1.0,1.0,1,338,2.3333333333333335,0.18333333333333332,1.6295875415440422,False,1,0.7000000000000001
200,60,0.3,1.0,1.0,1,339,2.3333333333333335,0.18333333333333332,1.6295875415440422,False,0,0.7000000000000001
200,60,0.3,1.0,1.0,1,340,2.3333333333333335,0.18333333333333332,1.6295875415440422,False,0,0.7000000000000001
200,60,0.3,1.0,1.0,1,341,2.3333333333333335,0.18333333333333332,1.6295875415440422,False,0,0.7000000000000001
200,60,0.3,1.0,1.0,1,342,2.3333333333333335,0.18333333333333332,1.6295875415440422,False,0,0.7000000000000001
200,60,0.3,1.0,1.0,1,343,2.3333333333333335,0.18333333333333332,1.6295875415440422,False,0,0.7000000000000001
200,60,0.3,1.0,1.0,1,344,2.3333333333333335,0.18333333333333332,1.6295875415440422,False,0,0.7000000000000001
200,60,0.3,1.0,1.0,1,345,2.3333333333333335,0.18333333333333332,1.6295875415440422,False,0,0.7000000000000001
200,60,0.3,1.0,1.0,1,346,2.3333333333333335,0.18333333333333332,1.6295875415440422,False,0,0.7000000000000001
200,60,0.3,1.0,1.0,1,347,2.3333333333333335,0.18333333333333332,1.6295875415440422,False,0,0.7000000000000001
200,60,0.3,1.0,1.0,1,348,2.3333333333333335,0.18333333333333332,1.6295875415440422,False,1,0.7000000000000001
200,60,0.3,1.0,1.0,1,349,2.3333333333333335,0.18333333333333332,1.6295875415440422,False,2,0.7000000000000001
200,60,0.3,1.0,1.0,1,350,2.3333333333333335,0.18333333333333332,1.6295875415440422,False,3,0.7000000000000001
200,60,0.3,1.0,1.0,1,351,2.3333333333333335,0.18333333333333332,1.6295875415440422,False,4,0.7000000000000001
200,60,0.3,1.0,1.0,1,352,2.3333333333333335,0.18333333333333332,1.6295875415440422,False,5,0.7000000000000001
200,60,0.3,1.0,1.0,1,353,2.3333333333333335,0.18333333333333332,1.6295875415440422,False,5,0.7000000000000001
200,60,0.3,1.0,1.0,1,354,2.3333333333333335,0.18333333333333332,1.6295875415440422,False,5,0.7000000000000001
200,60,0.3,1.0,1.0,1,355,2.3333333333333335,0.18333333333333332,1.6295875415440422,False,5,0.7000000000000001
200,60,0.3,1.0,1.0,1,356,2.3333333333333335,0.18333333333333332,1.6295875415440422,False,5,0.7000000000000001
200,60,0.3,1.0,1.0,1,357,2.3333333333333335,0.18333333333333332,1.6295875415440422,False,5,0.7000000000000001
200,60,0.3,1.0,1.0,1,358,2.3333333333333335,0.18333333333333332,1.6295875415440422,False,5,0.7000000000000001
200,60,0.3,1.0,1.0,1,359,2.3333333333333335,0.18333333333333332,1.6295875415440422,False,4,0.7000000000000001
200,60,0.3,1.0,1.0,1,360,2.3333333333333335,0.18333333333333332,1.6295875415440422,False,3,0.7000000000000001
200,60,0.3,1.0,1.0,1,361,2.3333333333333335,0.18333333333333332,1.6295875415440422,False,4,0.7000000000000001
200,60,0.3,1.0,1.0,1,362,2.3333333333333335,0.18333333333333332,1.6295875415440422,False,3,0.7000000000000001
200,60,0.3,1.0,1.0,1,363,2.3333333333333335,0.18333333333333332,1.6295875415440422,False,1,0.7000000000000001
200,60,0.3,1.0,1.0,1,364,2.3333333333333335,0.18333333333333332,1.6295875415440422,False,2,0.7000000000000001
200,60,0.3,1.0,1.0,1,365,2.3333333333333335,0.18333333333333332,1.6295875415440422,False,3,0.7000000000000001
200,60,0.3,1.0,1.0,1,366,2.3333333333333335,0.18333333333333332,1.6295875415440422,False,3,0.7000000000000001
200,60,0.3,1.0,1.0,1,367,2.3333333333333335,0.18333333333333332,1.6295875415440422,False,2,0.7000000000000001
200,60,0.3,1.0,1.0,1,368,2.3333333333333335,0.18333333333333332,1.6295875415440422,False,3,0.7000000000000001
200,60,0.3,1.0,1.0,1,369,2.3333333333333335,0.18333333333333332,1.6295875415440422,False,4,0.7000000000000001
200,60,0.3,1.0,1.0,1,370,2.3333333333333335,0.18333333333333332,1.6295875415440422,False,5,0.7000000000000001
200,60,0.3,1.0,1.0,1,371,2.3333333333333335,0.18333333333333332,1.6295875415440422,False,3,0.7000000000000001
200,60,0.3,1.0,1.0,1,372,2.3333333333333335,0.18333333333333332,1.6295875415440422,False,1,0.7000000000000001
200,60,0.3,1.0,1.0,1,373,2.3333333333333335,0.18333333333333332,1.6295875415440422,False,0,0.7000000000000001
200,60,0.3,1.0,1.0,1,374,2.3333333333333335,0.18333333333333332,1.6295875415440422,False,1,0.7000000000000001
200,60,0.3,1.0,1.0,1,375,2.3333333333333335,0.18333333333333332,1.6295875415440422,False,1,0.7000000000000001
200,60,0.3,1.0,1.0,1,376,2.3333333333333335,0.18333333333333332,1.6295875415440422,False,2,0.7000000000000001
200,60,0.3,1.0,1.0,1,377,2.3333333333333335,0.18333333333333332,1.6295875415440422,False,2,0.7000000000000001
200,60,0.3,1.0,1.0,1,378,2.3333333333333335,0.18333333333333332,1.6295875415440422,False,2,0.7000000000000001
200,60,0.3,1.0,1.0,1,379,2.3333333333333335,0.18333333333333332,1.6295875415440422,False,0,0.7000000000000001
200,60,0.3,1.0,1.0,1,380,2.3333333333333335,0.18333333333333332,1.6295875415440422,False,1,0.7000000000000001
200,60,0.3,1.0,1.0,1,381,2.3333333333333335,0.18333333333333332,1.6295875415440422,False,2,0.7000000000000001
200,60,0.3,1.0,1.0,1,382,2.3333333333333335,0.18333333333333332,1.6295875415440422,False,3,0.7000000000000001
200,60,0.3,1.0,1.0,1,383,2.3333333333333335,0.18333333333333332,1.6295875415440422,False,3,0.7000000000000001
200,60,0.3,1.0,1.0,1,384,2.3333333333333335,0.18333333333333332,1.6295875415440422,False,1,0.7000000000000001
200,60,0.3,1.0,1.0,1,385,2.3333333333333335,0.18333333333333332,1.6295875415440422,False,2,0.7000000000000001
200,60,0.3,1.0,1.0,1,386,2.3333333333333335,0.18333333333333332,1.6295875415440422,False,2,0.7000000000000001
200,60,0.3,1.0,1.0,1,387,2.3333333333333335,0.18333333333333332,1.6295875415440422,False,3,0.7000000000000001
200,60,0.3,1.0,1.0,1,388,2.3333333333333335,0.18333333333333332,1.6295875415440422,False,4,0.7000000000000001
200,60,0.3,1.0,1.0,1,389,2.3333333333333335,0.18333333333333332,1.6295875415440422,False,3,0.7000000000000001
200,60,0.3,1.0,1.0,1,390,2.3333333333333335,0.18333333333333332,1.6295875415440422,False,2,0.7000000000000001
200,60,0.3,1.0,1.0,1,391,2.3333333333333335,0.18333333333333332,1.6295875415440422,False,1,0.7000000000000001
200,60,0.3,1.0,1.0,1,392,2.3333333333333335,0.18333333333333332,1.6295875415440422,False,2,0.7000000000000001
200,60,0.3,1.0,1.0,1,393,2.3333333333333335,0.18333333333333332,1.6295875415440422,False,3,0.7000000000000001
200,60,0.3,1.0,1.0,1,394,2.3333333333333335,0.18333333333333332,1.6295875415440422,False,2,0.7000000000000001
200,60,0.3,1.0,1.0,1,395,2.3333333333333335,0.18333333333333332,1.6295875415440422,False,3,0.7000000000000001
200,60,0.3,1.0,1.0,1,396,2.3333333333333335,0.18333333333333332,1.6295875415440422,False,4,0.7000000000000001
200,60,0.3,1.0,1.0,1,397,2.3333333333333335,0.18333333333333332,1.6295875415440422,False,4,0.7000000000000001
200,60,0.3,1.0,1.0,1,398,2.3333333333333335,0.18333333333333332,1.6295875415440422,False,1,0.7000000000000001
200,60,0.3,1.0,1.0,1,399,2.3333333333333335,0.18333333333333332,1.6295875415440422,False,0,0.7000000000000001
200,60,0.3,1.0,1.0,1,400,2.3333333333333335,0.18333333333333332,1.6295875415440422,False,0,0.7000000000000001
