pair_id,road_length,lanes,road_cells,num_vehicles,density,requested_av_share,realised_av_share,av_policy,seed,warmup,steps,disturbance_vehicle_id,disturbance_start_step,disturbance_duration,disturbance_speed_cap,disturbed_vehicle_type,disturbed_vehicle_initial_lane,mean_speed,stopped_fraction,speed_std,traffic_flow,control_mean_speed,control_stopped_fraction,control_speed_std,mean_speed_delta_from_control,stopped_fraction_delta_from_control,minimum_mean_speed_delta_from_control,maximum_stopped_fraction_delta_from_control,pre_disturbance_mean_speed,minimum_mean_speed_after_braking,maximum_stopped_fraction_after_braking,recovered,recovery_time_steps
lanes-1_density-0.200_av-0.000_policy-reactive_seed-1,200,1,200,40,0.2,0.0,0.0,reactive,1,200,400,0,100,8,0,human,0,2.6500625,0.23275,1.9766085212033642,0.5300125000000001,2.6789375,0.1840625,1.876427821978173,-0.028874999999999762,0.04868750000000002,0.07500000000000018,0.07500000000000001,2.658838383838384,2.125,0.4,True,20
lanes-1_density-0.200_av-0.000_policy-reactive_seed-2,200,1,200,40,0.2,0.0,0.0,reactive,2,200,400,0,100,8,0,human,0,2.5939375,0.2263125,1.9751077808802613,0.5187875000000001,2.5939375,0.2263125,1.9751077808802613,0.0,0.0,0.0,0.0,2.408838383838384,2.025,0.425,True,20
lanes-1_density-0.200_av-0.000_policy-reactive_seed-3,200,1,200,40,0.2,0.0,0.0,reactive,3,200,400,0,100,8,0,human,0,2.6293125,0.2075625,1.9416882544177245,0.5258625,2.65975,0.2400625,2.0153733990256,-0.030437499999999673,-0.0325,-0.125,0.0,2.683080808080808,2.05,0.375,True,24
lanes-1_density-0.200_av-0.000_policy-reactive_seed-4,200,1,200,40,0.2,0.0,0.0,reactive,4,200,400,0,100,8,0,human,0,2.6943125,0.23425,2.0306384839118334,0.5388625,2.6870625,0.200125,1.9607097238229196,0.007249999999999979,0.034125000000000016,-0.3500000000000001,0.07500000000000001,2.708838383838384,1.9,0.4,True,82
lanes-1_density-0.200_av-0.000_policy-reactive_seed-5,200,1,200,40,0.2,0.0,0.0,reactive,5,200,400,0,100,8,0,human,0,2.6803125,0.1713125,1.8492532012528058,0.5360625,2.7125,0.1714375,1.8517812370795854,-0.032187500000000036,-0.00012499999999998623,0.050000000000000266,0.0,2.7707070707070707,2.2,0.35,True,101
lanes-1_density-0.200_av-0.000_policy-reactive_seed-6,200,1,200,40,0.2,0.0,0.0,reactive,6,200,400,0,100,8,0,human,0,2.6424375,0.213,1.969983898054436,0.5284875000000001,2.6923125,0.2016875,1.951349764225714,-0.04987499999999967,0.011312500000000003,-0.5250000000000001,0.07500000000000001,2.6257575757575755,1.8,0.4,True,38
lanes-1_density-0.200_av-0.000_policy-reactive_seed-7,200,1,200,40,0.2,0.0,0.0,reactive,7,200,400,0,100,8,0,human,0,2.6555625,0.23625,2.005972409728945,0.5311125,2.6663125,0.1974375,1.9170850665381935,-0.01075000000000026,0.0388125,-0.02499999999999991,0.07500000000000001,2.6717171717171717,2.0,0.4,True,20
lanes-1_density-0.200_av-0.000_policy-reactive_seed-8,200,1,200,40,0.2,0.0,0.0,reactive,8,200,400,0,100,8,0,human,0,2.634625,0.23925,2.0158437710732944,0.5269250000000001,2.641875,0.18125,1.8896749679177633,-0.007249999999999979,0.057999999999999996,-0.44999999999999996,0.175,2.676262626262626,1.675,0.475,True,65
lanes-1_density-0.200_av-0.000_policy-reactive_seed-9,200,1,200,40,0.2,0.0,0.0,reactive,9,200,400,0,100,8,0,human,0,2.651,0.19975,1.9351224767440431,0.5302,2.630125,0.18275,1.8814402686173697,0.020874999999999755,0.017000000000000015,0.125,0.0,2.6414141414141414,2.1,0.325,True,43
lanes-1_density-0.200_av-0.000_policy-reactive_seed-10,200,1,200,40,0.2,0.0,0.0,reactive,10,200,400,0,100,8,0,human,0,2.615875,0.1865,1.8797467873027474,0.5231750000000001,2.6760625,0.179375,1.8665481499532097,-0.06018750000000006,0.0071249999999999925,-0.30000000000000004,0.07500000000000001,2.8095959595959594,1.625,0.45,True,32
lanes-1_density-0.200_av-0.250_policy-reactive_seed-1,200,1,200,40,0.2,0.25,0.25,reactive,1,200,400,0,100,8,0,human,0,2.7865625,0.1924375,1.9842837331374135,0.5573125,2.8081875,0.1579375,1.8619601136554322,-0.021624999999999783,0.0345,-0.2999999999999998,0.04999999999999999,2.7540404040404036,2.075,0.375,True,27
lanes-1_density-0.200_av-0.250_policy-reactive_seed-2,200,1,200,40,0.2,0.25,0.25,reactive,2,200,400,0,100,8,0,av,0,2.723375,0.218625,2.0230493343897966,0.544675,2.8328125,0.1768125,1.9300546209482647,-0.1094375000000003,0.0418125,-0.4750000000000001,0.125,2.773989898989899,1.775,0.475,True,49
lanes-1_density-0.200_av-0.250_policy-reactive_seed-3,200,1,200,40,0.2,0.25,0.25,reactive,3,200,400,0,100,8,0,av,0,2.906375,0.1743125,1.9240866299039137,0.5812750000000001,2.957,0.1669375,1.911289093779379,-0.0506249999999997,0.00737500000000002,-0.3250000000000002,0.025000000000000022,2.979545454545455,2.15,0.375,True,30
lanes-1_density-0.200_av-0.250_policy-reactive_seed-4,200,1,200,40,0.2,0.25,0.25,reactive,4,200,400,0,100,8,0,human,0,2.8759375,0.16525,1.917040947943927,0.5751875000000001,2.9004375,0.1671875,1.913805060238307,-0.024499999999999744,-0.001937499999999981,-0.07500000000000018,0.07500000000000001,2.8537878787878785,2.275,0.375,True,20
lanes-1_density-0.200_av-0.250_policy-reactive_seed-5,200,1,200,40,0.2,0.25,0.25,reactive,5,200,400,0,100,8,0,av,0,2.809125,0.2181875,2.017006875143216,0.561825,2.868625,0.196125,1.9914481186752016,-0.05950000000000033,0.022062500000000013,-0.4750000000000001,0.10000000000000003,2.787626262626263,1.85,0.4,True,41
lanes-1_density-0.200_av-0.250_policy-reactive_seed-6,200,1,200,40,0.2,0.25,0.25,reactive,6,200,400,0,100,8,0,av,0,2.8553125,0.207625,2.007517877216477,0.5710625,2.7819375,0.179625,1.9524052463804102,0.07337499999999997,0.027999999999999997,-0.3999999999999999,0.04999999999999999,2.779292929292929,1.775,0.375,True,42
lanes-1_density-0.200_av-0.250_policy-reactive_seed-7,200,1,200,40,0.2,0.25,0.25,reactive,7,200,400,0,100,8,0,human,0,2.8361875,0.1770625,1.9259356076576781,0.5672375,2.8285,0.175875,1.9358041610658863,0.007687499999999847,0.001187500000000008,-0.5,0.025000000000000022,2.8583333333333334,1.725,0.375,True,48
lanes-1_density-0.200_av-0.250_policy-reactive_seed-8,200,1,200,40,0.2,0.25,0.25,reactive,8,200,400,0,100,8,0,human,0,2.9113125,0.1649375,1.9118569578668143,0.5822625,2.8624375,0.15,1.881924296722307,0.048875000000000224,0.014937499999999992,0.15000000000000036,0.0,2.990151515151515,2.325,0.3,True,38
lanes-1_density-0.200_av-0.250_policy-reactive_seed-9,200,1,200,40,0.2,0.25,0.25,reactive,9,200,400,0,100,8,0,human,0,2.8409375,0.1850625,1.949233598390339,0.5681875,2.840375,0.1761875,1.9606809682798985,0.0005625000000000213,0.008874999999999994,-0.050000000000000266,0.0,2.6527777777777777,2.4,0.3,True,20
lanes-1_density-0.200_av-0.250_policy-reactive_seed-10,200,1,200,40,0.2,0.25,0.25,reactive,10,200,400,0,100,8,0,av,0,2.8185,0.16375,1.8984026838371253,0.5637,2.8398125,0.201625,2.0028797929091375,-0.021312500000000068,-0.03787499999999999,-0.375,0.025000000000000022,2.8020202020202016,1.85,0.4,True,49
lanes-1_density-0.200_av-0.250_policy-anticipatory_seed-1,200,1,200,40,0.2,0.25,0.25,anticipatory,1,200,400,0,100,8,0,human,0,2.9540625,0.185625,1.9554289161444223,0.5908125000000001,2.8948125,0.194125,1.9624915515343626,0.059250000000000025,-0.00849999999999998,0.30000000000000027,-0.04999999999999999,2.9237373737373735,2.475,0.325,True,20
lanes-1_density-0.200_av-0.250_policy-anticipatory_seed-2,200,1,200,40,0.2,0.25,0.25,anticipatory,2,200,400,0,100,8,0,av,0,2.87825,0.1719375,1.8991911271644042,0.57565,2.8555625,0.1870625,1.9401869261990583,0.02268749999999997,-0.015125,-0.19999999999999973,0.025000000000000022,2.909343434343434,2.1,0.375,True,35
lanes-1_density-0.200_av-0.250_policy-anticipatory_seed-3,200,1,200,40,0.2,0.25,0.25,anticipatory,3,200,400,0,100,8,0,av,0,2.8786875,0.14325,1.8674771156144725,0.5757375,2.920625,0.1404375,1.8569665073379757,-0.04193749999999996,0.0028124999999999956,-0.15000000000000036,0.024999999999999967,3.0656565656565657,2.175,0.35,True,72
lanes-1_density-0.200_av-0.250_policy-anticipatory_seed-4,200,1,200,40,0.2,0.25,0.25,anticipatory,4,200,400,0,100,8,0,human,0,2.9388125,0.2160625,2.019484733748624,0.5877625000000001,2.8896875,0.18325,1.9653609470892999,0.049125000000000085,0.032812499999999994,-0.125,0.04999999999999999,2.9340909090909095,2.2,0.375,True,48
lanes-1_density-0.200_av-0.250_policy-anticipatory_seed-5,200,1,200,40,0.2,0.25,0.25,anticipatory,5,200,400,0,100,8,0,av,0,2.799125,0.2169375,2.008301330571436,0.559825,2.9119375,0.1778125,1.9199433575222342,-0.11281249999999998,0.03912499999999999,-0.32499999999999973,0.10000000000000003,2.6906565656565657,2.075,0.4,True,20
lanes-1_density-0.200_av-0.250_policy-anticipatory_seed-6,200,1,200,40,0.2,0.25,0.25,anticipatory,6,200,400,0,100,8,0,av,0,2.9396875,0.182,1.9554538865296083,0.5879375,2.9829375,0.115375,1.7749003834282504,-0.04325000000000001,0.06662499999999999,-0.2250000000000001,0.09999999999999998,3.048989898989899,2.25,0.375,True,34
lanes-1_density-0.200_av-0.250_policy-anticipatory_seed-7,200,1,200,40,0.2,0.25,0.25,anticipatory,7,200,400,0,100,8,0,human,0,2.848,0.1951875,1.9497169025271335,0.5696,2.978375,0.166875,1.917428579993268,-0.13037500000000035,0.028312500000000018,-0.5999999999999999,0.10000000000000003,2.8275252525252528,1.925,0.4,True,36
lanes-1_density-0.200_av-0.250_policy-anticipatory_seed-8,200,1,200,40,0.2,0.25,0.25,anticipatory,8,200,400,0,100,8,0,human,0,2.850875,0.172125,1.8983905642346097,0.570175,2.847875,0.2148125,2.0147848481599717,0.0029999999999996696,-0.04268749999999999,-0.02499999999999991,-0.024999999999999967,3.0166666666666666,2.125,0.4,True,90
lanes-1_density-0.200_av-0.250_policy-anticipatory_seed-9,200,1,200,40,0.2,0.25,0.25,anticipatory,9,200,400,0,100,8,0,human,0,2.841875,0.222875,2.0260790913424382,0.568375,2.8296875,0.165125,1.8850215256977174,0.012187500000000018,0.057749999999999996,-0.5250000000000001,0.125,2.6795454545454542,1.8,0.425,True,31
lanes-1_density-0.200_av-0.250_policy-anticipatory_seed-10,200,1,200,40,0.2,0.25,0.25,anticipatory,10,200,400,0,100,8,0,av,0,2.8760625,0.1839375,1.9373182485316527,0.5752125,2.893375,0.1236875,1.7852537941074373,-0.01731249999999962,0.06025,0.04999999999999982,0.07500000000000001,2.8285353535353535,2.4,0.325,True,20
lanes-1_density-0.200_av-0.500_policy-reactive_seed-1,200,1,200,40,0.2,0.5,0.5,reactive,1,200,400,0,100,8,0,human,0,3.1765625,0.1466875,1.8961508862940601,0.6353125000000001,3.1763125,0.1439375,1.9083307895497965,0.00025000000000030553,0.0027500000000000024,-0.8249999999999997,0.09999999999999998,3.1106060606060604,1.975,0.375,True,27
lanes-1_density-0.200_av-0.500_policy-reactive_seed-2,200,1,200,40,0.2,0.5,0.5,reactive,2,200,400,0,100,8,0,av,0,3.1761875,0.1233125,1.81628617371926,0.6352375000000001,3.18625,0.1465625,1.905731076909856,-0.010062499999999641,-0.023250000000000007,-0.4249999999999998,-0.024999999999999967,3.316919191919192,1.85,0.325,True,52
lanes-1_density-0.200_av-0.500_policy-reactive_seed-3,200,1,200,40,0.2,0.5,0.5,reactive,3,200,400,0,100,8,0,av,0,3.16,0.1180625,1.8317409751381335,0.6320000000000001,3.178375,0.118125,1.8341707552392716,-0.018374999999999808,-6.249999999999312e-05,0.25,0.07499999999999998,3.1194444444444445,2.675,0.3,True,20
lanes-1_density-0.200_av-0.500_policy-reactive_seed-4,200,1,200,40,0.2,0.5,0.5,reactive,4,200,400,0,100,8,0,human,0,3.1138125,0.1396875,1.8793573941227224,0.6227625,3.1565625,0.1479375,1.8965892237365871,-0.04275000000000029,-0.008250000000000007,-0.7000000000000002,0.175,3.0578282828282832,2.025,0.425,True,49
lanes-1_density-0.200_av-0.500_policy-reactive_seed-5,200,1,200,40,0.2,0.5,0.5,reactive,5,200,400,0,100,8,0,av,0,3.27025,0.133125,1.850024307272745,0.65405,3.1840625,0.121,1.850995271764288,0.08618749999999986,0.012124999999999997,0.04999999999999982,-0.04999999999999999,3.4012626262626267,2.55,0.25,True,40
lanes-1_density-0.200_av-0.500_policy-reactive_seed-6,200,1,200,40,0.2,0.5,0.5,reactive,6,200,400,0,100,8,0,av,0,3.11225,0.1419375,1.8792352001545736,0.6224500000000001,3.11625,0.143625,1.9209661468906734,-0.0040000000000000036,-0.0016875000000000084,-0.42500000000000027,0.07500000000000001,3.082323232323232,2.175,0.325,True,20
lanes-1_density-0.200_av-0.500_policy-reactive_seed-7,200,1,200,40,0.2,0.5,0.5,reactive,7,200,400,0,100,8,0,human,0,3.083,0.1538125,1.9156555013884935,0.6166,3.1029375,0.1474375,1.903606149153167,-0.01993749999999972,0.006374999999999992,-0.4750000000000001,0.0,3.1053030303030305,1.975,0.35,True,34
lanes-1_density-0.200_av-0.500_policy-reactive_seed-8,200,1,200,40,0.2,0.5,0.5,reactive,8,200,400,0,100,8,0,av,0,3.06475,0.1463125,1.8918066596510332,0.6129500000000001,3.183625,0.1066875,1.7767686566840941,-0.11887500000000006,0.03962500000000001,-0.5750000000000002,0.04999999999999999,3.1121212121212123,2.125,0.325,True,35
lanes-1_density-0.200_av-0.500_policy-reactive_seed-9,200,1,200,40,0.2,0.5,0.5,reactive,9,200,400,0,100,8,0,human,0,3.15375,0.1295,1.8229059047301372,0.63075,3.0866875,0.1371875,1.868902827153876,0.06706250000000002,-0.007687499999999986,-0.07500000000000018,-0.05000000000000002,3.191919191919192,2.5,0.225,True,20
lanes-1_density-0.200_av-0.500_policy-reactive_seed-10,200,1,200,40,0.2,0.5,0.5,reactive,10,200,400,0,100,8,0,av,0,3.085125,0.149125,1.8915942309002214,0.617025,3.2186875,0.1400625,1.8698230604374708,-0.13356250000000003,0.009062500000000001,-0.7249999999999999,0.15000000000000002,3.153030303030303,1.95,0.4,True,37
lanes-1_density-0.200_av-0.500_policy-anticipatory_seed-1,200,1,200,40,0.2,0.5,0.5,anticipatory,1,200,400,0,100,8,0,human,0,3.2024375,0.1449375,1.8921433768596263,0.6404875,3.3126875,0.1244375,1.8088778364897256,-0.11025000000000018,0.02049999999999999,-0.25,0.04999999999999999,3.278787878787879,2.425,0.3,True,52
lanes-1_density-0.200_av-0.500_policy-anticipatory_seed-2,200,1,200,40,0.2,0.5,0.5,anticipatory,2,200,400,0,100,8,0,av,0,3.06725,0.1824375,1.9757536378556917,0.61345,3.1941875,0.1426875,1.8836410790922324,-0.12693749999999993,0.03975000000000001,-0.7000000000000002,0.09999999999999998,3.0590909090909095,2.15,0.35,True,20
lanes-1_density-0.200_av-0.500_policy-anticipatory_seed-3,200,1,200,40,0.2,0.5,0.5,anticipatory,3,200,400,0,100,8,0,av,0,3.2544375,0.1576875,1.9233302000940322,0.6508875000000001,3.19225,0.131375,1.8875685252461698,0.06218749999999984,0.026312500000000016,0.25,0.0,3.2333333333333334,2.85,0.25,True,20
lanes-1_density-0.200_av-0.500_policy-anticipatory_seed-4,200,1,200,40,0.2,0.5,0.5,anticipatory,4,200,400,0,100,8,0,human,0,3.1794375,0.1445625,1.8891769857781324,0.6358875,3.254625,0.104,1.7844231867399056,-0.07518749999999974,0.040562500000000015,-0.6500000000000001,0.09999999999999998,3.309848484848485,1.95,0.35,True,48
lanes-1_density-0.200_av-0.500_policy-anticipatory_seed-5,200,1,200,40,0.2,0.5,0.5,anticipatory,5,200,400,0,100,8,0,av,0,3.2199375,0.167,1.9505934984239413,0.6439875,3.199875,0.153625,1.9326600798834233,0.020062499999999872,0.013374999999999998,0.04999999999999982,0.0,3.2659090909090907,2.75,0.3,True,20
lanes-1_density-0.200_av-0.500_policy-anticipatory_seed-6,200,1,200,40,0.2,0.5,0.5,anticipatory,6,200,400,0,100,8,0,av,0,3.208375,0.14975,1.883170162087059,0.6416750000000001,3.2634375,0.123,1.8071146016768693,-0.055062500000000014,0.026749999999999996,-0.125,0.1,3.3994949494949496,2.45,0.325,True,75
lanes-1_density-0.200_av-0.500_policy-anticipatory_seed-7,200,1,200,40,0.2,0.5,0.5,anticipatory,7,200,400,0,100,8,0,human,0,3.146875,0.1250625,1.8370636174000616,0.629375,3.1045625,0.1363125,1.8912639116722314,0.042312499999999975,-0.01125000000000001,-0.5500000000000003,0.1,3.001010101010101,2.025,0.325,True,31
lanes-1_density-0.200_av-0.500_policy-anticipatory_seed-8,200,1,200,40,0.2,0.5,0.5,anticipatory,8,200,400,0,100,8,0,av,0,3.1309375,0.1589375,1.9249786676983591,0.6261875,3.1475,0.1435,1.898813774439189,-0.016562500000000036,0.01543750000000002,-0.3999999999999999,0.024999999999999967,2.951515151515151,2.275,0.3,True,20
lanes-1_density-0.200_av-0.500_policy-anticipatory_seed-9,200,1,200,40,0.2,0.5,0.5,anticipatory,9,200,400,0,100,8,0,human,0,3.1591875,0.1243125,1.8080643904031046,0.6318375,3.2058125,0.119625,1.8172998417552757,-0.04662500000000014,0.004687500000000011,-0.44999999999999973,0.12499999999999997,3.283838383838384,2.225,0.35,True,36
lanes-1_density-0.200_av-0.500_policy-anticipatory_seed-10,200,1,200,40,0.2,0.5,0.5,anticipatory,10,200,400,0,100,8,0,av,0,3.1693125,0.1193125,1.827674964905891,0.6338625000000001,3.185375,0.102,1.7725718911725414,-0.01606249999999987,0.01731250000000001,-0.5,0.025000000000000022,3.0898989898989897,2.225,0.275,True,34
lanes-1_density-0.200_av-0.750_policy-reactive_seed-1,200,1,200,40,0.2,0.75,0.75,reactive,1,200,400,0,100,8,0,av,0,3.4854375,0.108,1.7849475996772985,0.6970875000000001,3.55925,0.107625,1.7892007817738065,-0.07381249999999984,0.00037500000000000033,-0.875,0.07500000000000001,3.578787878787879,2.3,0.275,True,45
lanes-1_density-0.200_av-0.750_policy-reactive_seed-2,200,1,200,40,0.2,0.75,0.75,reactive,2,200,400,0,100,8,0,av,0,3.551875,0.0763125,1.6804936728161162,0.710375,3.5869375,0.080125,1.6998726043717953,-0.035062499999999996,-0.0038124999999999964,-0.125,0.05000000000000002,3.4886363636363638,2.975,0.225,True,20
lanes-1_density-0.200_av-0.750_policy-reactive_seed-3,200,1,200,40,0.2,0.75,0.75,reactive,3,200,400,0,100,8,0,av,0,3.50825,0.0904375,1.6938290756448833,0.70165,3.625375,0.066625,1.5935514140983968,-0.11712500000000015,0.0238125,-0.5,0.15,3.7,2.7,0.3,True,100
lanes-1_density-0.200_av-0.750_policy-reactive_seed-4,200,1,200,40,0.2,0.75,0.75,reactive,4,200,400,0,100,8,0,human,0,3.5468125,0.1000625,1.7708214449355841,0.7093625000000001,3.4866875,0.0843125,1.7585356912339738,0.060125000000000206,0.01575,0.04999999999999982,0.04999999999999999,3.507575757575758,2.775,0.25,True,20
lanes-1_density-0.200_av-0.750_policy-reactive_seed-5,200,1,200,40,0.2,0.75,0.75,reactive,5,200,400,0,100,8,0,av,0,3.4673125,0.126,1.8344431109586772,0.6934625,3.508,0.13525,1.8635814980837302,-0.04068750000000021,-0.009250000000000008,-0.7749999999999999,0.125,3.5709595959595957,2.25,0.325,True,34
lanes-1_density-0.200_av-0.750_policy-reactive_seed-6,200,1,200,40,0.2,0.75,0.75,reactive,6,200,400,0,100,8,0,av,0,3.43075,0.0946875,1.8049111993391809,0.68615,3.5418125,0.095875,1.7471052386286723,-0.11106249999999962,-0.001187500000000008,-0.6000000000000001,0.15000000000000002,3.3575757575757574,2.525,0.325,True,44
lanes-1_density-0.200_av-0.750_policy-reactive_seed-7,200,1,200,40,0.2,0.75,0.75,reactive,7,200,400,0,100,8,0,human,0,3.4585625,0.1361875,1.840321421272314,0.6917125000000001,3.6333125,0.0788125,1.629256817491874,-0.17474999999999996,0.057374999999999995,-1.0750000000000002,0.22499999999999998,3.6308080808080807,2.275,0.35,True,51
lanes-1_density-0.200_av-0.750_policy-reactive_seed-8,200,1,200,40,0.2,0.75,0.75,reactive,8,200,400,0,100,8,0,av,0,3.434375,0.1319375,1.8721160111956203,0.6868750000000001,3.5765625,0.0873125,1.7238077571451378,-0.1421874999999999,0.04462500000000001,-0.6499999999999999,0.125,3.561868686868687,2.625,0.3,True,49
lanes-1_density-0.200_av-0.750_policy-reactive_seed-9,200,1,200,40,0.2,0.75,0.75,reactive,9,200,400,0,100,8,0,human,0,3.40125,0.0939375,1.7447416535120608,0.68025,3.51775,0.0751875,1.647933535522595,-0.11649999999999983,0.01874999999999999,-0.75,0.15,3.2535353535353537,2.425,0.3,True,35
lanes-1_density-0.200_av-0.750_policy-reactive_seed-10,200,1,200,40,0.2,0.75,0.75,reactive,10,200,400,0,100,8,0,av,0,3.516375,0.1234375,1.8225961865907105,0.7032750000000001,3.5670625,0.0779375,1.6693569483767545,-0.050687499999999996,0.0455,-0.4750000000000001,0.1,3.5063131313131315,2.8,0.25,True,20
lanes-1_density-0.200_av-0.750_policy-anticipatory_seed-1,200,1,200,40,0.2,0.75,0.75,anticipatory,1,200,400,0,100,8,0,av,0,3.4781875,0.1355,1.8822590721905819,0.6956375000000001,3.5621875,0.092625,1.7421632285304813,-0.08399999999999963,0.04287500000000001,-0.375,0.12500000000000003,3.4247474747474747,2.6,0.275,True,20
lanes-1_density-0.200_av-0.750_policy-anticipatory_seed-2,200,1,200,40,0.2,0.75,0.75,anticipatory,2,200,400,0,100,8,0,av,0,3.508375,0.093625,1.7413873375487143,0.701675,3.4995,0.118875,1.8021167415015045,0.008875000000000188,-0.025249999999999995,-0.125,-0.024999999999999994,3.494949494949495,2.925,0.225,True,20
lanes-1_density-0.200_av-0.750_policy-anticipatory_seed-3,200,1,200,40,0.2,0.75,0.75,anticipatory,3,200,400,0,100,8,0,av,0,3.5426875,0.0904375,1.7046782034576937,0.7085375,3.568625,0.0558125,1.5916314301291616,-0.025937499999999947,0.034625,-0.7749999999999999,0.12500000000000003,3.61010101010101,2.25,0.275,True,35
lanes-1_density-0.200_av-0.750_policy-anticipatory_seed-4,200,1,200,40,0.2,0.75,0.75,anticipatory,4,200,400,0,100,8,0,human,0,3.5131875,0.0991875,1.7561181878916208,0.7026375,3.5483125,0.0510625,1.5752113833843857,-0.035125000000000295,0.048125,-0.6000000000000001,0.07500000000000001,3.5681818181818183,2.6,0.225,True,44
lanes-1_density-0.200_av-0.750_policy-anticipatory_seed-5,200,1,200,40,0.2,0.75,0.75,anticipatory,5,200,400,0,100,8,0,av,0,3.534,0.086375,1.7146702306857724,0.7068,3.5874375,0.0846875,1.7009128971213516,-0.05343750000000025,0.0016874999999999946,-0.3999999999999999,0.07500000000000001,3.567929292929293,2.6,0.275,True,35
lanes-1_density-0.200_av-0.750_policy-anticipatory_seed-6,200,1,200,40,0.2,0.75,0.75,anticipatory,6,200,400,0,100,8,0,av,0,3.4673125,0.093,1.7394486273942529,0.6934625,3.578625,0.11225,1.7535872117961513,-0.11131250000000037,-0.019250000000000003,-0.8250000000000002,0.07499999999999998,3.5782828282828283,2.425,0.3,True,81
lanes-1_density-0.200_av-0.750_policy-anticipatory_seed-7,200,1,200,40,0.2,0.75,0.75,anticipatory,7,200,400,0,100,8,0,human,0,3.4731875,0.0989375,1.6912735112464068,0.6946375,3.5058125,0.0965,1.730741521673225,-0.03262500000000035,0.0024374999999999952,-0.4750000000000001,0.12499999999999997,3.5320707070707074,2.275,0.35,True,41
lanes-1_density-0.200_av-0.750_policy-anticipatory_seed-8,200,1,200,40,0.2,0.75,0.75,anticipatory,8,200,400,0,100,8,0,av,0,3.536125,0.1095,1.7989079977516915,0.7072250000000001,3.5405,0.090375,1.7148206174407865,-0.004375000000000018,0.019125000000000003,-0.07500000000000018,0.07500000000000001,3.5522727272727272,2.9,0.275,True,50
lanes-1_density-0.200_av-0.750_policy-anticipatory_seed-9,200,1,200,40,0.2,0.75,0.75,anticipatory,9,200,400,0,100,8,0,human,0,3.593,0.09575,1.694948671789208,0.7186,3.5603125,0.0894375,1.7156230362010618,0.03268749999999976,0.006312499999999999,0.0,0.05000000000000002,3.538131313131313,2.925,0.225,True,20
lanes-1_density-0.200_av-0.750_policy-anticipatory_seed-10,200,1,200,40,0.2,0.75,0.75,anticipatory,10,200,400,0,100,8,0,av,0,3.4730625,0.1274375,1.7978179471497524,0.6946125000000001,3.6215625,0.06725,1.5948268114731925,-0.14849999999999985,0.060187500000000005,-0.6749999999999998,0.2,3.528030303030303,2.45,0.325,True,42
lanes-1_density-0.200_av-1.000_policy-reactive_seed-1,200,1,200,40,0.2,1.0,1.0,reactive,1,200,400,0,100,8,0,av,0,3.9344375,0.123875,1.7828738201549066,0.7868875000000001,4.0,0.025,1.3601470508735443,-0.06556249999999997,0.09887499999999999,-1.0499999999999998,0.2,4.0,2.95,0.225,True,40
lanes-1_density-0.200_av-1.000_policy-reactive_seed-2,200,1,200,40,0.2,1.0,1.0,reactive,2,200,400,0,100,8,0,av,0,3.946875,0.1161875,1.686135443662519,0.789375,4.0,0.0,0.8660254037844386,-0.05312500000000009,0.1161875,-0.8500000000000001,0.2,4.0,3.15,0.2,True,42
lanes-1_density-0.200_av-1.000_policy-reactive_seed-3,200,1,200,40,0.2,1.0,1.0,reactive,3,200,400,0,100,8,0,av,0,3.9468125,0.1161875,1.7793562290457046,0.7893625000000001,4.0,0.0,1.3601470508735443,-0.05318749999999994,0.1161875,-1.125,0.2,4.0,2.875,0.2,True,37
lanes-1_density-0.200_av-1.000_policy-reactive_seed-4,200,1,200,40,0.2,1.0,1.0,reactive,4,200,400,0,100,8,0,av,0,3.9690625,0.122375,1.8070294328244214,0.7938125,4.0,0.025,1.51657508881031,-0.03093749999999984,0.09737499999999999,-0.5,0.17500000000000002,4.0,3.5,0.2,True,40
lanes-1_density-0.200_av-1.000_policy-reactive_seed-5,200,1,200,40,0.2,1.0,1.0,reactive,5,200,400,0,100,8,0,av,0,3.9209375,0.1161875,1.7838334062052292,0.7841875,4.0,0.0,1.3601470508735443,-0.07906250000000004,0.1161875,-1.225,0.2,4.0,2.775,0.2,True,43
lanes-1_density-0.200_av-1.000_policy-reactive_seed-6,200,1,200,40,0.2,1.0,1.0,reactive,6,200,400,0,100,8,0,av,0,3.949625,0.1161875,1.7227049542434711,0.7899250000000001,4.0,0.0,1.0723805294763609,-0.05037499999999984,0.1161875,-0.8999999999999999,0.2,4.0,3.1,0.2,True,39
lanes-1_density-0.200_av-1.000_policy-reactive_seed-7,200,1,200,40,0.2,1.0,1.0,reactive,7,200,400,0,100,8,0,av,0,3.9196875,0.132,1.8297506393888074,0.7839375000000001,4.0,0.05,1.5329709716755893,-0.08031249999999979,0.082,-1.225,0.2,4.0,2.775,0.25,True,41
lanes-1_density-0.200_av-1.000_policy-reactive_seed-8,200,1,200,40,0.2,1.0,1.0,reactive,8,200,400,0,100,8,0,av,0,3.946625,0.1161875,1.7563886555586152,0.789325,4.0,0.0,1.2449899597988732,-0.05337499999999995,0.1161875,-0.8500000000000001,0.2,4.0,3.15,0.2,True,43
lanes-1_density-0.200_av-1.000_policy-reactive_seed-9,200,1,200,40,0.2,1.0,1.0,reactive,9,200,400,0,100,8,0,av,0,3.923125,0.1161875,1.7229597309208942,0.7846250000000001,4.0,0.0,1.0488088481701516,-0.0768749999999998,0.1161875,-1.025,0.2,4.0,2.975,0.2,True,44
lanes-1_density-0.200_av-1.000_policy-reactive_seed-10,200,1,200,40,0.2,1.0,1.0,reactive,10,200,400,0,100,8,0,av,0,3.9568125,0.1161875,1.7591041299035568,0.7913625,4.0,0.0,1.284523257866513,-0.043187500000000156,0.1161875,-0.6499999999999999,0.2,4.0,3.35,0.2,True,41
lanes-1_density-0.200_av-1.000_policy-anticipatory_seed-1,200,1,200,40,0.2,1.0,1.0,anticipatory,1,200,400,0,100,8,0,av,0,3.6913125,0.1855625,2.0238328802902057,0.7382625,3.7,0.125,1.8867962264113207,-0.008687500000000181,0.06056249999999999,-0.875,0.175,3.7,2.825,0.3,True,31
lanes-1_density-0.200_av-1.000_policy-anticipatory_seed-2,200,1,200,40,0.2,1.0,1.0,anticipatory,2,200,400,0,100,8,0,av,0,3.94625,0.1224375,1.7317941383143667,0.78925,4.0,0.025,1.161895003862225,-0.053749999999999964,0.09743750000000001,-0.7999999999999998,0.17500000000000002,4.0,3.2,0.2,True,43
lanes-1_density-0.200_av-1.000_policy-anticipatory_seed-3,200,1,200,40,0.2,1.0,1.0,anticipatory,3,200,400,0,100,8,0,av,0,3.339625,0.2089375,2.0868408802242207,0.667925,3.35,0.15,1.9691368667515217,-0.010375000000000245,0.058937500000000004,-0.875,0.17500000000000002,3.3500000000000005,2.475,0.325,True,24
lanes-1_density-0.200_av-1.000_policy-anticipatory_seed-4,200,1,200,40,0.2,1.0,1.0,anticipatory,4,200,400,0,100,8,0,av,0,3.3784375,0.2560625,2.1955005257557443,0.6756875,3.4,0.2,2.083266665599966,-0.02156249999999993,0.056062500000000015,-0.2749999999999999,0.125,3.3999999999999995,3.125,0.325,True,20
lanes-1_density-0.200_av-1.000_policy-anticipatory_seed-5,200,1,200,40,0.2,1.0,1.0,anticipatory,5,200,400,0,100,8,0,av,0,3.6853125,0.1946875,2.0400758018622125,0.7370625000000001,3.75,0.15,1.920286436967152,-0.06468749999999979,0.04468750000000002,-1.25,0.19999999999999998,3.75,2.5,0.35,True,36
lanes-1_density-0.200_av-1.000_policy-anticipatory_seed-6,200,1,200,40,0.2,1.0,1.0,anticipatory,6,200,400,0,100,8,0,av,0,3.9499375,0.123,1.7628262098385508,0.7899875000000001,4.0,0.025,1.284523257866513,-0.05006250000000012,0.098,-0.8250000000000002,0.2,4.0,3.175,0.225,True,39
lanes-1_density-0.200_av-1.000_policy-anticipatory_seed-7,200,1,200,40,0.2,1.0,1.0,anticipatory,7,200,400,0,100,8,0,av,0,3.9158125,0.155375,1.9087233861520505,0.7831625,4.0,0.125,1.816590212458495,-0.08418750000000008,0.030375000000000013,-1.25,0.2,4.0,2.75,0.325,True,41
lanes-1_density-0.200_av-1.000_policy-anticipatory_seed-8,200,1,200,40,0.2,1.0,1.0,anticipatory,8,200,400,0,100,8,0,av,0,3.351625,0.21,2.096988283080046,0.6703250000000001,3.25,0.15,1.920286436967152,0.10162499999999985,0.06,-0.7250000000000001,0.17500000000000002,3.25,2.525,0.325,True,31
lanes-1_density-0.200_av-1.000_policy-anticipatory_seed-9,200,1,200,40,0.2,1.0,1.0,anticipatory,9,200,400,0,100,8,0,av,0,3.915,0.1325,1.8171818841271778,0.783,4.0,0.05,1.466287829861518,-0.08499999999999996,0.0825,-1.125,0.2,4.0,2.875,0.25,True,45
lanes-1_density-0.200_av-1.000_policy-anticipatory_seed-10,200,1,200,40,0.2,1.0,1.0,anticipatory,10,200,400,0,100,8,0,av,0,3.822625,0.15575,1.9229958682677921,0.764525,3.875,0.075,1.6909686573085854,-0.05237500000000006,0.08075,-0.625,0.175,3.875,3.25,0.25,True,44
lanes-1_density-0.300_av-0.000_policy-reactive_seed-1,200,1,200,60,0.3,0.0,0.0,reactive,1,200,400,0,100,8,0,human,0,1.53425,0.3842083333333333,1.7342847529072805,0.46027499999999993,1.53425,0.39816666666666667,1.7475202252048472,0.0,-0.01395833333333335,-0.18333333333333324,0.016666666666666607,1.4757575757575756,0.9666666666666667,0.5666666666666667,True,20
lanes-1_density-0.300_av-0.000_policy-reactive_seed-2,200,1,200,60,0.3,0.0,0.0,reactive,2,200,400,0,100,8,0,human,0,1.5871666666666666,0.32395833333333335,1.595013679843809,0.47614999999999996,1.597,0.331375,1.6336587771012647,-0.00983333333333336,-0.007416666666666627,-0.1333333333333333,0.016666666666666663,1.583838383838384,1.1333333333333333,0.4666666666666667,True,20
lanes-1_density-0.300_av-0.000_policy-reactive_seed-3,200,1,200,60,0.3,0.0,0.0,reactive,3,200,400,0,100,8,0,human,0,1.5785833333333332,0.3137083333333333,1.5667082241828636,0.47357499999999997,1.6004166666666666,0.30216666666666664,1.5606621969713868,-0.02183333333333337,0.011541666666666672,-0.10000000000000009,0.016666666666666663,1.6409090909090909,1.1833333333333333,0.45,True,44
lanes-1_density-0.300_av-0.000_policy-reactive_seed-4,200,1,200,60,0.3,0.0,0.0,reactive,4,200,400,0,100,8,0,human,0,1.6025833333333332,0.32358333333333333,1.6440731917169085,0.48077499999999995,1.6172916666666666,0.32979166666666665,1.6509823333187292,-0.014708333333333323,-0.006208333333333316,-0.050000000000000044,0.016666666666666663,1.6550505050505049,1.2666666666666666,0.4666666666666667,True,21
lanes-1_density-0.300_av-0.000_policy-reactive_seed-5,200,1,200,60,0.3,0.0,0.0,reactive,5,200,400,0,100,8,0,human,0,1.5940416666666666,0.379125,1.7325769338177228,0.47821249999999993,1.60725,0.3849166666666667,1.7796996293850638,-0.013208333333333488,-0.005791666666666695,0.016666666666666607,-0.033333333333333326,1.6111111111111112,1.1166666666666667,0.55,True,53
lanes-1_density-0.300_av-0.000_policy-reactive_seed-6,200,1,200,60,0.3,0.0,0.0,reactive,6,200,400,0,100,8,0,human,0,1.566375,0.35475,1.6771039600180824,0.4699125,1.5842083333333334,0.3582916666666667,1.6964892051716358,-0.017833333333333368,-0.003541666666666665,-0.1499999999999999,0.01666666666666672,1.5754208754208754,1.1666666666666667,0.5166666666666667,True,20
lanes-1_density-0.300_av-0.000_policy-reactive_seed-7,200,1,200,60,0.3,0.0,0.0,reactive,7,200,400,0,100,8,0,human,0,1.587125,0.324875,1.5802138782587838,0.47613749999999994,1.598875,0.33316666666666667,1.62631190152494,-0.01175000000000015,-0.008291666666666642,-0.16666666666666652,0.0,1.6033670033670036,1.05,0.5166666666666667,True,27
lanes-1_density-0.300_av-0.000_policy-reactive_seed-8,200,1,200,60,0.3,0.0,0.0,reactive,8,200,400,0,100,8,0,human,0,1.6054583333333334,0.374,1.737060315570693,0.4816375,1.6077916666666667,0.34129166666666666,1.6499891787313503,-0.0023333333333332984,0.03270833333333334,-0.033333333333333215,0.01666666666666672,1.6045454545454545,1.2333333333333334,0.5166666666666667,True,25
lanes-1_density-0.300_av-0.000_policy-reactive_seed-9,200,1,200,60,0.3,0.0,0.0,reactive,9,200,400,0,100,8,0,human,0,1.59,0.3217083333333333,1.5929218436571206,0.477,1.6022916666666667,0.33208333333333334,1.6381757379060065,-0.01229166666666659,-0.010375000000000023,0.01666666666666683,-0.033333333333333326,1.6164983164983164,1.2833333333333334,0.45,True,20
lanes-1_density-0.300_av-0.000_policy-reactive_seed-10,200,1,200,60,0.3,0.0,0.0,reactive,10,200,400,0,100,8,0,human,0,1.5758333333333334,0.3431666666666667,1.651312398938762,0.47275,1.5652916666666667,0.33958333333333335,1.6303845144414724,0.010541666666666671,0.0035833333333333273,-0.18333333333333346,-0.01666666666666672,1.6047138047138048,0.9833333333333333,0.5,True,39
lanes-1_density-0.300_av-0.250_policy-reactive_seed-1,200,1,200,60,0.3,0.25,0.25,reactive,1,200,400,0,100,8,0,av,0,1.6650833333333332,0.37145833333333333,1.8057539957191167,0.49952499999999994,1.6902916666666667,0.35241666666666666,1.748486702341167,-0.0252083333333335,0.01904166666666668,-0.16666666666666674,0.033333333333333326,1.7163299663299663,1.1333333333333333,0.55,True,29
lanes-1_density-0.300_av-0.250_policy-reactive_seed-2,200,1,200,60,0.3,0.25,0.25,reactive,2,200,400,0,100,8,0,av,0,1.723125,0.3424583333333333,1.752726038977094,0.5169374999999999,1.7413333333333334,0.2997916666666667,1.6834265320734638,-0.018208333333333382,0.04266666666666663,0.050000000000000044,0.08333333333333331,1.7904040404040404,1.3166666666666667,0.5333333333333333,True,20
lanes-1_density-0.300_av-0.250_policy-reactive_seed-3,200,1,200,60,0.3,0.25,0.25,reactive,3,200,400,0,100,8,0,human,0,1.7405416666666667,0.327125,1.7301415279095587,0.5221625,1.749,0.2990833333333333,1.658312093666328,-0.008458333333333456,0.028041666666666687,-0.06666666666666665,0.033333333333333326,1.7136363636363636,1.4333333333333333,0.43333333333333335,True,20
lanes-1_density-0.300_av-0.250_policy-reactive_seed-4,200,1,200,60,0.3,0.25,0.25,reactive,4,200,400,0,100,8,0,human,0,1.718,0.34475,1.7586858730313382,0.5154,1.7445,0.31216666666666665,1.7313683653881016,-0.026499999999999968,0.03258333333333335,-0.050000000000000044,-0.016666666666666663,1.7042087542087543,1.3833333333333333,0.45,True,24
lanes-1_density-0.300_av-0.250_policy-reactive_seed-5,200,1,200,60,0.3,0.25,0.25,reactive,5,200,400,0,100,8,0,human,0,1.6853333333333333,0.3253333333333333,1.6992355797697845,0.5055999999999999,1.7575416666666666,0.30333333333333334,1.6923127045349968,-0.07220833333333321,0.021999999999999964,-0.18333333333333335,0.03333333333333338,1.7244107744107744,1.1666666666666667,0.5166666666666667,True,72
lanes-1_density-0.300_av-0.250_policy-reactive_seed-6,200,1,200,60,0.3,0.25,0.25,reactive,6,200,400,0,100,8,0,human,0,1.7100416666666667,0.353625,1.780369577249966,0.5130125,1.743875,0.32108333333333333,1.744641792568033,-0.03383333333333338,0.03254166666666669,-0.16666666666666652,0.04999999999999999,1.7151515151515153,1.2833333333333334,0.48333333333333334,True,20
lanes-1_density-0.300_av-0.250_policy-reactive_seed-7,200,1,200,60,0.3,0.25,0.25,reactive,7,200,400,0,100,8,0,av,0,1.7041666666666666,0.35483333333333333,1.7671019510926798,0.51125,1.73625,0.301875,1.6573128665101227,-0.032083333333333464,0.05295833333333333,-0.050000000000000044,0.1166666666666667,1.7168350168350168,1.3166666666666667,0.5166666666666667,True,20
lanes-1_density-0.300_av-0.250_policy-reactive_seed-8,200,1,200,60,0.3,0.25,0.25,reactive,8,200,400,0,100,8,0,human,0,1.6889583333333333,0.33829166666666666,1.7159190195336207,0.5066875,1.6745416666666666,0.33816666666666667,1.7186579667278834,0.014416666666666744,0.00012499999999998623,-0.08333333333333348,-0.033333333333333326,1.6846801346801346,1.2666666666666666,0.4666666666666667,True,20
lanes-1_density-0.300_av-0.250_policy-reactive_seed-9,200,1,200,60,0.3,0.25,0.25,reactive,9,200,400,0,100,8,0,human,0,1.7040416666666667,0.33066666666666666,1.7226530889678733,0.5112125,1.7290833333333333,0.31758333333333333,1.709148177618183,-0.02504166666666663,0.013083333333333336,-0.016666666666666607,-0.033333333333333326,1.7205387205387206,1.3666666666666667,0.45,True,20
lanes-1_density-0.300_av-0.250_policy-reactive_seed-10,200,1,200,60,0.3,0.25,0.25,reactive,10,200,400,0,100,8,0,av,0,1.6990833333333333,0.35220833333333335,1.7457660667232084,0.509725,1.6994166666666666,0.3137083333333333,1.6799998987268487,-0.0003333333333332966,0.038500000000000034,0.06666666666666665,0.06666666666666665,1.6528619528619528,1.3666666666666667,0.5,True,20
lanes-1_density-0.300_av-0.250_policy-anticipatory_seed-1,200,1,200,60,0.3,0.25,0.25,anticipatory,1,200,400,0,100,8,0,av,0,1.6712916666666666,0.373125,1.8105917536164493,0.5013875,1.7339583333333333,0.34908333333333336,1.7879262190958987,-0.06266666666666665,0.024041666666666628,-0.2833333333333332,0.06666666666666665,1.673905723905724,1.1,0.5666666666666667,True,25
lanes-1_density-0.300_av-0.250_policy-anticipatory_seed-2,200,1,200,60,0.3,0.25,0.25,anticipatory,2,200,400,0,100,8,0,av,0,1.7015416666666667,0.3265416666666667,1.7114217159807676,0.5104625,1.7147083333333333,0.363625,1.8033488287804689,-0.013166666666666549,-0.0370833333333333,0.01666666666666683,-0.050000000000000044,1.6632996632996633,1.35,0.4666666666666667,True,20
lanes-1_density-0.300_av-0.250_policy-anticipatory_seed-3,200,1,200,60,0.3,0.25,0.25,anticipatory,3,200,400,0,100,8,0,human,0,1.715125,0.34379166666666666,1.757594350537594,0.5145375,1.7426666666666666,0.29075,1.6396227885976973,-0.027541666666666575,0.053041666666666654,-0.09999999999999987,0.033333333333333326,1.7163299663299663,1.3666666666666667,0.48333333333333334,True,20
lanes-1_density-0.300_av-0.250_policy-anticipatory_seed-4,200,1,200,60,0.3,0.25,0.25,anticipatory,4,200,400,0,100,8,0,human,0,1.7225833333333334,0.30354166666666665,1.676516227097794,0.516775,1.7525416666666667,0.30666666666666664,1.6779867023501376,-0.02995833333333331,-0.003124999999999989,-0.21666666666666656,0.0,1.7601010101010102,1.1,0.4666666666666667,True,20
lanes-1_density-0.300_av-0.250_policy-anticipatory_seed-5,200,1,200,60,0.3,0.25,0.25,anticipatory,5,200,400,0,100,8,0,human,0,1.695875,0.31883333333333336,1.700357702869703,0.5087625,1.7525833333333334,0.2896666666666667,1.6731810998979026,-0.05670833333333336,0.029166666666666674,-0.25,0.13333333333333336,1.745791245791246,1.15,0.55,True,81
lanes-1_density-0.300_av-0.250_policy-anticipatory_seed-6,200,1,200,60,0.3,0.25,0.25,anticipatory,6,200,400,0,100,8,0,human,0,1.6995833333333332,0.360375,1.772991772792217,0.509875,1.7015833333333332,0.2949583333333333,1.627865932150297,-0.0020000000000000018,0.06541666666666668,-0.06666666666666665,0.10000000000000003,1.6676767676767676,1.3166666666666667,0.5166666666666667,True,20
lanes-1_density-0.300_av-0.250_policy-anticipatory_seed-7,200,1,200,60,0.3,0.25,0.25,anticipatory,7,200,400,0,100,8,0,av,0,1.68125,0.3634583333333333,1.7630178021884333,0.5043749999999999,1.7280416666666667,0.347625,1.7817819727070674,-0.04679166666666679,0.01583333333333331,-0.1166666666666667,0.0,1.6567340067340066,1.3166666666666667,0.48333333333333334,True,20
lanes-1_density-0.300_av-0.250_policy-anticipatory_seed-8,200,1,200,60,0.3,0.25,0.25,anticipatory,8,200,400,0,100,8,0,human,0,1.6985833333333333,0.35441666666666666,1.7845115091780408,0.509575,1.71325,0.34329166666666666,1.7609015979037557,-0.014666666666666606,0.011124999999999996,-0.06666666666666665,0.050000000000000044,1.62996632996633,1.3166666666666667,0.5166666666666667,True,20
lanes-1_density-0.300_av-0.250_policy-anticipatory_seed-9,200,1,200,60,0.3,0.25,0.25,anticipatory,9,200,400,0,100,8,0,human,0,1.6897083333333334,0.303625,1.6452742673884362,0.5069125,1.7130416666666666,0.31466666666666665,1.6635393738243436,-0.023333333333333206,-0.011041666666666672,-0.03333333333333344,0.0,1.712962962962963,1.3333333333333333,0.4666666666666667,True,20
lanes-1_density-0.300_av-0.250_policy-anticipatory_seed-10,200,1,200,60,0.3,0.25,0.25,anticipatory,10,200,400,0,100,8,0,av,0,1.6883333333333332,0.32775,1.68862287744251,0.5065,1.695,0.315875,1.6805926534013729,-0.006666666666666821,0.011874999999999969,-0.03333333333333344,0.03333333333333338,1.6811447811447813,1.25,0.5166666666666667,True,20
lanes-1_density-0.300_av-0.500_policy-reactive_seed-1,200,1,200,60,0.3,0.5,0.5,reactive,1,200,400,0,100,8,0,av,0,1.8316666666666668,0.36270833333333335,1.8885172019926697,0.5495,1.8029166666666667,0.356375,1.8584468855441871,0.028750000000000053,0.0063333333333333575,0.08333333333333326,0.0,1.9132996632996633,1.4666666666666666,0.48333333333333334,True,35
lanes-1_density-0.300_av-0.500_policy-reactive_seed-2,200,1,200,60,0.3,0.5,0.5,reactive,2,200,400,0,100,8,0,av,0,1.8890833333333332,0.27425,1.7232326675144274,0.5667249999999999,1.8804166666666666,0.27066666666666667,1.720644208735657,0.0086666666666666,0.0035833333333333273,-0.3500000000000001,-0.04999999999999999,1.9037037037037037,1.1833333333333333,0.38333333333333336,True,37
lanes-1_density-0.300_av-0.500_policy-reactive_seed-3,200,1,200,60,0.3,0.5,0.5,reactive,3,200,400,0,100,8,0,human,0,1.9129166666666666,0.27395833333333336,1.7070929948469578,0.5738749999999999,1.919375,0.26029166666666664,1.6694434030663234,-0.006458333333333455,0.013666666666666716,-0.08333333333333326,0.04999999999999999,1.9112794612794612,1.55,0.4666666666666667,True,20
lanes-1_density-0.300_av-0.500_policy-reactive_seed-4,200,1,200,60,0.3,0.5,0.5,reactive,4,200,400,0,100,8,0,human,0,1.9099166666666667,0.3035833333333333,1.7969098455558519,0.572975,1.86375,0.2919583333333333,1.7769644352565603,0.04616666666666669,0.011624999999999996,0.1166666666666667,-0.033333333333333326,1.8703703703703702,1.55,0.43333333333333335,True,20
lanes-1_density-0.300_av-0.500_policy-reactive_seed-5,200,1,200,60,0.3,0.5,0.5,reactive,5,200,400,0,100,8,0,human,0,1.8820833333333333,0.2980833333333333,1.776071224094224,0.5646249999999999,1.8676666666666666,0.29175,1.7551793513927731,0.014416666666666744,0.006333333333333302,-0.3500000000000001,0.04999999999999999,1.923063973063973,1.2,0.4666666666666667,True,28
lanes-1_density-0.300_av-0.500_policy-reactive_seed-6,200,1,200,60,0.3,0.5,0.5,reactive,6,200,400,0,100,8,0,av,0,1.890875,0.31054166666666666,1.8183692513829528,0.5672625,1.8786666666666667,0.32129166666666664,1.8346965840583984,0.012208333333333377,-0.010749999999999982,0.1333333333333333,-0.016666666666666663,1.914983164983165,1.55,0.45,True,20
lanes-1_density-0.300_av-0.500_policy-reactive_seed-7,200,1,200,60,0.3,0.5,0.5,reactive,7,200,400,0,100,8,0,av,0,1.8840416666666666,0.3045833333333333,1.7746864506903435,0.5652125,1.8840416666666666,0.29925,1.7472631928048377,0.0,0.005333333333333301,0.03333333333333344,0.04999999999999999,1.8910774410774411,1.55,0.45,True,20
lanes-1_density-0.300_av-0.500_policy-reactive_seed-8,200,1,200,60,0.3,0.5,0.5,reactive,8,200,400,0,100,8,0,human,0,1.8584166666666666,0.28425,1.7097136679540492,0.5575249999999999,1.8547083333333334,0.25125,1.6459592942305374,0.0037083333333332025,0.03300000000000003,-0.03333333333333344,0.04999999999999999,1.886195286195286,1.5,0.43333333333333335,True,20
lanes-1_density-0.300_av-0.500_policy-reactive_seed-9,200,1,200,60,0.3,0.5,0.5,reactive,9,200,400,0,100,8,0,av,0,1.8354166666666667,0.28191666666666665,1.6904868114605989,0.550625,1.8347083333333334,0.32679166666666665,1.7949151321433618,0.0007083333333333108,-0.044875,-0.2666666666666666,-0.06666666666666665,1.786026936026936,1.1166666666666667,0.4166666666666667,True,20
lanes-1_density-0.300_av-0.500_policy-reactive_seed-10,200,1,200,60,0.3,0.5,0.5,reactive,10,200,400,0,100,8,0,av,0,1.8607083333333334,0.3300416666666667,1.8401692399334422,0.5582125,1.842125,0.3373333333333333,1.8443247592840946,0.018583333333333396,-0.007291666666666641,0.01666666666666683,0.0,1.8227272727272725,1.5333333333333334,0.4666666666666667,True,20
lanes-1_density-0.300_av-0.500_policy-anticipatory_seed-1,200,1,200,60,0.3,0.5,0.5,anticipatory,1,200,400,0,100,8,0,av,0,1.8594583333333334,0.2994583333333333,1.769851134963208,0.5578375,1.85275,0.32495833333333335,1.8349797739575586,0.006708333333333538,-0.025500000000000023,-0.1166666666666667,-0.04999999999999999,1.8957912457912458,1.4333333333333333,0.43333333333333335,True,29
lanes-1_density-0.300_av-0.500_policy-anticipatory_seed-2,200,1,200,60,0.3,0.5,0.5,anticipatory,2,200,400,0,100,8,0,av,0,1.8402916666666667,0.356875,1.87952607012084,0.5520875,1.8738333333333332,0.32445833333333335,1.8411043711738766,-0.03354166666666658,0.03241666666666665,-0.1333333333333333,0.06666666666666671,1.861952861952862,1.3666666666666667,0.5166666666666667,True,20
lanes-1_density-0.300_av-0.500_policy-anticipatory_seed-3,200,1,200,60,0.3,0.5,0.5,anticipatory,3,200,400,0,100,8,0,human,0,1.869,0.26145833333333335,1.6463107240129367,0.5607,1.9029166666666666,0.25604166666666667,1.674562079984562,-0.033916666666666595,0.005416666666666681,-0.06666666666666665,0.0,1.9005050505050505,1.5333333333333334,0.38333333333333336,True,20
lanes-1_density-0.300_av-0.500_policy-anticipatory_seed-4,200,1,200,60,0.3,0.5,0.5,anticipatory,4,200,400,0,100,8,0,human,0,1.8897083333333333,0.30791666666666667,1.772440148946424,0.5669124999999999,1.8624166666666666,0.34325,1.8622085883135886,0.027291666666666714,-0.03533333333333333,0.050000000000000044,0.0,1.8335016835016837,1.6,0.45,True,20
lanes-1_density-0.300_av-0.500_policy-anticipatory_seed-5,200,1,200,60,0.3,0.5,0.5,anticipatory,5,200,400,0,100,8,0,human,0,1.858375,0.41191666666666665,1.9929418855990257,0.5575125,1.837125,0.4119583333333333,1.991401533520634,0.021250000000000213,-4.166666666666208e-05,0.08333333333333348,0.0,1.9084175084175083,1.55,0.5333333333333333,True,24
lanes-1_density-0.300_av-0.500_policy-anticipatory_seed-6,200,1,200,60,0.3,0.5,0.5,anticipatory,6,200,400,0,100,8,0,av,0,1.8774166666666667,0.31504166666666666,1.7970735450695636,0.563225,1.8965833333333333,0.3042916666666667,1.7753793002404366,-0.019166666666666554,0.010749999999999982,0.016666666666666607,0.033333333333333326,1.8959595959595958,1.5166666666666666,0.43333333333333335,True,21
lanes-1_density-0.300_av-0.500_policy-anticipatory_seed-7,200,1,200,60,0.3,0.5,0.5,anticipatory,7,200,400,0,100,8,0,av,0,1.8759166666666667,0.26675,1.6864716599226393,0.562775,1.87325,0.30133333333333334,1.7878341937010453,0.002666666666666595,-0.034583333333333355,-0.1333333333333333,-0.016666666666666663,1.8703703703703702,1.45,0.45,True,20
lanes-1_density-0.300_av-0.500_policy-anticipatory_seed-8,200,1,200,60,0.3,0.5,0.5,anticipatory,8,200,400,0,100,8,0,human,0,1.883125,0.28875,1.7324977828869892,0.5649375,1.8604583333333333,0.28220833333333334,1.7272530571007507,0.022666666666666613,0.006541666666666668,-0.16666666666666674,0.0,1.9124579124579126,1.3833333333333333,0.4166666666666667,True,20
lanes-1_density-0.300_av-0.500_policy-anticipatory_seed-9,200,1,200,60,0.3,0.5,0.5,anticipatory,9,200,400,0,100,8,0,av,0,1.8454166666666667,0.3020833333333333,1.741030535742808,0.553625,1.85675,0.31929166666666664,1.8041099663915539,-0.011333333333333195,-0.017208333333333325,-0.18333333333333335,-0.04999999999999999,1.825084175084175,1.4166666666666667,0.4,True,20
lanes-1_density-0.300_av-0.500_policy-anticipatory_seed-10,200,1,200,60,0.3,0.5,0.5,anticipatory,10,200,400,0,100,8,0,av,0,1.86125,0.32666666666666666,1.8220405513690778,0.558375,1.871,0.28075,1.700791678405481,-0.009749999999999925,0.04591666666666666,-0.18333333333333335,0.08333333333333331,1.894949494949495,1.4166666666666667,0.4666666666666667,True,42
lanes-1_density-0.300_av-0.750_policy-reactive_seed-1,200,1,200,60,0.3,0.75,0.75,reactive,1,200,400,0,100,8,0,av,0,2.0722916666666666,0.2843333333333333,1.8675694315331952,0.6216875,2.1067916666666666,0.299,1.8999922473343294,-0.034499999999999975,-0.014666666666666661,-0.1166666666666667,-0.016666666666666663,2.073737373737374,1.5833333333333333,0.38333333333333336,True,39
lanes-1_density-0.300_av-0.750_policy-reactive_seed-2,200,1,200,60,0.3,0.75,0.75,reactive,2,200,400,0,100,8,0,av,0,2.0548333333333333,0.275375,1.8311635569282778,0.6164499999999999,2.0585833333333334,0.28141666666666665,1.8462758893844176,-0.003750000000000142,-0.006041666666666667,-0.03333333333333344,-0.03333333333333338,2.0225589225589222,1.7666666666666666,0.36666666666666664,True,20
lanes-1_density-0.300_av-0.750_policy-reactive_seed-3,200,1,200,60,0.3,0.75,0.75,reactive,3,200,400,0,100,8,0,human,0,2.066708333333333,0.24708333333333332,1.7803113018787535,0.6200125,2.0839166666666666,0.26358333333333334,1.8182751881170853,-0.017208333333333492,-0.016500000000000015,-0.016666666666666607,-0.050000000000000044,2.0801346801346803,1.6833333333333333,0.36666666666666664,True,21
lanes-1_density-0.300_av-0.750_policy-reactive_seed-4,200,1,200,60,0.3,0.75,0.75,reactive,4,200,400,0,100,8,0,human,0,2.105166666666667,0.22475,1.7585097778769638,0.6315500000000001,2.0890833333333334,0.21604166666666666,1.7243300611316332,0.01608333333333345,0.008708333333333346,-0.2666666666666666,0.050000000000000044,2.116329966329966,1.5666666666666667,0.4166666666666667,True,24
lanes-1_density-0.300_av-0.750_policy-reactive_seed-5,200,1,200,60,0.3,0.75,0.75,reactive,5,200,400,0,100,8,0,human,0,2.0796666666666668,0.293625,1.9031955291619993,0.6239,2.06725,0.2520833333333333,1.7839499537543086,0.012416666666666742,0.0415416666666667,-0.10000000000000009,0.08333333333333337,2.08030303030303,1.5,0.45,True,34
lanes-1_density-0.300_av-0.750_policy-reactive_seed-6,200,1,200,60,0.3,0.75,0.75,reactive,6,200,400,0,100,8,0,av,0,2.0789166666666667,0.2525,1.7852699589666794,0.623675,2.1093333333333333,0.21620833333333334,1.7028053976371529,-0.030416666666666536,0.036291666666666667,-0.06666666666666665,0.0,2.0675084175084177,1.7333333333333334,0.35,True,20
lanes-1_density-0.300_av-0.750_policy-reactive_seed-7,200,1,200,60,0.3,0.75,0.75,reactive,7,200,400,0,100,8,0,av,0,2.08225,0.21804166666666666,1.6805708169646805,0.624675,2.104125,0.22620833333333334,1.7113443987233157,-0.021874999999999645,-0.008166666666666683,-0.3166666666666669,0.06666666666666671,2.1277777777777778,1.4666666666666666,0.38333333333333336,True,20
lanes-1_density-0.300_av-0.750_policy-reactive_seed-8,200,1,200,60,0.3,0.75,0.75,reactive,8,200,400,0,100,8,0,av,0,2.061375,0.2941666666666667,1.8859192566778498,0.6184124999999999,2.0608333333333335,0.26358333333333334,1.8190563411346616,0.0005416666666664405,0.03058333333333335,-0.15000000000000013,0.08333333333333337,2.0496632996632997,1.5833333333333333,0.43333333333333335,True,24
lanes-1_density-0.300_av-0.750_policy-reactive_seed-9,200,1,200,60,0.3,0.75,0.75,reactive,9,200,400,0,100,8,0,av,0,2.060125,0.25804166666666667,1.7965040080783752,0.6180375,2.068375,0.255625,1.7865329158386642,-0.008249999999999869,0.002416666666666678,0.0,0.016666666666666663,2.084848484848485,1.75,0.36666666666666664,True,20
lanes-1_density-0.300_av-0.750_policy-reactive_seed-10,200,1,200,60,0.3,0.75,0.75,reactive,10,200,400,0,100,8,0,av,0,2.070708333333333,0.28070833333333334,1.8483664855570596,0.6212125,2.076125,0.2654166666666667,1.8081288627680827,-0.005416666666667069,0.015291666666666648,0.050000000000000044,0.0,2.128787878787879,1.6666666666666667,0.4166666666666667,True,32
lanes-1_density-0.300_av-0.750_policy-anticipatory_seed-1,200,1,200,60,0.3,0.75,0.75,anticipatory,1,200,400,0,100,8,0,av,0,2.0381666666666667,0.34508333333333335,1.9851851229097557,0.6114499999999999,2.0839166666666666,0.3134166666666667,1.9250864897597602,-0.04574999999999996,0.031666666666666676,-0.050000000000000044,0.04999999999999999,2.0863636363636364,1.75,0.4666666666666667,True,20
lanes-1_density-0.300_av-0.750_policy-anticipatory_seed-2,200,1,200,60,0.3,0.75,0.75,anticipatory,2,200,400,0,100,8,0,av,0,2.1053333333333333,0.22575,1.7282423312590036,0.6315999999999999,2.0755416666666666,0.23325,1.7265095201776006,0.02979166666666666,-0.007500000000000007,0.20000000000000018,0.016666666666666663,2.0850168350168348,1.9166666666666667,0.36666666666666664,True,20
lanes-1_density-0.300_av-0.750_policy-anticipatory_seed-3,200,1,200,60,0.3,0.75,0.75,anticipatory,3,200,400,0,100,8,0,human,0,2.066625,0.25254166666666666,1.747074538395066,0.6199875,2.071083333333333,0.22695833333333335,1.7127795615282455,-0.004458333333333009,0.02558333333333332,0.1166666666666667,0.06666666666666671,2.0604377104377103,1.8666666666666667,0.38333333333333336,True,20
lanes-1_density-0.300_av-0.750_policy-anticipatory_seed-4,200,1,200,60,0.3,0.75,0.75,anticipatory,4,200,400,0,100,8,0,human,0,2.077375,0.24970833333333334,1.7650462060169982,0.6232125,2.08175,0.22908333333333333,1.6976896862599282,-0.004375000000000018,0.020625000000000004,-0.2666666666666666,0.03333333333333338,2.0885521885521885,1.55,0.38333333333333336,True,23
lanes-1_density-0.300_av-0.750_policy-anticipatory_seed-5,200,1,200,60,0.3,0.75,0.75,anticipatory,5,200,400,0,100,8,0,human,0,2.092041666666667,0.28329166666666666,1.8822823021349788,0.6276125,2.1030416666666665,0.27091666666666664,1.8811142305197441,-0.010999999999999677,0.012375000000000025,-0.1499999999999999,0.0,2.1072390572390574,1.6833333333333333,0.4,True,20
lanes-1_density-0.300_av-0.750_policy-anticipatory_seed-6,200,1,200,60,0.3,0.75,0.75,anticipatory,6,200,400,0,100,8,0,av,0,2.0817083333333333,0.22516666666666665,1.719820363176696,0.6245124999999999,2.0860833333333333,0.22616666666666665,1.7427486890127204,-0.004375000000000018,-0.0010000000000000009,-0.16666666666666674,0.0,2.0686868686868687,1.6166666666666667,0.35,True,22
lanes-1_density-0.300_av-0.750_policy-anticipatory_seed-7,200,1,200,60,0.3,0.75,0.75,anticipatory,7,200,400,0,100,8,0,av,0,2.093375,0.24766666666666667,1.7480911807001565,0.6280125,2.1050833333333334,0.26275,1.8058352157350595,-0.011708333333333432,-0.01508333333333331,0.016666666666666607,0.016666666666666663,2.1178451178451176,1.8333333333333333,0.4,True,20
lanes-1_density-0.300_av-0.750_policy-anticipatory_seed-8,200,1,200,60,0.3,0.75,0.75,anticipatory,8,200,400,0,100,8,0,av,0,2.0445,0.29154166666666664,1.8402272731015228,0.6133500000000001,2.0686666666666667,0.2415,1.7766170724785413,-0.024166666666666448,0.05004166666666665,-0.2333333333333334,0.1166666666666667,2.0297979797979795,1.5666666666666667,0.43333333333333335,True,24
lanes-1_density-0.300_av-0.750_policy-anticipatory_seed-9,200,1,200,60,0.3,0.75,0.75,anticipatory,9,200,400,0,100,8,0,av,0,2.0455,0.228625,1.7061935460746143,0.61365,2.047833333333333,0.24670833333333334,1.7511316261841148,-0.0023333333333330764,-0.01808333333333334,-0.050000000000000044,-0.03333333333333338,2.102188552188552,1.5666666666666667,0.36666666666666664,True,48
lanes-1_density-0.300_av-0.750_policy-anticipatory_seed-10,200,1,200,60,0.3,0.75,0.75,anticipatory,10,200,400,0,100,8,0,av,0,2.0713333333333335,0.2617083333333333,1.7636595161450208,0.6214000000000001,2.0763333333333334,0.24604166666666666,1.7558492405544264,-0.004999999999999893,0.015666666666666662,-0.033333333333333215,0.03333333333333338,2.048989898989899,1.6833333333333333,0.4,True,20
lanes-1_density-0.300_av-1.000_policy-reactive_seed-1,200,1,200,60,0.3,1.0,1.0,reactive,1,200,400,0,100,8,0,av,0,2.3249166666666667,0.15829166666666666,1.5440247708685102,0.697475,2.3333333333333335,0.08333333333333333,1.286683937707919,-0.008416666666666739,0.07495833333333334,-0.3166666666666669,0.11666666666666668,2.3333333333333335,2.0166666666666666,0.2,True,21
lanes-1_density-0.300_av-1.000_policy-reactive_seed-2,200,1,200,60,0.3,1.0,1.0,reactive,2,200,400,0,100,8,0,av,0,2.318,0.12970833333333334,1.6290977052753262,0.6954,2.3333333333333335,0.06666666666666667,1.3123346456686351,-0.015333333333333421,0.06304166666666668,-0.5666666666666669,0.13333333333333336,2.3333333333333335,1.7666666666666666,0.2,True,24
lanes-1_density-0.300_av-1.000_policy-reactive_seed-3,200,1,200,60,0.3,1.0,1.0,reactive,3,200,400,0,100,8,0,av,0,2.313875,0.21583333333333332,1.8146461962896054,0.6941624999999999,2.3333333333333335,0.11666666666666667,1.4907119849998598,-0.019458333333333577,0.09916666666666665,-0.5000000000000002,0.13333333333333333,2.3333333333333335,1.8333333333333333,0.25,True,30
lanes-1_density-0.300_av-1.000_policy-reactive_seed-4,200,1,200,60,0.3,1.0,1.0,reactive,4,200,400,0,100,8,0,av,0,2.313041666666667,0.19916666666666666,1.7756350736935096,0.6939125,2.3333333333333335,0.1,1.5238839267549948,-0.020291666666666597,0.09916666666666665,-0.6000000000000001,0.13333333333333333,2.3333333333333335,1.7333333333333334,0.23333333333333334,True,26
lanes-1_density-0.300_av-1.000_policy-reactive_seed-5,200,1,200,60,0.3,1.0,1.0,reactive,5,200,400,0,100,8,0,av,0,2.328125,0.1325,1.5017630697644464,0.6984374999999999,2.3333333333333335,0.03333333333333333,1.2337837015547832,-0.005208333333333481,0.09916666666666668,-0.2333333333333334,0.13333333333333333,2.3333333333333335,2.1,0.16666666666666666,True,20
lanes-1_density-0.300_av-1.000_policy-reactive_seed-6,200,1,200,60,0.3,1.0,1.0,reactive,6,200,400,0,100,8,0,av,0,2.3236666666666665,0.11583333333333333,1.4877801883641577,0.6970999999999999,2.3333333333333335,0.016666666666666666,1.1055415967851332,-0.009666666666666934,0.09916666666666667,-0.30000000000000027,0.13333333333333333,2.3333333333333335,2.033333333333333,0.15,True,22
lanes-1_density-0.300_av-1.000_policy-reactive_seed-7,200,1,200,60,0.3,1.0,1.0,reactive,7,200,400,0,100,8,0,av,0,2.3284166666666666,0.2335,1.7772101244334866,0.698525,2.3333333333333335,0.18333333333333332,1.669996673316713,-0.004916666666666902,0.05016666666666669,-0.21666666666666679,0.08333333333333334,2.3333333333333335,2.1166666666666667,0.26666666666666666,True,20
lanes-1_density-0.300_av-1.000_policy-reactive_seed-8,200,1,200,60,0.3,1.0,1.0,reactive,8,200,400,0,100,8,0,av,0,2.32475,0.17054166666666667,1.6782294551600108,0.697425,2.3333333333333335,0.08333333333333333,1.4681810363696828,-0.00858333333333361,0.08720833333333335,-0.3500000000000001,0.13333333333333336,2.3333333333333335,1.9833333333333334,0.21666666666666667,True,20
lanes-1_density-0.300_av-1.000_policy-reactive_seed-9,200,1,200,60,0.3,1.0,1.0,reactive,9,200,400,0,100,8,0,av,0,2.329833333333333,0.14104166666666668,1.4505033513309171,0.69895,2.3333333333333335,0.06666666666666667,1.2605113600792692,-0.0035000000000002807,0.07437500000000001,-0.16666666666666696,0.09999999999999999,2.3333333333333335,2.1666666666666665,0.16666666666666666,True,20
lanes-1_density-0.300_av-1.000_policy-reactive_seed-10,200,1,200,60,0.3,1.0,1.0,reactive,10,200,400,0,100,8,0,av,0,2.314208333333333,0.11583333333333333,1.578759467619188,0.6942624999999999,2.3333333333333335,0.016666666666666666,1.1498792207106894,-0.01912500000000028,0.09916666666666667,-0.5666666666666669,0.13333333333333333,2.3333333333333335,1.7666666666666666,0.15,True,27
lanes-1_density-0.300_av-1.000_policy-anticipatory_seed-1,200,1,200,60,0.3,1.0,1.0,anticipatory,1,200,400,0,100,8,0,av,0,1.8472083333333333,0.42154166666666665,1.9866503735175,0.5541625,1.8333333333333333,0.38333333333333336,1.890032333644645,0.013875000000000082,0.03820833333333329,-0.2999999999999998,0.08333333333333331,1.8333333333333333,1.5333333333333334,0.4666666666666667,True,24
lanes-1_density-0.300_av-1.000_policy-anticipatory_seed-2,200,1,200,60,0.3,1.0,1.0,anticipatory,2,200,400,0,100,8,0,av,0,2.3001666666666667,0.33395833333333336,2.0807009969932944,0.6900499999999999,2.3333333333333335,0.31666666666666665,2.062899792902107,-0.03316666666666679,0.017291666666666705,-0.8,0.13333333333333336,2.3333333333333335,1.5333333333333334,0.45,True,33
lanes-1_density-0.300_av-1.000_policy-anticipatory_seed-3,200,1,200,60,0.3,1.0,1.0,anticipatory,3,200,400,0,100,8,0,av,0,1.9132916666666666,0.43325,2.0868892315910195,0.5739875,1.9333333333333333,0.4166666666666667,2.0564262420249575,-0.020041666666666735,0.01658333333333334,-0.41666666666666674,0.10000000000000003,1.9333333333333333,1.5166666666666666,0.5166666666666667,True,33
lanes-1_density-0.300_av-1.000_policy-anticipatory_seed-4,200,1,200,60,0.3,1.0,1.0,anticipatory,4,200,400,0,100,8,0,av,0,1.7490833333333333,0.47733333333333333,1.9978006639941723,0.524725,1.7666666666666666,0.45,1.9439364415764444,-0.017583333333333284,0.02733333333333332,-0.5666666666666667,0.11666666666666664,1.7666666666666668,1.2,0.5666666666666667,True,25
lanes-1_density-0.300_av-1.000_policy-anticipatory_seed-5,200,1,200,60,0.3,1.0,1.0,anticipatory,5,200,400,0,100,8,0,av,0,1.7445416666666667,0.41254166666666664,1.8674267607050141,0.5233625,1.7333333333333334,0.4,1.8427033281447005,0.011208333333333265,0.012541666666666618,-0.050000000000000044,0.033333333333333326,1.7333333333333332,1.6833333333333333,0.43333333333333335,True,20
lanes-1_density-0.300_av-1.000_policy-anticipatory_seed-6,200,1,200,60,0.3,1.0,1.0,anticipatory,6,200,400,0,100,8,0,av,0,1.6234166666666667,0.4545,1.9137489367875702,0.487025,1.5,0.4166666666666667,1.6980380835933373,0.12341666666666673,0.03783333333333333,-0.1499999999999999,0.08333333333333331,1.5,1.35,0.5,True,20
lanes-1_density-0.300_av-1.000_policy-anticipatory_seed-7,200,1,200,60,0.3,1.0,1.0,anticipatory,7,200,400,0,100,8,0,av,0,2.0824166666666666,0.41354166666666664,2.1084055965876733,0.624725,2.05,0.4,2.0770572131423504,0.03241666666666676,0.013541666666666619,-0.16666666666666652,0.06666666666666665,2.05,1.8833333333333333,0.4666666666666667,True,20
lanes-1_density-0.300_av-1.000_policy-anticipatory_seed-8,200,1,200,60,0.3,1.0,1.0,anticipatory,8,200,400,0,100,8,0,av,0,1.611375,0.48475,1.9317985426474988,0.48341249999999997,1.6166666666666667,0.48333333333333334,1.9329741045572464,-0.0052916666666666945,0.0014166666666666772,-0.25,0.08333333333333331,1.6166666666666667,1.3666666666666667,0.5666666666666667,True,20
lanes-1_density-0.300_av-1.000_policy-anticipatory_seed-9,200,1,200,60,0.3,1.0,1.0,anticipatory,9,200,400,0,100,8,0,av,0,2.3305,0.36270833333333335,2.1816705564009125,0.6991499999999999,2.3333333333333335,0.35,2.165384235854895,-0.0028333333333336874,0.012708333333333377,-0.050000000000000266,0.03333333333333338,2.3333333333333335,2.283333333333333,0.38333333333333336,True,20
lanes-1_density-0.300_av-1.000_policy-anticipatory_seed-10,200,1,200,60,0.3,1.0,1.0,anticipatory,10,200,400,0,100,8,0,av,0,1.977625,0.3905416666666667,2.0340536766209,0.5932875,2.0,0.35,1.96638416050035,-0.022375000000000034,0.0405416666666667,-0.7833333333333334,0.13333333333333336,2.0,1.2166666666666666,0.48333333333333334,True,32
lanes-2_density-0.200_av-0.000_policy-reactive_seed-1,200,2,400,80,0.2,0.0,0.0,reactive,1,200,400,0,100,8,0,human,1,2.69903125,0.16021875,1.8551479891166196,0.53980625,2.74375,0.16421875,1.8730552414437756,-0.04471874999999992,-0.0040000000000000036,0.07500000000000018,-0.07500000000000001,2.7107323232323233,2.4125,0.2375,True,20
lanes-2_density-0.200_av-0.000_policy-reactive_seed-2,200,2,400,80,0.2,0.0,0.0,reactive,2,200,400,0,100,8,0,human,1,2.75215625,0.13184375,1.7823908734017737,0.55043125,2.73640625,0.1809375,1.9237624814308385,0.015750000000000153,-0.04909374999999999,-0.03750000000000009,-0.12499999999999997,2.7179292929292926,2.4,0.225,True,20
lanes-2_density-0.200_av-0.000_policy-reactive_seed-3,200,2,400,80,0.2,0.0,0.0,reactive,3,200,400,0,100,8,0,human,1,2.75453125,0.14696875,1.8308369241342708,0.55090625,2.79003125,0.1411875,1.7924164901114465,-0.03550000000000031,0.0057812500000000155,-0.04999999999999982,-0.012500000000000011,2.8396464646464645,2.4125,0.2375,True,29
lanes-2_density-0.200_av-0.000_policy-reactive_seed-4,200,2,400,80,0.2,0.0,0.0,reactive,4,200,400,0,100,8,0,human,0,2.69309375,0.198375,1.9681278677237761,0.53861875,2.669875,0.18525,1.911434012560988,0.023218749999999844,0.013124999999999998,-0.02499999999999991,0.024999999999999967,2.621212121212121,2.2875,0.2875,True,20
lanes-2_density-0.200_av-0.000_policy-reactive_seed-5,200,2,400,80,0.2,0.0,0.0,reactive,5,200,400,0,100,8,0,human,0,2.79284375,0.13428125,1.7768982914297424,0.55856875,2.81534375,0.1749375,1.9163104704968705,-0.022499999999999964,-0.040656250000000005,-0.2124999999999999,0.0,2.750631313131313,2.275,0.275,True,27
lanes-2_density-0.200_av-0.000_policy-reactive_seed-6,200,2,400,80,0.2,0.0,0.0,reactive,6,200,400,0,100,8,0,human,0,2.774375,0.155,1.8337034545899182,0.554875,2.75240625,0.15634375,1.8326322830728856,0.021968750000000092,-0.0013437500000000047,-0.050000000000000266,0.07500000000000001,2.7371212121212123,2.3375,0.3375,True,21
lanes-2_density-0.200_av-0.000_policy-reactive_seed-7,200,2,400,80,0.2,0.0,0.0,reactive,7,200,400,0,100,8,0,human,1,2.775875,0.149625,1.827383507744064,0.5551750000000001,2.7460625,0.15021875,1.8383969228906336,0.02981250000000024,-0.000593750000000004,-0.02499999999999991,-0.012500000000000011,2.837121212121212,2.325,0.2625,True,20
lanes-2_density-0.200_av-0.000_policy-reactive_seed-8,200,2,400,80,0.2,0.0,0.0,reactive,8,200,400,0,100,8,0,human,0,2.717875,0.17125,1.89816503085875,0.543575,2.78096875,0.1635625,1.8741315486175023,-0.06309375000000017,0.007687500000000014,-0.11250000000000027,0.012500000000000011,2.703156565656566,2.3,0.275,True,43
lanes-2_density-0.200_av-0.000_policy-reactive_seed-9,200,2,400,80,0.2,0.0,0.0,reactive,9,200,400,0,100,8,0,human,1,2.76946875,0.20334375,1.9993621714870564,0.5538937500000001,2.79909375,0.157125,1.8687844789356898,-0.02962499999999979,0.04621875,0.03750000000000009,0.07500000000000001,2.845328282828283,2.45,0.325,True,37
lanes-2_density-0.200_av-0.000_policy-reactive_seed-10,200,2,400,80,0.2,0.0,0.0,reactive,10,200,400,0,100,8,0,human,0,2.708625,0.15725,1.8514286671041367,0.541725,2.652,0.17678125,1.9033249853874141,0.056624999999999925,-0.01953125,0.11249999999999982,-0.04999999999999999,2.673232323232323,2.375,0.25,True,20
lanes-2_density-0.200_av-0.250_policy-reactive_seed-1,200,2,400,80,0.2,0.25,0.25,reactive,1,200,400,0,100,8,0,human,0,2.9129375,0.15896875,1.920054067231897,0.5825875,2.993625,0.14909375,1.9024712506040662,-0.08068750000000025,0.009874999999999995,-0.17499999999999982,0.04999999999999999,3.009217171717172,2.4125,0.325,True,46
lanes-2_density-0.200_av-0.250_policy-reactive_seed-2,200,2,400,80,0.2,0.25,0.25,reactive,2,200,400,0,100,8,0,human,1,2.9961875,0.1865,1.977621163125979,0.5992375,3.0224375,0.16509375,1.9220748056706196,-0.026250000000000107,0.021406249999999988,-0.08749999999999991,0.0625,2.978914141414142,2.5875,0.3,True,35
lanes-2_density-0.200_av-0.250_policy-reactive_seed-3,200,2,400,80,0.2,0.25,0.25,reactive,3,200,400,0,100,8,0,human,0,3.0144375,0.16359375,1.9226717240844184,0.6028875,2.99671875,0.16909375,1.9421851053384271,0.017718750000000227,-0.005499999999999977,-0.2749999999999999,0.025000000000000022,3.1343434343434344,2.2875,0.3125,True,36
lanes-2_density-0.200_av-0.250_policy-reactive_seed-4,200,2,400,80,0.2,0.25,0.25,reactive,4,200,400,0,100,8,0,av,1,3.02828125,0.11753125,1.7853519039389512,0.60565625,3.01609375,0.1368125,1.8560266003511203,0.012187500000000018,-0.01928125,0.13750000000000018,-0.09999999999999998,3.0353535353535355,2.7625,0.1875,True,20
lanes-2_density-0.200_av-0.250_policy-reactive_seed-5,200,2,400,80,0.2,0.25,0.25,reactive,5,200,400,0,100,8,0,human,1,2.9934375,0.115125,1.7843295473633087,0.5986875,2.9723125,0.13603125,1.8338438871244602,0.02112500000000006,-0.020906249999999987,0.2999999999999998,-0.125,3.0396464646464647,2.6875,0.2,True,20
lanes-2_density-0.200_av-0.250_policy-reactive_seed-6,200,2,400,80,0.2,0.25,0.25,reactive,6,200,400,0,100,8,0,av,1,2.99940625,0.11171875,1.7640417788309146,0.59988125,2.9978125,0.11709375,1.7815885369084945,0.0015937499999996163,-0.005374999999999991,0.03750000000000009,-0.025000000000000022,3.00479797979798,2.6625,0.175,True,20
lanes-2_density-0.200_av-0.250_policy-reactive_seed-7,200,2,400,80,0.2,0.25,0.25,reactive,7,200,400,0,100,8,0,av,0,3.0630625,0.11575,1.7949646573383415,0.6126125,3.034,0.11865625,1.7796331082557437,0.029062500000000213,-0.002906249999999999,0.2625000000000002,-0.037500000000000006,3.084722222222222,2.75,0.1875,True,20
lanes-2_density-0.200_av-0.250_policy-reactive_seed-8,200,2,400,80,0.2,0.25,0.25,reactive,8,200,400,0,100,8,0,av,0,3.0431875,0.12365625,1.7989260240053646,0.6086375,3.0478125,0.1041875,1.738829049919442,-0.004624999999999879,0.019468749999999993,0.1625000000000001,0.04999999999999999,3.136868686868687,2.725,0.2375,True,20
lanes-2_density-0.200_av-0.250_policy-reactive_seed-9,200,2,400,80,0.2,0.25,0.25,reactive,9,200,400,0,100,8,0,human,0,2.96878125,0.14640625,1.8875729494905455,0.5937562500000001,2.96709375,0.12465625,1.80361052578181,0.001687500000000064,0.02174999999999999,-0.050000000000000266,0.037500000000000006,2.816919191919192,2.525,0.25,True,20
lanes-2_density-0.200_av-0.250_policy-reactive_seed-10,200,2,400,80,0.2,0.25,0.25,reactive,10,200,400,0,100,8,0,human,1,2.9798125,0.133,1.8284809172763465,0.5959625000000001,2.9818125,0.10828125,1.7487800647433485,-0.002000000000000224,0.02471875000000001,-0.09999999999999964,0.08750000000000002,3.0419191919191917,2.3875,0.275,True,34
lanes-2_density-0.200_av-0.250_policy-anticipatory_seed-1,200,2,400,80,0.2,0.25,0.25,anticipatory,1,200,400,0,100,8,0,human,0,2.920375,0.179,1.962055009263247,0.584075,2.93628125,0.13503125,1.8429178416029395,-0.01590625000000001,0.04396875,0.03750000000000009,0.04999999999999999,2.9972222222222222,2.5625,0.2875,True,24
lanes-2_density-0.200_av-0.250_policy-anticipatory_seed-2,200,2,400,80,0.2,0.25,0.25,anticipatory,2,200,400,0,100,8,0,human,0,2.98165625,0.1263125,1.8155253390784545,0.59633125,2.88765625,0.1770625,1.9561371710173951,0.09399999999999986,-0.05075000000000002,0.23750000000000027,-0.07499999999999998,2.9690656565656566,2.7,0.2125,True,20
lanes-2_density-0.200_av-0.250_policy-anticipatory_seed-3,200,2,400,80,0.2,0.25,0.25,anticipatory,3,200,400,0,100,8,0,human,0,2.87778125,0.15159375,1.8795029468315385,0.57555625,2.9651875,0.12803125,1.8079271528033838,-0.08740624999999991,0.023562499999999986,-0.1499999999999999,0.025000000000000022,2.997348484848485,2.4375,0.275,True,29
lanes-2_density-0.200_av-0.250_policy-anticipatory_seed-4,200,2,400,80,0.2,0.25,0.25,anticipatory,4,200,400,0,100,8,0,av,1,2.97915625,0.146125,1.8620141750496793,0.59583125,2.99115625,0.1463125,1.859742062245713,-0.01200000000000001,-0.0001875000000000071,-0.125,0.0,3.1166666666666667,2.5125,0.2375,True,24
lanes-2_density-0.200_av-0.250_policy-anticipatory_seed-5,200,2,400,80,0.2,0.25,0.25,anticipatory,5,200,400,0,100,8,0,human,1,2.992375,0.13,1.8296698771568056,0.598475,2.96040625,0.134375,1.833651025948214,0.03196874999999988,-0.00437499999999999,0.08749999999999991,-0.05000000000000002,3.0377525252525253,2.65,0.2125,True,20
lanes-2_density-0.200_av-0.250_policy-anticipatory_seed-6,200,2,400,80,0.2,0.25,0.25,anticipatory,6,200,400,0,100,8,0,av,0,2.98365625,0.11896875,1.7744405123407032,0.59673125,2.9789375,0.131125,1.8219306713192327,0.004718750000000327,-0.012156249999999993,-0.0625,0.024999999999999994,2.9862373737373735,2.4875,0.2375,True,20
lanes-2_density-0.200_av-0.250_policy-anticipatory_seed-7,200,2,400,80,0.2,0.25,0.25,anticipatory,7,200,400,0,100,8,0,av,0,2.9648125,0.16515625,1.9182216607690963,0.5929625,2.97884375,0.1450625,1.8686950428269289,-0.01403124999999994,0.020093749999999994,0.012500000000000178,0.07499999999999998,3.009217171717172,2.5,0.3,True,68
lanes-2_density-0.200_av-0.250_policy-anticipatory_seed-8,200,2,400,80,0.2,0.25,0.25,anticipatory,8,200,400,0,100,8,0,av,1,2.93853125,0.15384375,1.8765667701346087,0.58770625,2.9418125,0.154875,1.8941328398092225,-0.0032812500000001243,-0.0010312500000000113,0.0,0.03749999999999998,3.009090909090909,2.4,0.2875,True,43
lanes-2_density-0.200_av-0.250_policy-anticipatory_seed-9,200,2,400,80,0.2,0.25,0.25,anticipatory,9,200,400,0,100,8,0,human,0,2.95175,0.13421875,1.853236206612638,0.59035,3.07253125,0.11959375,1.8101506754337986,-0.12078124999999984,0.014624999999999999,-0.20000000000000018,0.08750000000000002,3.0707070707070705,2.4375,0.275,True,59
lanes-2_density-0.200_av-0.250_policy-anticipatory_seed-10,200,2,400,80,0.2,0.25,0.25,anticipatory,10,200,400,0,100,8,0,human,1,2.99396875,0.173375,1.937006678879409,0.59879375,2.93465625,0.14746875,1.8498848462366346,0.05931249999999988,0.025906249999999992,0.03750000000000009,0.07500000000000001,2.9410353535353537,2.5375,0.3125,True,20
lanes-2_density-0.200_av-0.500_policy-reactive_seed-1,200,2,400,80,0.2,0.5,0.5,reactive,1,200,400,0,100,8,0,human,0,3.245625,0.1178125,1.8245323673136085,0.6491250000000001,3.25815625,0.0863125,1.731242068743114,-0.012531249999999883,0.0315,0.0,0.037500000000000006,3.2611111111111115,2.725,0.2,True,26
lanes-2_density-0.200_av-0.500_policy-reactive_seed-2,200,2,400,80,0.2,0.5,0.5,reactive,2,200,400,0,100,8,0,human,1,3.25328125,0.09603125,1.7489832355967387,0.65065625,3.2209375,0.09159375,1.7345025572462411,0.03234375000000034,0.004437499999999997,0.3374999999999999,-0.024999999999999994,3.25,2.9375,0.2,True,20
lanes-2_density-0.200_av-0.500_policy-reactive_seed-3,200,2,400,80,0.2,0.5,0.5,reactive,3,200,400,0,100,8,0,human,0,3.2108125,0.149375,1.9219770003420307,0.6421625,3.24446875,0.11771875,1.8102013093226503,-0.03365624999999994,0.03165625000000001,-0.04999999999999982,0.04999999999999999,3.198358585858586,2.85,0.2375,True,20
lanes-2_density-0.200_av-0.500_policy-reactive_seed-4,200,2,400,80,0.2,0.5,0.5,reactive,4,200,400,0,100,8,0,av,1,3.22578125,0.1034375,1.8159512871077896,0.64515625,3.2705,0.10625,1.8125478614370436,-0.04471875000000036,-0.0028124999999999956,-0.3125,0.037500000000000006,3.2869949494949497,2.6875,0.225,True,20
lanes-2_density-0.200_av-0.500_policy-reactive_seed-5,200,2,400,80,0.2,0.5,0.5,reactive,5,200,400,0,100,8,0,av,1,3.2901875,0.09884375,1.7472596300618148,0.6580375,3.26025,0.0986875,1.7621953460101976,0.02993749999999995,0.00015624999999999667,0.02499999999999991,-0.025000000000000022,3.387373737373738,2.85,0.175,True,37
lanes-2_density-0.200_av-0.500_policy-reactive_seed-6,200,2,400,80,0.2,0.5,0.5,reactive,6,200,400,0,100,8,0,av,1,3.2191875,0.12209375,1.8279310271024314,0.6438375000000001,3.25009375,0.10253125,1.7886054249640801,-0.030906250000000135,0.019562499999999997,-0.23749999999999982,0.012500000000000011,3.230429292929293,2.6,0.2,True,28
lanes-2_density-0.200_av-0.500_policy-reactive_seed-7,200,2,400,80,0.2,0.5,0.5,reactive,7,200,400,0,100,8,0,av,1,3.34859375,0.07734375,1.664373349780913,0.66971875,3.25909375,0.0896875,1.7307951001522213,0.08950000000000014,-0.01234375,-0.07500000000000018,0.012500000000000011,3.3606060606060604,2.775,0.1875,True,21
lanes-2_density-0.200_av-0.500_policy-reactive_seed-8,200,2,400,80,0.2,0.5,0.5,reactive,8,200,400,0,100,8,0,av,0,3.23934375,0.0914375,1.7396108241028905,0.6478687500000001,3.28496875,0.12415625,1.81891425348295,-0.045624999999999805,-0.03271874999999999,-0.1499999999999999,-0.03749999999999998,3.1440656565656564,2.8375,0.2,True,20
lanes-2_density-0.200_av-0.500_policy-reactive_seed-9,200,2,400,80,0.2,0.5,0.5,reactive,9,200,400,0,100,8,0,human,1,3.245,0.0935,1.7490104345028934,0.649,3.20528125,0.1144375,1.8187779849114178,0.039718750000000025,-0.020937499999999998,-0.07500000000000018,-0.037500000000000006,3.1684343434343436,2.8625,0.1875,True,20
lanes-2_density-0.200_av-0.500_policy-reactive_seed-10,200,2,400,80,0.2,0.5,0.5,reactive,10,200,400,0,100,8,0,av,1,3.277375,0.09728125,1.7413179231188658,0.655475,3.31896875,0.098625,1.7592548668465968,-0.04159374999999965,-0.0013437500000000047,-0.3250000000000002,0.037500000000000006,3.3595959595959597,2.75,0.2125,True,29
lanes-2_density-0.200_av-0.500_policy-anticipatory_seed-1,200,2,400,80,0.2,0.5,0.5,anticipatory,1,200,400,0,100,8,0,human,0,3.17953125,0.12528125,1.814658998344713,0.6359062500000001,3.23571875,0.144625,1.8741412489186715,-0.05618750000000006,-0.019343749999999993,-0.1625000000000001,-0.012500000000000011,3.2305555555555556,2.725,0.2125,True,28
lanes-2_density-0.200_av-0.500_policy-anticipatory_seed-2,200,2,400,80,0.2,0.5,0.5,anticipatory,2,200,400,0,100,8,0,human,1,3.1848125,0.09571875,1.7544498681477765,0.6369625000000001,3.16159375,0.11853125,1.8506198177802315,0.023218749999999844,-0.0228125,0.07499999999999973,0.024999999999999994,3.1866161616161617,2.6125,0.25,True,29
lanes-2_density-0.200_av-0.500_policy-anticipatory_seed-3,200,2,400,80,0.2,0.5,0.5,anticipatory,3,200,400,0,100,8,0,human,1,3.226125,0.135375,1.8467518740683602,0.645225,3.2143125,0.10078125,1.761163011292183,0.011812500000000004,0.03459374999999999,-0.11249999999999982,0.07500000000000001,3.1974747474747476,2.7,0.225,True,20
lanes-2_density-0.200_av-0.500_policy-anticipatory_seed-4,200,2,400,80,0.2,0.5,0.5,anticipatory,4,200,400,0,100,8,0,av,1,3.2206875,0.16234375,1.9288881583294948,0.6441375,3.14321875,0.183875,1.982191246991177,0.07746874999999998,-0.021531250000000002,0.13750000000000018,-0.025000000000000022,3.117424242424242,2.85,0.25,True,20
lanes-2_density-0.200_av-0.500_policy-anticipatory_seed-5,200,2,400,80,0.2,0.5,0.5,anticipatory,5,200,400,0,100,8,0,av,0,3.1769375,0.17390625,1.9714856380642873,0.6353875000000001,3.25640625,0.1536875,1.9251557300543085,-0.07946874999999975,0.020218750000000008,-0.42500000000000027,0.0,3.2998737373737375,2.55,0.275,True,77
lanes-2_density-0.200_av-0.500_policy-anticipatory_seed-6,200,2,400,80,0.2,0.5,0.5,anticipatory,6,200,400,0,100,8,0,av,0,3.16965625,0.14340625,1.8854868089795636,0.6339312500000001,3.18578125,0.18453125,2.000238505065943,-0.016124999999999723,-0.041124999999999995,-0.34999999999999964,-0.025000000000000022,3.0922979797979795,2.6375,0.2375,True,22
lanes-2_density-0.200_av-0.500_policy-anticipatory_seed-7,200,2,400,80,0.2,0.5,0.5,anticipatory,7,200,400,0,100,8,0,av,1,3.1796875,0.1316875,1.8507498216516867,0.6359375,3.20359375,0.12790625,1.8591546022213798,-0.023906250000000018,0.0037812500000000138,-0.2999999999999998,0.012499999999999983,3.2669191919191922,2.5,0.2375,True,31
lanes-2_density-0.200_av-0.500_policy-anticipatory_seed-8,200,2,400,80,0.2,0.5,0.5,anticipatory,8,200,400,0,100,8,0,av,1,3.19325,0.1220625,1.8320833598665756,0.63865,3.1695,0.149125,1.9081947620722577,0.023749999999999716,-0.027062500000000003,0.0,-0.04999999999999999,3.198989898989899,2.7625,0.2375,True,20
lanes-2_density-0.200_av-0.500_policy-anticipatory_seed-9,200,2,400,80,0.2,0.5,0.5,anticipatory,9,200,400,0,100,8,0,human,0,3.200375,0.14678125,1.90383819148976,0.6400750000000001,3.17465625,0.13821875,1.8894513606695298,0.025718750000000234,0.0085625,0.07500000000000018,0.012500000000000011,3.1522727272727273,2.825,0.25,True,27
lanes-2_density-0.200_av-0.500_policy-anticipatory_seed-10,200,2,400,80,0.2,0.5,0.5,anticipatory,10,200,400,0,100,8,0,av,1,3.141125,0.15615625,1.9210241368538292,0.628225,3.1485625,0.179875,1.990333937708381,-0.007437499999999986,-0.02371875000000001,0.02499999999999991,-0.025000000000000022,3.2842171717171715,2.625,0.3,True,43
lanes-2_density-0.200_av-0.750_policy-reactive_seed-1,200,2,400,80,0.2,0.75,0.75,reactive,1,200,400,0,100,8,0,av,0,3.4763125,0.088125,1.7704346648051574,0.6952625000000001,3.55340625,0.056,1.5944898157281964,-0.07709374999999996,0.032124999999999994,-0.2250000000000001,0.03749999999999999,3.5012626262626263,2.9875,0.15,True,34
lanes-2_density-0.200_av-0.750_policy-reactive_seed-2,200,2,400,80,0.2,0.75,0.75,reactive,2,200,400,0,100,8,0,av,0,3.5585,0.05634375,1.620845535515337,0.7117,3.55071875,0.07546875,1.690817881499494,0.007781249999999851,-0.019125000000000003,-0.4125000000000001,0.025000000000000022,3.631565656565656,2.725,0.2,True,44
lanes-2_density-0.200_av-0.750_policy-reactive_seed-3,200,2,400,80,0.2,0.75,0.75,reactive,3,200,400,0,100,8,0,av,1,3.565875,0.06640625,1.6615235431299191,0.7131750000000001,3.6415,0.06878125,1.6483446999945126,-0.07562500000000005,-0.002375000000000002,-0.4125000000000001,0.012500000000000011,3.610479797979798,2.9375,0.1375,True,43
lanes-2_density-0.200_av-0.750_policy-reactive_seed-4,200,2,400,80,0.2,0.75,0.75,reactive,4,200,400,0,100,8,0,av,1,3.56915625,0.06771875,1.6457801837079997,0.71383125,3.54065625,0.0808125,1.7101818819458758,0.028499999999999748,-0.013093750000000001,-0.23749999999999982,-0.03749999999999998,3.5741161616161614,2.85,0.1375,True,28
lanes-2_density-0.200_av-0.750_policy-reactive_seed-5,200,2,400,80,0.2,0.75,0.75,reactive,5,200,400,0,100,8,0,av,1,3.54075,0.08628125,1.7395299472846106,0.7081500000000001,3.6299375,0.0545625,1.598512197668116,-0.08918749999999998,0.031718750000000004,-0.2124999999999999,0.1,3.6356060606060607,3.15,0.225,True,87
lanes-2_density-0.200_av-0.750_policy-reactive_seed-6,200,2,400,80,0.2,0.75,0.75,reactive,6,200,400,0,100,8,0,av,0,3.57996875,0.06721875,1.653683010441674,0.71599375,3.5953125,0.0895625,1.7042529235250705,-0.01534374999999999,-0.02234375000000001,-0.3624999999999998,-0.012500000000000011,3.5452020202020202,3.0,0.15,True,24
lanes-2_density-0.200_av-0.750_policy-reactive_seed-7,200,2,400,80,0.2,0.75,0.75,reactive,7,200,400,0,100,8,0,av,1,3.56271875,0.06071875,1.6150476334766222,0.71254375,3.5814375,0.08675,1.6989314093258003,-0.018718749999999673,-0.026031249999999992,-0.09999999999999964,-0.012499999999999983,3.6424242424242426,3.1375,0.1625,True,31
lanes-2_density-0.200_av-0.750_policy-reactive_seed-8,200,2,400,80,0.2,0.75,0.75,reactive,8,200,400,0,100,8,0,av,1,3.51525,0.09615625,1.7751457510582054,0.7030500000000001,3.5005625,0.089,1.7186658149837477,0.014687499999999964,0.007156250000000003,-0.050000000000000266,0.0,3.389015151515151,3.175,0.1625,True,20
lanes-2_density-0.200_av-0.750_policy-reactive_seed-9,200,2,400,80,0.2,0.75,0.75,reactive,9,200,400,0,100,8,0,av,1,3.64975,0.05065625,1.5358263044693563,0.7299500000000001,3.571375,0.0908125,1.721672329270294,0.07837499999999986,-0.040156250000000004,-0.02499999999999991,0.012499999999999983,3.6616161616161618,3.1375,0.175,True,22
lanes-2_density-0.200_av-0.750_policy-reactive_seed-10,200,2,400,80,0.2,0.75,0.75,reactive,10,200,400,0,100,8,0,av,1,3.56025,0.08671875,1.719918584555676,0.7120500000000001,3.613375,0.07315625,1.6658019418211159,-0.05312500000000009,0.013562499999999991,0.012500000000000178,0.037500000000000006,3.628030303030303,3.125,0.2,True,65
lanes-2_density-0.200_av-0.750_policy-anticipatory_seed-1,200,2,400,80,0.2,0.75,0.75,anticipatory,1,200,400,0,100,8,0,av,1,3.55625,0.11328125,1.7726635150247776,0.71125,3.60225,0.08734375,1.6758341020220349,-0.04600000000000026,0.025937500000000002,-0.03750000000000009,0.024999999999999994,3.6704545454545454,3.2125,0.1875,True,20
lanes-2_density-0.200_av-0.750_policy-anticipatory_seed-2,200,2,400,80,0.2,0.75,0.75,anticipatory,2,200,400,0,100,8,0,av,1,3.57371875,0.0909375,1.7030863295495144,0.71474375,3.5735,0.072,1.6533028306998085,0.00021874999999971223,0.01893750000000001,-0.1499999999999999,0.05000000000000002,3.6167929292929295,3.15,0.2,True,22
lanes-2_density-0.200_av-0.750_policy-anticipatory_seed-3,200,2,400,80,0.2,0.75,0.75,anticipatory,3,200,400,0,100,8,0,av,0,3.6119375,0.05565625,1.5953353867114433,0.7223875,3.6084375,0.05425,1.58937607525524,0.0034999999999998366,0.0014062499999999978,-0.5249999999999999,0.024999999999999994,3.7136363636363634,2.8125,0.15,True,31
lanes-2_density-0.200_av-0.750_policy-anticipatory_seed-4,200,2,400,80,0.2,0.75,0.75,anticipatory,4,200,400,0,100,8,0,av,1,3.5118125,0.08453125,1.7015942421281727,0.7023625,3.4650625,0.1136875,1.8347593496406416,0.04674999999999985,-0.029156249999999995,0.11249999999999982,-0.012500000000000011,3.3916666666666666,3.275,0.175,True,20
lanes-2_density-0.200_av-0.750_policy-anticipatory_seed-5,200,2,400,80,0.2,0.75,0.75,anticipatory,5,200,400,0,100,8,0,av,1,3.51321875,0.1236875,1.8202026713112025,0.70264375,3.5094375,0.1119375,1.8086869363142284,0.0037812499999998472,0.01175000000000001,-0.02499999999999991,0.04999999999999999,3.5363636363636366,3.2,0.25,True,20
lanes-2_density-0.200_av-0.750_policy-anticipatory_seed-6,200,2,400,80,0.2,0.75,0.75,anticipatory,6,200,400,0,100,8,0,av,0,3.46209375,0.11434375,1.8160914393859515,0.6924187500000001,3.5448125,0.11309375,1.7745751153004907,-0.08271874999999973,0.0012499999999999872,0.04999999999999982,-0.024999999999999994,3.557070707070707,3.05,0.2,True,44
lanes-2_density-0.200_av-0.750_policy-anticipatory_seed-7,200,2,400,80,0.2,0.75,0.75,anticipatory,7,200,400,0,100,8,0,av,0,3.456375,0.1164375,1.842629740174352,0.6912750000000001,3.52965625,0.11075,1.7989567829261317,-0.07328124999999996,0.005687499999999998,-0.32499999999999973,0.03749999999999998,3.449873737373738,2.9125,0.2375,True,52
lanes-2_density-0.200_av-0.750_policy-anticipatory_seed-8,200,2,400,80,0.2,0.75,0.75,anticipatory,8,200,400,0,100,8,0,av,1,3.41275,0.15178125,1.9177656106782184,0.68255,3.4716875,0.1056875,1.7961795295414515,-0.058937499999999865,0.04609375,-0.1625000000000001,0.04999999999999999,3.5304292929292926,2.875,0.25,True,59
lanes-2_density-0.200_av-0.750_policy-anticipatory_seed-9,200,2,400,80,0.2,0.75,0.75,anticipatory,9,200,400,0,100,8,0,av,1,3.50103125,0.103625,1.791821401960429,0.70020625,3.4705,0.1004375,1.7918579045225655,0.03053125000000012,0.003187499999999996,0.02499999999999991,0.024999999999999994,3.533459595959596,2.8375,0.2125,True,36
lanes-2_density-0.200_av-0.750_policy-anticipatory_seed-10,200,2,400,80,0.2,0.75,0.75,anticipatory,10,200,400,0,100,8,0,av,0,3.60425,0.07453125,1.6253867039877004,0.72085,3.5816875,0.085625,1.6858831965304566,0.02256249999999982,-0.011093750000000013,-0.012500000000000178,-0.037500000000000006,3.5876262626262627,3.1875,0.15,True,20
lanes-2_density-0.200_av-1.000_policy-reactive_seed-1,200,2,400,80,0.2,1.0,1.0,reactive,1,200,400,0,100,8,0,av,0,3.97271875,0.074375,1.5699241967045534,0.79454375,4.0,0.0,1.1937336386313322,-0.027281250000000146,0.074375,-0.5375000000000001,0.1,4.0,3.4625,0.1,True,30
lanes-2_density-0.200_av-1.000_policy-reactive_seed-2,200,2,400,80,0.2,1.0,1.0,reactive,2,200,400,0,100,8,0,av,0,3.98534375,0.074375,1.553988077282428,0.7970687500000001,4.0,0.0,1.1726039399558574,-0.014656249999999815,0.074375,-0.3125,0.1,4.0,3.6875,0.1,True,22
lanes-2_density-0.200_av-1.000_policy-reactive_seed-3,200,2,400,80,0.2,1.0,1.0,reactive,3,200,400,0,100,8,0,av,1,3.97321875,0.086875,1.6283431808585185,0.7946437500000001,4.0,0.0125,1.2449899597988732,-0.02678124999999998,0.074375,-0.6000000000000001,0.1,4.0,3.4,0.1125,True,29
lanes-2_density-0.200_av-1.000_policy-reactive_seed-4,200,2,400,80,0.2,1.0,1.0,reactive,4,200,400,0,100,8,0,av,0,3.98825,0.074375,1.5383999601859069,0.79765,4.0,0.0,1.2041594578792296,-0.01175000000000015,0.074375,-0.3999999999999999,0.1,4.0,3.6,0.1,True,20
lanes-2_density-0.200_av-1.000_policy-reactive_seed-5,200,2,400,80,0.2,1.0,1.0,reactive,5,200,400,0,100,8,0,av,0,3.9805625,0.08215625,1.5848689799455822,0.7961125,4.0,0.025,1.3322912594474228,-0.019437499999999996,0.05715625,-0.5375000000000001,0.1,4.0,3.4625,0.125,True,24
lanes-2_density-0.200_av-1.000_policy-reactive_seed-6,200,2,400,80,0.2,1.0,1.0,reactive,6,200,400,0,100,8,0,av,0,3.99228125,0.074375,1.4669600099861064,0.7984562500000001,4.0,0.0,1.036822067666386,-0.0077187499999999964,0.074375,-0.2875000000000001,0.1,4.0,3.7125,0.1,True,20
lanes-2_density-0.200_av-1.000_policy-reactive_seed-7,200,2,400,80,0.2,1.0,1.0,reactive,7,200,400,0,100,8,0,av,0,3.972625,0.08565625,1.633554593325549,0.794525,4.0,0.0375,1.5,-0.02737500000000015,0.048156250000000005,-0.625,0.1,4.0,3.375,0.1375,True,28
lanes-2_density-0.200_av-1.000_policy-reactive_seed-8,200,2,400,80,0.2,1.0,1.0,reactive,8,200,400,0,100,8,0,av,1,3.97390625,0.074375,1.5528724565175782,0.7947812500000001,4.0,0.0,1.161895003862225,-0.026093749999999805,0.074375,-0.4125000000000001,0.1,4.0,3.5875,0.1,True,33
lanes-2_density-0.200_av-1.000_policy-reactive_seed-9,200,2,400,80,0.2,1.0,1.0,reactive,9,200,400,0,100,8,0,av,1,3.9924375,0.074375,1.4890870722001954,0.7984875,4.0,0.0,1.08397416943394,-0.0075625000000001386,0.074375,-0.23749999999999982,0.1,4.0,3.7625,0.1,True,20
lanes-2_density-0.200_av-1.000_policy-reactive_seed-10,200,2,400,80,0.2,1.0,1.0,reactive,10,200,400,0,100,8,0,av,1,3.9843125,0.074375,1.5347447352389745,0.7968625,4.0,0.0,1.1832159566199232,-0.015687499999999854,0.074375,-0.4249999999999998,0.1,4.0,3.575,0.1,True,21
lanes-2_density-0.200_av-1.000_policy-anticipatory_seed-1,200,2,400,80,0.2,1.0,1.0,anticipatory,1,200,400,0,100,8,0,av,0,3.9665,0.09878125,1.663731573902473,0.7933,4.0,0.05,1.4747881203752626,-0.033500000000000085,0.04878125,-0.6124999999999998,0.09999999999999999,4.0,3.3875,0.15,True,32
lanes-2_density-0.200_av-1.000_policy-anticipatory_seed-2,200,2,400,80,0.2,1.0,1.0,anticipatory,2,200,400,0,100,8,0,av,0,3.97125,0.09821875,1.6684156968513573,0.79425,4.0,0.05,1.4404860290887933,-0.028750000000000053,0.04821874999999999,-0.5625,0.09999999999999999,4.0,3.4375,0.15,True,29
lanes-2_density-0.200_av-1.000_policy-anticipatory_seed-3,200,2,400,80,0.2,1.0,1.0,anticipatory,3,200,400,0,100,8,0,av,1,3.977875,0.09775,1.6637526812525352,0.795575,4.0,0.05,1.5572411502397436,-0.02212499999999995,0.04775,-0.6124999999999998,0.09999999999999999,4.0,3.3875,0.15,True,25
lanes-2_density-0.200_av-1.000_policy-anticipatory_seed-4,200,2,400,80,0.2,1.0,1.0,anticipatory,4,200,400,0,100,8,0,av,0,3.9973125,0.08740625,1.5975740287522673,0.7994625000000001,4.0,0.05,1.5,-0.002687499999999954,0.03740625,-0.125,0.0625,4.0,3.875,0.1125,True,20
lanes-2_density-0.200_av-1.000_policy-anticipatory_seed-5,200,2,400,80,0.2,1.0,1.0,anticipatory,5,200,400,0,100,8,0,av,1,3.98475,0.090375,1.677968991817191,0.79695,4.0,0.025,1.4577379737113252,-0.015249999999999986,0.06537499999999999,-0.4125000000000001,0.1,4.0,3.5875,0.125,True,20
lanes-2_density-0.200_av-1.000_policy-anticipatory_seed-6,200,2,400,80,0.2,1.0,1.0,anticipatory,6,200,400,0,100,8,0,av,0,3.98334375,0.09046875,1.58979285422219,0.79666875,4.0,0.025,1.2747548783981961,-0.01665625000000004,0.06546874999999999,-0.4624999999999999,0.1,4.0,3.5375,0.125,True,22
lanes-2_density-0.200_av-1.000_policy-anticipatory_seed-7,200,2,400,80,0.2,1.0,1.0,anticipatory,7,200,400,0,100,8,0,av,0,3.9795625,0.101375,1.6820061856585873,0.7959125,4.0,0.0625,1.5732132722552272,-0.020437499999999886,0.03887500000000001,-0.625,0.1,4.0,3.375,0.1625,True,24
lanes-2_density-0.200_av-1.000_policy-anticipatory_seed-8,200,2,400,80,0.2,1.0,1.0,anticipatory,8,200,400,0,100,8,0,av,1,3.9666875,0.1035,1.6984044798998117,0.7933375,4.0,0.0625,1.5247950681976907,-0.03331250000000008,0.040999999999999995,-0.5375000000000001,0.1,4.0,3.4625,0.1625,True,36
lanes-2_density-0.200_av-1.000_policy-anticipatory_seed-9,200,2,400,80,0.2,1.0,1.0,anticipatory,9,200,400,0,100,8,0,av,1,3.9615625,0.103,1.7278664759158187,0.7923125,4.0,0.0375,1.4747881203752626,-0.038437500000000124,0.0655,-0.625,0.1,4.0,3.375,0.1375,True,30
lanes-2_density-0.200_av-1.000_policy-anticipatory_seed-10,200,2,400,80,0.2,1.0,1.0,anticipatory,10,200,400,0,100,8,0,av,0,3.975875,0.074375,1.6206227150003174,0.795175,4.0,0.0,1.2747548783981961,-0.024125000000000174,0.074375,-0.4249999999999998,0.1,4.0,3.575,0.1,True,28
lanes-2_density-0.300_av-0.000_policy-reactive_seed-1,200,2,400,120,0.3,0.0,0.0,reactive,1,200,400,0,100,8,0,human,1,1.6591458333333333,0.29333333333333333,1.6000148760972939,0.49774375,1.6273125,0.31104166666666666,1.6355681563329658,0.03183333333333338,-0.017708333333333326,0.09999999999999987,0.0,1.5765993265993268,1.3916666666666666,0.39166666666666666,True,20
lanes-2_density-0.300_av-0.000_policy-reactive_seed-2,200,2,400,120,0.3,0.0,0.0,reactive,2,200,400,0,100,8,0,human,1,1.6503125,0.299375,1.5822287505321146,0.49509375,1.6507916666666667,0.31175,1.625926466130584,-0.00047916666666658614,-0.012375000000000025,-0.1416666666666666,-0.025000000000000022,1.6202020202020202,1.3,0.39166666666666666,True,22
lanes-2_density-0.300_av-0.000_policy-reactive_seed-3,200,2,400,120,0.3,0.0,0.0,reactive,3,200,400,0,100,8,0,human,1,1.6517916666666668,0.3028125,1.5828774294294623,0.4955375,1.6463958333333333,0.2957708333333333,1.5429090251802402,0.0053958333333334885,0.007041666666666668,0.050000000000000044,-0.016666666666666663,1.6531986531986531,1.375,0.39166666666666666,True,20
lanes-2_density-0.300_av-0.000_policy-reactive_seed-4,200,2,400,120,0.3,0.0,0.0,reactive,4,200,400,0,100,8,0,human,0,1.6594166666666668,0.276375,1.5003481794977531,0.497825,1.6572708333333332,0.269875,1.4933516726866356,0.0021458333333335133,0.006500000000000006,-0.04166666666666652,0.041666666666666685,1.6656565656565656,1.35,0.4083333333333333,True,33
lanes-2_density-0.300_av-0.000_policy-reactive_seed-5,200,2,400,120,0.3,0.0,0.0,reactive,5,200,400,0,100,8,0,human,1,1.6580833333333334,0.2537291666666667,1.4722747681922541,0.497425,1.6470625,0.26795833333333335,1.509869515695672,0.011020833333333258,-0.014229166666666682,-0.033333333333333215,-0.04166666666666663,1.6335016835016836,1.4333333333333333,0.325,True,20
lanes-2_density-0.300_av-0.000_policy-reactive_seed-6,200,2,400,120,0.3,0.0,0.0,reactive,6,200,400,0,100,8,0,human,1,1.6402083333333333,0.28425,1.524333173313462,0.49206249999999996,1.6460625,0.307125,1.5942994530808037,-0.005854166666666716,-0.02287499999999998,-0.09999999999999987,-0.025000000000000022,1.6583333333333334,1.3,0.4083333333333333,True,20
lanes-2_density-0.300_av-0.000_policy-reactive_seed-7,200,2,400,120,0.3,0.0,0.0,reactive,7,200,400,0,100,8,0,human,0,1.6403958333333333,0.3056041666666667,1.5919973858801733,0.49211874999999994,1.6576458333333333,0.2748333333333333,1.5162253981184017,-0.017249999999999988,0.03077083333333336,-0.050000000000000044,0.04166666666666663,1.6377946127946126,1.3583333333333334,0.425,True,29
lanes-2_density-0.300_av-0.000_policy-reactive_seed-8,200,2,400,120,0.3,0.0,0.0,reactive,8,200,400,0,100,8,0,human,0,1.6413541666666667,0.30302083333333335,1.6064901699769716,0.49240625,1.63825,0.29125,1.5948130311000932,0.0031041666666666856,0.011770833333333341,-0.05833333333333335,0.00833333333333336,1.6517676767676768,1.375,0.4,True,20
lanes-2_density-0.300_av-0.000_policy-reactive_seed-9,200,2,400,120,0.3,0.0,0.0,reactive,9,200,400,0,100,8,0,human,0,1.6602291666666666,0.2977916666666667,1.6159212895897206,0.49806874999999995,1.6743125,0.30885416666666665,1.6603433838648407,-0.014083333333333448,-0.011062499999999975,0.07499999999999996,-0.04166666666666663,1.6928451178451178,1.425,0.38333333333333336,True,20
lanes-2_density-0.300_av-0.000_policy-reactive_seed-10,200,2,400,120,0.3,0.0,0.0,reactive,10,200,400,0,100,8,0,human,0,1.6265625,0.2847708333333333,1.537836228903157,0.48796874999999995,1.6276875,0.2998958333333333,1.569842105333235,-0.0011250000000000426,-0.015125,0.05833333333333335,-0.024999999999999967,1.621212121212121,1.425,0.4,True,20
lanes-2_density-0.300_av-0.250_policy-reactive_seed-1,200,2,400,120,0.3,0.25,0.25,reactive,1,200,400,0,100,8,0,human,1,1.7963541666666667,0.2612291666666667,1.6198788662219896,0.53890625,1.77525,0.26239583333333333,1.5964374204772325,0.0211041666666667,-0.0011666666666666492,0.050000000000000044,0.0,1.819949494949495,1.5666666666666667,0.36666666666666664,True,34
lanes-2_density-0.300_av-0.250_policy-reactive_seed-2,200,2,400,120,0.3,0.25,0.25,reactive,2,200,400,0,100,8,0,human,1,1.8052916666666667,0.2390625,1.533380361031542,0.5415875,1.7945,0.26995833333333336,1.625685419548731,0.010791666666666755,-0.030895833333333345,0.1416666666666666,-0.00833333333333336,1.7712962962962961,1.65,0.35,True,20
lanes-2_density-0.300_av-0.250_policy-reactive_seed-3,200,2,400,120,0.3,0.25,0.25,reactive,3,200,400,0,100,8,0,av,0,1.7836666666666667,0.264875,1.6015721095917668,0.5351,1.7699375,0.26779166666666665,1.5997292727501582,0.013729166666666792,-0.002916666666666623,0.008333333333333304,0.008333333333333304,1.8415824915824917,1.5166666666666666,0.36666666666666664,True,20
lanes-2_density-0.300_av-0.250_policy-reactive_seed-4,200,2,400,120,0.3,0.25,0.25,reactive,4,200,400,0,100,8,0,human,0,1.76425,0.280375,1.6698818134327151,0.529275,1.7771875,0.2606041666666667,1.5944436092810192,-0.012937499999999824,0.019770833333333293,-0.06666666666666665,0.033333333333333326,1.7985690235690237,1.5166666666666666,0.375,True,33
lanes-2_density-0.300_av-0.250_policy-reactive_seed-5,200,2,400,120,0.3,0.25,0.25,reactive,5,200,400,0,100,8,0,av,0,1.7738958333333332,0.27625,1.6578669244391437,0.53216875,1.7879583333333333,0.26495833333333335,1.6429130627021085,-0.014062500000000089,0.011291666666666644,0.0,0.016666666666666663,1.8138047138047138,1.5333333333333334,0.375,True,21
lanes-2_density-0.300_av-0.250_policy-reactive_seed-6,200,2,400,120,0.3,0.25,0.25,reactive,6,200,400,0,100,8,0,human,1,1.7803541666666667,0.2742291666666667,1.6105593876764182,0.53410625,1.7915208333333332,0.24375,1.5541526964016885,-0.011166666666666547,0.030479166666666696,0.04999999999999982,0.025000000000000022,1.8021885521885521,1.525,0.35833333333333334,True,20
lanes-2_density-0.300_av-0.250_policy-reactive_seed-7,200,2,400,120,0.3,0.25,0.25,reactive,7,200,400,0,100,8,0,av,1,1.7695625,0.30004166666666665,1.7022297314386652,0.53086875,1.7630833333333333,0.29370833333333335,1.6891799271803134,0.0064791666666665915,0.006333333333333302,-0.01666666666666683,0.0,1.755892255892256,1.5166666666666666,0.4,True,20
lanes-2_density-0.300_av-0.250_policy-reactive_seed-8,200,2,400,120,0.3,0.25,0.25,reactive,8,200,400,0,100,8,0,av,0,1.7777291666666666,0.251875,1.6075187432756854,0.53331875,1.7575,0.2718541666666667,1.630614020341213,0.02022916666666652,-0.01997916666666666,-0.07499999999999996,0.0,1.7572390572390573,1.5,0.36666666666666664,True,24
lanes-2_density-0.300_av-0.250_policy-reactive_seed-9,200,2,400,120,0.3,0.25,0.25,reactive,9,200,400,0,100,8,0,human,1,1.7900208333333334,0.24858333333333332,1.5679911509845876,0.53700625,1.7752916666666667,0.26925,1.6233985436722624,0.014729166666666682,-0.020666666666666667,0.008333333333333304,-0.041666666666666685,1.7873737373737373,1.575,0.35833333333333334,True,20
lanes-2_density-0.300_av-0.250_policy-reactive_seed-10,200,2,400,120,0.3,0.25,0.25,reactive,10,200,400,0,100,8,0,human,0,1.7810208333333333,0.24433333333333335,1.5522786341051356,0.53430625,1.7830833333333334,0.26675,1.6145656257093493,-0.002062500000000078,-0.02241666666666664,-0.025000000000000133,-0.07500000000000001,1.7787878787878788,1.5166666666666666,0.3416666666666667,True,22
lanes-2_density-0.300_av-0.250_policy-anticipatory_seed-1,200,2,400,120,0.3,0.25,0.25,anticipatory,1,200,400,0,100,8,0,human,1,1.7482083333333334,0.26860416666666664,1.5855391164933634,0.5244624999999999,1.7377291666666668,0.27827083333333336,1.6110767134588302,0.010479166666666595,-0.009666666666666712,0.04999999999999982,0.0,1.7452861952861953,1.525,0.375,True,20
lanes-2_density-0.300_av-0.250_policy-anticipatory_seed-2,200,2,400,120,0.3,0.25,0.25,anticipatory,2,200,400,0,100,8,0,human,0,1.7204791666666666,0.30664583333333334,1.6800959110715392,0.5161437499999999,1.7118125,0.3062916666666667,1.675674629766695,0.0086666666666666,0.0003541666666666554,-0.04999999999999982,0.033333333333333326,1.7122895622895624,1.4166666666666667,0.44166666666666665,True,20
lanes-2_density-0.300_av-0.250_policy-anticipatory_seed-3,200,2,400,120,0.3,0.25,0.25,anticipatory,3,200,400,0,100,8,0,av,0,1.7310208333333332,0.2929375,1.627832211224273,0.51930625,1.7185208333333333,0.2826458333333333,1.599999576687227,0.012499999999999956,0.010291666666666699,0.09166666666666679,-0.00833333333333336,1.7497474747474746,1.4916666666666667,0.39166666666666666,True,20
lanes-2_density-0.300_av-0.250_policy-anticipatory_seed-4,200,2,400,120,0.3,0.25,0.25,anticipatory,4,200,400,0,100,8,0,human,1,1.7295208333333334,0.29789583333333336,1.6818353626517586,0.51885625,1.7131666666666667,0.32395833333333335,1.7215961505404094,0.01635416666666667,-0.02606249999999999,0.07499999999999996,-0.016666666666666663,1.7170033670033669,1.4833333333333334,0.4166666666666667,True,20
lanes-2_density-0.300_av-0.250_policy-anticipatory_seed-5,200,2,400,120,0.3,0.25,0.25,anticipatory,5,200,400,0,100,8,0,av,1,1.7322916666666666,0.30735416666666665,1.6721489910483123,0.5196875,1.7542708333333332,0.29935416666666664,1.6876674267508904,-0.02197916666666666,0.008000000000000007,0.03333333333333344,0.0,1.7737373737373736,1.4833333333333334,0.38333333333333336,True,25
lanes-2_density-0.300_av-0.250_policy-anticipatory_seed-6,200,2,400,120,0.3,0.25,0.25,anticipatory,6,200,400,0,100,8,0,human,1,1.7159791666666666,0.3127916666666667,1.6929445746684402,0.5147937499999999,1.7377291666666668,0.28560416666666666,1.6357673561102668,-0.021750000000000158,0.02718750000000003,0.04166666666666674,-0.033333333333333326,1.734006734006734,1.5,0.4,True,39
lanes-2_density-0.300_av-0.250_policy-anticipatory_seed-7,200,2,400,120,0.3,0.25,0.25,anticipatory,7,200,400,0,100,8,0,av,0,1.7245416666666666,0.32839583333333333,1.760373361893405,0.5173625,1.7276041666666666,0.32427083333333334,1.7360120996072115,-0.003062499999999968,0.00412499999999999,-0.04166666666666652,-0.016666666666666663,1.7443602693602693,1.4166666666666667,0.4166666666666667,True,22
lanes-2_density-0.300_av-0.250_policy-anticipatory_seed-8,200,2,400,120,0.3,0.25,0.25,anticipatory,8,200,400,0,100,8,0,av,0,1.7263125,0.30120833333333336,1.644178919403365,0.5178937499999999,1.720625,0.29883333333333334,1.64313966013493,0.0056874999999998455,0.002375000000000016,0.033333333333333215,0.033333333333333326,1.6712962962962965,1.525,0.4166666666666667,True,20
lanes-2_density-0.300_av-0.250_policy-anticipatory_seed-9,200,2,400,120,0.3,0.25,0.25,anticipatory,9,200,400,0,100,8,0,human,1,1.7631875,0.25325,1.5422869403941721,0.5289562499999999,1.7522291666666667,0.2556875,1.5514258326292318,0.010958333333333181,-0.002437500000000037,0.016666666666666607,0.01666666666666672,1.760185185185185,1.5,0.38333333333333336,True,20
lanes-2_density-0.300_av-0.250_policy-anticipatory_seed-10,200,2,400,120,0.3,0.25,0.25,anticipatory,10,200,400,0,100,8,0,human,1,1.7360625,0.2735416666666667,1.6052334708987817,0.52081875,1.72975,0.30083333333333334,1.6737203880875682,0.006312500000000165,-0.02729166666666666,0.05833333333333335,-0.024999999999999967,1.6904882154882153,1.5083333333333333,0.38333333333333336,True,20
lanes-2_density-0.300_av-0.500_policy-reactive_seed-1,200,2,400,120,0.3,0.5,0.5,reactive,1,200,400,0,100,8,0,human,0,1.9242708333333334,0.22329166666666667,1.5930168214165135,0.57728125,1.9082916666666667,0.23939583333333334,1.665309655368601,0.015979166666666655,-0.01610416666666667,-0.02499999999999991,0.0,1.8831649831649833,1.675,0.325,True,20
lanes-2_density-0.300_av-0.500_policy-reactive_seed-2,200,2,400,120,0.3,0.5,0.5,reactive,2,200,400,0,100,8,0,human,1,1.9263958333333333,0.21764583333333334,1.5956383027854315,0.5779187499999999,1.9405,0.22310416666666666,1.6011068307059755,-0.014104166666666584,-0.005458333333333315,-0.09999999999999987,-0.025000000000000022,1.9318181818181819,1.6166666666666667,0.3,True,20
lanes-2_density-0.300_av-0.500_policy-reactive_seed-3,200,2,400,120,0.3,0.5,0.5,reactive,3,200,400,0,100,8,0,av,0,1.9408958333333333,0.21679166666666666,1.578338534920811,0.58226875,1.9291041666666666,0.24266666666666667,1.6427475807771885,0.011791666666666645,-0.02587500000000001,0.07499999999999996,-0.06666666666666665,1.9671717171717171,1.7083333333333333,0.3,True,20
lanes-2_density-0.300_av-0.500_policy-reactive_seed-4,200,2,400,120,0.3,0.5,0.5,reactive,4,200,400,0,100,8,0,human,0,1.9305208333333332,0.22841666666666666,1.6126407366178326,0.5791562499999999,1.9187083333333332,0.23058333333333333,1.6164441422240843,0.011812500000000004,-0.002166666666666678,0.008333333333333304,0.00833333333333336,1.9457070707070707,1.7083333333333333,0.325,True,20
lanes-2_density-0.300_av-0.500_policy-reactive_seed-5,200,2,400,120,0.3,0.5,0.5,reactive,5,200,400,0,100,8,0,av,0,1.9274791666666666,0.22925,1.6088074968951296,0.57824375,1.9178541666666666,0.2105625,1.5654412249371226,0.009624999999999995,0.018687499999999996,0.08333333333333326,0.0,1.9096801346801346,1.75,0.30833333333333335,True,20
lanes-2_density-0.300_av-0.500_policy-reactive_seed-6,200,2,400,120,0.3,0.5,0.5,reactive,6,200,400,0,100,8,0,human,0,1.9065625,0.28322916666666664,1.777896303761016,0.5719687499999999,1.91175,0.2557291666666667,1.718636650807843,-0.005187500000000123,0.02749999999999997,0.02499999999999991,0.05833333333333335,1.8956228956228955,1.65,0.39166666666666666,True,20
lanes-2_density-0.300_av-0.500_policy-reactive_seed-7,200,2,400,120,0.3,0.5,0.5,reactive,7,200,400,0,100,8,0,av,0,1.942,0.26258333333333334,1.7113623228293884,0.5826,1.940375,0.24466666666666667,1.6826773881847743,0.0016249999999999876,0.017916666666666664,-0.03333333333333344,0.008333333333333304,1.987962962962963,1.6416666666666666,0.35,True,20
lanes-2_density-0.300_av-0.500_policy-reactive_seed-8,200,2,400,120,0.3,0.5,0.5,reactive,8,200,400,0,100,8,0,av,1,1.9131875,0.24585416666666668,1.690471164057647,0.57395625,1.9122916666666667,0.23333333333333334,1.650938798057201,0.0008958333333333179,0.012520833333333342,-0.016666666666666607,0.024999999999999967,1.9303872053872053,1.625,0.35,True,20
lanes-2_density-0.300_av-0.500_policy-reactive_seed-9,200,2,400,120,0.3,0.5,0.5,reactive,9,200,400,0,100,8,0,av,0,1.931,0.25635416666666666,1.7463740530978273,0.5793,1.9251041666666666,0.27458333333333335,1.7800266236256053,0.005895833333333433,-0.018229166666666685,-0.07499999999999996,0.025000000000000022,1.951010101010101,1.625,0.38333333333333336,True,20
lanes-2_density-0.300_av-0.500_policy-reactive_seed-10,200,2,400,120,0.3,0.5,0.5,reactive,10,200,400,0,100,8,0,human,1,1.9110625,0.21247916666666666,1.5678098166211838,0.57331875,1.9222916666666667,0.24560416666666668,1.6639820957361757,-0.011229166666666623,-0.033125000000000016,-0.125,0.05833333333333335,1.9056397306397306,1.575,0.39166666666666666,True,28
lanes-2_density-0.300_av-0.500_policy-anticipatory_seed-1,200,2,400,120,0.3,0.5,0.5,anticipatory,1,200,400,0,100,8,0,human,1,1.87125,0.2875625,1.7496685698059122,0.561375,1.8624791666666667,0.3054791666666667,1.7924216915668325,0.008770833333333394,-0.017916666666666692,0.02499999999999991,-0.016666666666666663,1.8497474747474747,1.5666666666666667,0.39166666666666666,True,20
lanes-2_density-0.300_av-0.500_policy-anticipatory_seed-2,200,2,400,120,0.3,0.5,0.5,anticipatory,2,200,400,0,100,8,0,human,1,1.8671458333333333,0.2708125,1.680908664105808,0.5601437499999999,1.86075,0.29414583333333333,1.7506263938468805,0.006395833333333378,-0.023333333333333317,0.0,-0.03333333333333338,1.8484006734006735,1.6166666666666667,0.36666666666666664,True,20
lanes-2_density-0.300_av-0.500_policy-anticipatory_seed-3,200,2,400,120,0.3,0.5,0.5,anticipatory,3,200,400,0,100,8,0,av,1,1.8636875,0.2635625,1.6564086861874046,0.5591062499999999,1.8592708333333334,0.29960416666666667,1.7525361056621074,0.004416666666666513,-0.036041666666666694,0.06666666666666665,-0.07500000000000001,1.8670875420875421,1.6416666666666666,0.35,True,20
lanes-2_density-0.300_av-0.500_policy-anticipatory_seed-4,200,2,400,120,0.3,0.5,0.5,anticipatory,4,200,400,0,100,8,0,human,0,1.8770208333333334,0.28102083333333333,1.711742861695638,0.56310625,1.8984375,0.29985416666666664,1.7712394601691823,-0.02141666666666664,-0.018833333333333313,-0.06666666666666665,-0.041666666666666685,1.8461279461279463,1.5666666666666667,0.36666666666666664,True,20
lanes-2_density-0.300_av-0.500_policy-anticipatory_seed-5,200,2,400,120,0.3,0.5,0.5,anticipatory,5,200,400,0,100,8,0,av,1,1.8612083333333334,0.29104166666666664,1.7479593454265145,0.5583625,1.8955416666666667,0.2821666666666667,1.710142817602443,-0.03433333333333333,0.008874999999999966,-0.07499999999999996,0.00833333333333336,1.8461279461279463,1.6166666666666667,0.35833333333333334,True,20
lanes-2_density-0.300_av-0.500_policy-anticipatory_seed-6,200,2,400,120,0.3,0.5,0.5,anticipatory,6,200,400,0,100,8,0,human,0,1.8422083333333332,0.355,1.8953500441687692,0.5526625,1.885625,0.3805625,1.9619722286621863,-0.04341666666666688,-0.025562500000000044,0.016666666666666607,-0.04166666666666663,1.888047138047138,1.5833333333333333,0.4166666666666667,True,22
lanes-2_density-0.300_av-0.500_policy-anticipatory_seed-7,200,2,400,120,0.3,0.5,0.5,anticipatory,7,200,400,0,100,8,0,av,0,1.8770833333333334,0.2897708333333333,1.729539869364746,0.563125,1.8550416666666667,0.28027083333333336,1.7058806371677617,0.022041666666666737,0.009499999999999953,0.3500000000000001,0.00833333333333336,1.8366161616161616,1.6916666666666667,0.375,True,20
lanes-2_density-0.300_av-0.500_policy-anticipatory_seed-8,200,2,400,120,0.3,0.5,0.5,anticipatory,8,200,400,0,100,8,0,av,1,1.8532083333333333,0.3277291666666667,1.850313632855402,0.5559625,1.8611458333333333,0.3157916666666667,1.8173787039944753,-0.00793749999999993,0.01193749999999999,-0.025000000000000133,0.041666666666666685,1.8493265993265995,1.575,0.4666666666666667,True,20
lanes-2_density-0.300_av-0.500_policy-anticipatory_seed-9,200,2,400,120,0.3,0.5,0.5,anticipatory,9,200,400,0,100,8,0,av,1,1.8895208333333333,0.25845833333333335,1.6640132773106024,0.56685625,1.88225,0.25216666666666665,1.6296886013898484,0.0072708333333333375,0.006291666666666695,-0.09166666666666656,0.016666666666666663,1.8635521885521886,1.625,0.3333333333333333,True,20
lanes-2_density-0.300_av-0.500_policy-anticipatory_seed-10,200,2,400,120,0.3,0.5,0.5,anticipatory,10,200,400,0,100,8,0,human,0,1.8334583333333334,0.3143125,1.7859793410331548,0.5500375,1.8567291666666668,0.322625,1.8180674634482916,-0.02327083333333335,-0.0083125,-0.08333333333333326,-0.05833333333333335,1.8401515151515153,1.4916666666666667,0.425,True,20
lanes-2_density-0.300_av-0.750_policy-reactive_seed-1,200,2,400,120,0.3,0.75,0.75,reactive,1,200,400,0,100,8,0,av,1,2.0943958333333335,0.22302083333333333,1.7349429174037125,0.62831875,2.099270833333333,0.20214583333333333,1.6832382882356969,-0.004874999999999741,0.020875000000000005,0.008333333333333304,0.033333333333333326,2.130976430976431,1.8833333333333333,0.31666666666666665,True,20
lanes-2_density-0.300_av-0.750_policy-reactive_seed-2,200,2,400,120,0.3,0.75,0.75,reactive,2,200,400,0,100,8,0,av,0,2.122333333333333,0.18485416666666668,1.6078690521584427,0.6366999999999999,2.1140625,0.1938125,1.6297654982932617,0.008270833333333005,-0.008958333333333318,-0.06666666666666665,-0.024999999999999967,2.128703703703704,1.8833333333333333,0.275,True,20
lanes-2_density-0.300_av-0.750_policy-reactive_seed-3,200,2,400,120,0.3,0.75,0.75,reactive,3,200,400,0,100,8,0,av,0,2.1193333333333335,0.20902083333333332,1.7009461746007393,0.6358,2.1040625,0.2225,1.737018565270317,0.015270833333333567,-0.013479166666666681,0.025000000000000133,0.008333333333333304,2.0988215488215487,1.9166666666666667,0.3,True,22
lanes-2_density-0.300_av-0.750_policy-reactive_seed-4,200,2,400,120,0.3,0.75,0.75,reactive,4,200,400,0,100,8,0,human,0,2.108416666666667,0.19079166666666666,1.6677192488712107,0.632525,2.110895833333333,0.1949375,1.693976469971166,-0.002479166666666366,-0.004145833333333349,0.016666666666666607,-0.016666666666666663,2.079208754208754,1.9,0.25833333333333336,True,20
lanes-2_density-0.300_av-0.750_policy-reactive_seed-5,200,2,400,120,0.3,0.75,0.75,reactive,5,200,400,0,100,8,0,av,0,2.109375,0.2335625,1.7617686499769676,0.6328125,2.0991458333333335,0.23858333333333334,1.7630653051998117,0.010229166666666512,-0.0050208333333333355,0.050000000000000044,-0.016666666666666663,2.1025252525252527,1.925,0.3,True,20
lanes-2_density-0.300_av-0.750_policy-reactive_seed-6,200,2,400,120,0.3,0.75,0.75,reactive,6,200,400,0,100,8,0,human,0,2.117875,0.20220833333333332,1.656509025342653,0.6353625,2.1346041666666666,0.18870833333333334,1.6493769182075915,-0.016729166666666462,0.013499999999999984,-0.09166666666666679,0.04999999999999999,2.1731481481481483,1.8333333333333333,0.31666666666666665,True,23
lanes-2_density-0.300_av-0.750_policy-reactive_seed-7,200,2,400,120,0.3,0.75,0.75,reactive,7,200,400,0,100,8,0,av,0,2.1009583333333333,0.21554166666666666,1.6865568717351995,0.6302875,2.1203958333333333,0.18791666666666668,1.6306902454633454,-0.019437499999999996,0.027624999999999983,-0.07499999999999996,0.033333333333333326,2.132323232323232,1.8583333333333334,0.325,True,20
lanes-2_density-0.300_av-0.750_policy-reactive_seed-8,200,2,400,120,0.3,0.75,0.75,reactive,8,200,400,0,100,8,0,av,1,2.0935625,0.21139583333333334,1.692869917800464,0.62806875,2.1163958333333333,0.19972916666666668,1.689481530918871,-0.02283333333333326,0.011666666666666659,-0.10833333333333339,0.016666666666666663,2.0805555555555557,1.7583333333333333,0.30833333333333335,True,20
lanes-2_density-0.300_av-0.750_policy-reactive_seed-9,200,2,400,120,0.3,0.75,0.75,reactive,9,200,400,0,100,8,0,av,0,2.1083541666666665,0.21495833333333333,1.670338351322661,0.6325062499999999,2.121541666666667,0.19391666666666665,1.6369110004101899,-0.013187500000000352,0.02104166666666668,0.04166666666666674,0.024999999999999967,2.121296296296296,1.9083333333333334,0.31666666666666665,True,20
lanes-2_density-0.300_av-0.750_policy-reactive_seed-10,200,2,400,120,0.3,0.75,0.75,reactive,10,200,400,0,100,8,0,av,1,2.1253125,0.1796875,1.582543083355737,0.6375937500000001,2.123083333333333,0.209875,1.6950960129312898,0.0022291666666669485,-0.030187500000000006,-0.058333333333333126,-0.008333333333333304,2.1186868686868685,1.9083333333333334,0.275,True,20
lanes-2_density-0.300_av-0.750_policy-anticipatory_seed-1,200,2,400,120,0.3,0.75,0.75,anticipatory,1,200,400,0,100,8,0,av,0,2.0340625,0.2524166666666667,1.74575263026975,0.61021875,2.031625,0.29183333333333333,1.8188594941267453,0.0024375000000000924,-0.039416666666666655,0.11666666666666647,-0.125,2.04040404040404,1.775,0.3333333333333333,True,20
lanes-2_density-0.300_av-0.750_policy-anticipatory_seed-2,200,2,400,120,0.3,0.75,0.75,anticipatory,2,200,400,0,100,8,0,av,1,2.050145833333333,0.2936666666666667,1.8554328952383696,0.6150437499999999,2.058625,0.316375,1.9015510623457719,-0.008479166666667037,-0.02270833333333333,-0.08333333333333326,-0.04999999999999999,2.068855218855219,1.7833333333333334,0.39166666666666666,True,20
lanes-2_density-0.300_av-0.750_policy-anticipatory_seed-3,200,2,400,120,0.3,0.75,0.75,anticipatory,3,200,400,0,100,8,0,av,0,2.055458333333333,0.2855,1.8210938214702783,0.6166375,2.0844583333333335,0.3295625,1.9608013132213462,-0.02900000000000036,-0.044062500000000004,-0.07500000000000018,-0.04166666666666663,2.0665824915824915,1.775,0.38333333333333336,True,50
lanes-2_density-0.300_av-0.750_policy-anticipatory_seed-4,200,2,400,120,0.3,0.75,0.75,anticipatory,4,200,400,0,100,8,0,human,1,2.051833333333333,0.2864375,1.8368736952284503,0.6155499999999999,2.0627291666666667,0.2570208333333333,1.7839102794094324,-0.010895833333333549,0.029416666666666702,-0.05833333333333335,0.025000000000000022,2.0408249158249157,1.825,0.38333333333333336,True,22
lanes-2_density-0.300_av-0.750_policy-anticipatory_seed-5,200,2,400,120,0.3,0.75,0.75,anticipatory,5,200,400,0,100,8,0,av,1,2.054666666666667,0.35033333333333333,2.0007006828164533,0.6164000000000001,2.0517083333333335,0.3523541666666667,1.9958480858014276,0.002958333333333396,-0.0020208333333333606,0.1166666666666667,-0.016666666666666663,2.0337542087542086,1.875,0.4083333333333333,True,20
lanes-2_density-0.300_av-0.750_policy-anticipatory_seed-6,200,2,400,120,0.3,0.75,0.75,anticipatory,6,200,400,0,100,8,0,human,0,2.0615833333333335,0.30885416666666665,1.8870168237341063,0.618475,2.068125,0.3534791666666667,1.9740252407306413,-0.006541666666666668,-0.044625000000000026,0.1416666666666666,-0.041666666666666685,2.1066498316498317,1.8416666666666666,0.425,True,20
lanes-2_density-0.300_av-0.750_policy-anticipatory_seed-7,200,2,400,120,0.3,0.75,0.75,anticipatory,7,200,400,0,100,8,0,av,1,2.036583333333333,0.30433333333333334,1.896530602544786,0.6109749999999999,2.0572291666666667,0.29825,1.8639663773297983,-0.020645833333333474,0.0060833333333333295,0.04166666666666674,-0.00833333333333336,2.0774410774410774,1.8666666666666667,0.39166666666666666,True,41
lanes-2_density-0.300_av-0.750_policy-anticipatory_seed-8,200,2,400,120,0.3,0.75,0.75,anticipatory,8,200,400,0,100,8,0,av,1,2.0439375,0.2730625,1.7687468245701767,0.61318125,2.0558958333333335,0.301875,1.8486314277908327,-0.011958333333333293,-0.02881250000000002,0.18333333333333335,-0.04999999999999999,2.011447811447811,1.9,0.3416666666666667,True,20
lanes-2_density-0.300_av-0.750_policy-anticipatory_seed-9,200,2,400,120,0.3,0.75,0.75,anticipatory,9,200,400,0,100,8,0,av,1,2.0232916666666667,0.3157083333333333,1.894058472767905,0.6069875,2.0253958333333335,0.33766666666666667,1.9411768470825386,-0.0021041666666667957,-0.021958333333333357,-0.050000000000000044,-0.00833333333333336,1.9993265993265994,1.7666666666666666,0.425,True,20
lanes-2_density-0.300_av-0.750_policy-anticipatory_seed-10,200,2,400,120,0.3,0.75,0.75,anticipatory,10,200,400,0,100,8,0,av,0,2.0225208333333335,0.30010416666666667,1.878821965682922,0.60675625,2.0662083333333334,0.24527083333333333,1.726047929982601,-0.04368749999999988,0.054833333333333345,-0.10000000000000009,0.15000000000000002,2.043855218855219,1.625,0.45,True,20
lanes-2_density-0.300_av-1.000_policy-reactive_seed-1,200,2,400,120,0.3,1.0,1.0,reactive,1,200,400,0,100,8,0,av,0,2.3298125,0.1101875,1.3991793600215867,0.69894375,2.3333333333333335,0.06666666666666667,1.227010821287064,-0.0035208333333334174,0.04352083333333333,-0.17500000000000027,0.06666666666666667,2.3333333333333335,2.158333333333333,0.13333333333333333,True,20
lanes-2_density-0.300_av-1.000_policy-reactive_seed-2,200,2,400,120,0.3,1.0,1.0,reactive,2,200,400,0,100,8,0,av,0,2.3296041666666665,0.11625,1.4407776580661704,0.6988812499999999,2.3333333333333335,0.06666666666666667,1.2405196043952265,-0.0037291666666670054,0.04958333333333334,-0.16666666666666696,0.06666666666666667,2.3333333333333335,2.1666666666666665,0.13333333333333333,True,20
lanes-2_density-0.300_av-1.000_policy-reactive_seed-3,200,2,400,120,0.3,1.0,1.0,reactive,3,200,400,0,100,8,0,av,0,2.3324375,0.05997916666666667,1.2113378864959259,0.69973125,2.3333333333333335,0.016666666666666666,1.0826921179274476,-0.0008958333333333179,0.043312500000000004,-0.050000000000000266,0.058333333333333334,2.3333333333333335,2.283333333333333,0.075,True,20
lanes-2_density-0.300_av-1.000_policy-reactive_seed-4,200,2,400,120,0.3,1.0,1.0,reactive,4,200,400,0,100,8,0,av,0,2.3291458333333335,0.09958333333333333,1.41753031257394,0.69874375,2.3333333333333335,0.05,1.2133516482134197,-0.004187500000000011,0.049583333333333326,-0.16666666666666696,0.06666666666666667,2.3333333333333335,2.1666666666666665,0.11666666666666667,True,20
lanes-2_density-0.300_av-1.000_policy-reactive_seed-5,200,2,400,120,0.3,1.0,1.0,reactive,5,200,400,0,100,8,0,av,0,2.332291666666667,0.07889583333333333,1.3171777587948745,0.6996875,2.3333333333333335,0.041666666666666664,1.1995369476964388,-0.0010416666666666075,0.03722916666666667,-0.05833333333333357,0.05833333333333334,2.3333333333333335,2.275,0.1,True,20
lanes-2_density-0.300_av-1.000_policy-reactive_seed-6,200,2,400,120,0.3,1.0,1.0,reactive,6,200,400,0,100,8,0,av,0,2.3307291666666665,0.10791666666666666,1.4199961449417056,0.6992187499999999,2.3333333333333335,0.058333333333333334,1.2405196043952265,-0.0026041666666669627,0.049583333333333326,-0.125,0.06666666666666667,2.3333333333333335,2.2083333333333335,0.125,True,20
lanes-2_density-0.300_av-1.000_policy-reactive_seed-7,200,2,400,120,0.3,1.0,1.0,reactive,7,200,400,0,100,8,0,av,0,2.3283958333333334,0.12458333333333334,1.4946048563581298,0.69851875,2.3333333333333335,0.075,1.2605113600792692,-0.004937500000000039,0.04958333333333334,-0.18333333333333357,0.06666666666666667,2.3333333333333335,2.15,0.14166666666666666,True,20
lanes-2_density-0.300_av-1.000_policy-reactive_seed-8,200,2,400,120,0.3,1.0,1.0,reactive,8,200,400,0,100,8,0,av,0,2.3287708333333335,0.07458333333333333,1.307420069889286,0.69863125,2.3333333333333335,0.025,1.1055415967851332,-0.004562500000000025,0.04958333333333333,-0.18333333333333357,0.06666666666666665,2.3333333333333335,2.15,0.09166666666666666,True,20
lanes-2_density-0.300_av-1.000_policy-reactive_seed-9,200,2,400,120,0.3,1.0,1.0,reactive,9,200,400,0,100,8,0,av,1,2.330791666666667,0.08522916666666666,1.4200622779525864,0.6992375000000001,2.3333333333333335,0.041666666666666664,1.2931443160847216,-0.0025416666666666643,0.0435625,-0.1333333333333333,0.06666666666666668,2.3333333333333335,2.2,0.10833333333333334,True,20
lanes-2_density-0.300_av-1.000_policy-reactive_seed-10,200,2,400,120,0.3,1.0,1.0,reactive,10,200,400,0,100,8,0,av,0,2.330791666666667,0.07670833333333334,1.3546654715945763,0.6992375000000001,2.3333333333333335,0.03333333333333333,1.2064640713902572,-0.0025416666666666643,0.043375000000000004,-0.1333333333333333,0.05833333333333333,2.3333333333333335,2.2,0.09166666666666666,True,20
lanes-2_density-0.300_av-1.000_policy-anticipatory_seed-1,200,2,400,120,0.3,1.0,1.0,anticipatory,1,200,400,0,100,8,0,av,0,2.3312916666666665,0.22458333333333333,1.8190187368277864,0.6993874999999999,2.3333333333333335,0.175,1.6898389140848769,-0.0020416666666669414,0.04958333333333334,-0.10833333333333339,0.06666666666666668,2.3333333333333335,2.225,0.24166666666666667,True,20
lanes-2_density-0.300_av-1.000_policy-anticipatory_seed-2,200,2,400,120,0.3,1.0,1.0,anticipatory,2,200,400,0,100,8,0,av,0,2.329625,0.2584166666666667,1.8435285078823707,0.6988875,2.3333333333333335,0.23333333333333334,1.8135294011647258,-0.0037083333333334245,0.025083333333333346,-0.20833333333333348,0.05833333333333335,2.3333333333333335,2.125,0.2916666666666667,True,20
lanes-2_density-0.300_av-1.000_policy-anticipatory_seed-3,200,2,400,120,0.3,1.0,1.0,anticipatory,3,200,400,0,100,8,0,av,0,2.327,0.21766666666666667,1.7993483079530026,0.6980999999999999,2.3333333333333335,0.19166666666666668,1.757523510195209,-0.006333333333333524,0.025999999999999995,-0.17500000000000027,0.06666666666666668,2.3333333333333335,2.158333333333333,0.25833333333333336,True,20
lanes-2_density-0.300_av-1.000_policy-anticipatory_seed-4,200,2,400,120,0.3,1.0,1.0,anticipatory,4,200,400,0,100,8,0,av,1,2.3196458333333334,0.26179166666666664,1.9422853483888438,0.69589375,2.3333333333333335,0.23333333333333334,1.876758434701233,-0.013687500000000075,0.028458333333333308,-0.28333333333333366,0.06666666666666665,2.3333333333333335,2.05,0.3,True,21
lanes-2_density-0.300_av-1.000_policy-anticipatory_seed-5,200,2,400,120,0.3,1.0,1.0,anticipatory,5,200,400,0,100,8,0,av,1,2.3311458333333333,0.22947916666666668,1.8236264064767502,0.6993437499999999,2.3333333333333335,0.21666666666666667,1.7622586517181738,-0.002187500000000231,0.012812500000000004,-0.125,0.041666666666666685,2.3333333333333335,2.2083333333333335,0.25833333333333336,True,20
lanes-2_density-0.300_av-1.000_policy-anticipatory_seed-6,200,2,400,120,0.3,1.0,1.0,anticipatory,6,200,400,0,100,8,0,av,0,2.3308125,0.21052083333333332,1.7721575145879152,0.6992437499999999,2.3333333333333335,0.19166666666666668,1.7094508539944113,-0.0025208333333335275,0.018854166666666644,-0.09166666666666679,0.033333333333333326,2.3333333333333335,2.2416666666666667,0.225,True,20
lanes-2_density-0.300_av-1.000_policy-anticipatory_seed-7,200,2,400,120,0.3,1.0,1.0,anticipatory,7,200,400,0,100,8,0,av,0,2.3250208333333333,0.2655416666666667,1.9068754437296909,0.69750625,2.3333333333333335,0.2833333333333333,1.9379255804998177,-0.008312500000000167,-0.01779166666666665,-0.1166666666666667,0.025000000000000022,2.3333333333333335,2.216666666666667,0.30833333333333335,True,20
lanes-2_density-0.300_av-1.000_policy-anticipatory_seed-8,200,2,400,120,0.3,1.0,1.0,anticipatory,8,200,400,0,100,8,0,av,0,2.3197916666666667,0.23714583333333333,1.8924256806007527,0.6959375,2.3333333333333335,0.21666666666666667,1.8135294011647258,-0.013541666666666785,0.02047916666666666,-0.15833333333333366,0.04999999999999999,2.3333333333333335,2.175,0.26666666666666666,True,20
lanes-2_density-0.300_av-1.000_policy-anticipatory_seed-9,200,2,400,120,0.3,1.0,1.0,anticipatory,9,200,400,0,100,8,0,av,0,2.3273333333333333,0.2886875,1.9390340092140954,0.6981999999999999,2.3333333333333335,0.275,1.894436298451043,-0.006000000000000227,0.013687499999999964,-0.18333333333333357,0.06666666666666665,2.3333333333333335,2.15,0.3416666666666667,True,20
lanes-2_density-0.300_av-1.000_policy-anticipatory_seed-10,200,2,400,120,0.3,1.0,1.0,anticipatory,10,200,400,0,100,8,0,av,0,2.3302708333333335,0.2608958333333333,1.8969010719194888,0.69908125,2.3333333333333335,0.24166666666666667,1.8454147380888546,-0.003062499999999968,0.01922916666666666,-0.09166666666666679,0.04166666666666666,2.3333333333333335,2.2416666666666667,0.2833333333333333,True,20
